ISO-10303-21;
HEADER;

FILE_DESCRIPTION((''), '2;1');

FILE_NAME(
    'output_file',
    '2009-06-07T17:44:47-07:00',
    (''),
    (''),
    'SolveSpace',
    '',
    ''
);

FILE_SCHEMA (('CONFIG_CONTROL_DESIGN'));
ENDSEC;

DATA;

/**********************************************************
 * This defines the units and tolerances for the file. It
 * is always the same, independent of the actual data.
 **********************************************************/
#158=(
LENGTH_UNIT()
NAMED_UNIT(*)
SI_UNIT(.MILLI.,.METRE.)
);
#161=(
NAMED_UNIT(*)
PLANE_ANGLE_UNIT()
SI_UNIT($,.RADIAN.)
);
#166=(
NAMED_UNIT(*)
SI_UNIT($,.STERADIAN.)
SOLID_ANGLE_UNIT()
);
#167=UNCERTAINTY_MEASURE_WITH_UNIT(LENGTH_MEASURE(0.001),#158,
'DISTANCE_ACCURACY_VALUE',
'string');
#168=(
GEOMETRIC_REPRESENTATION_CONTEXT(3)
GLOBAL_UNCERTAINTY_ASSIGNED_CONTEXT((#167))
GLOBAL_UNIT_ASSIGNED_CONTEXT((#166,#161,#158))
REPRESENTATION_CONTEXT('ID1','3D')
);
#169=SHAPE_REPRESENTATION('',(#170),#168);
#170=AXIS2_PLACEMENT_3D('',#173,#171,#172);
#171=DIRECTION('',(0.,0.,1.));
#172=DIRECTION('',(1.,0.,0.));
#173=CARTESIAN_POINT('',(0.,0.,0.));

#200=(
BOUNDED_CURVE()
B_SPLINE_CURVE(2,(#201,#202,#203),.UNSPECIFIED.,.F.,.F.)
B_SPLINE_CURVE_WITH_KNOTS((3,3),(0.000,1.000),.UNSPECIFIED.)
CURVE()
GEOMETRIC_REPRESENTATION_ITEM()
RATIONAL_B_SPLINE_CURVE((1.0000000000,0.7071067812,1.0000000000))
REPRESENTATION_ITEM('')
);
#201=CARTESIAN_POINT('',(20.5000002592,8.3999997408,0.0000000000));
#202=CARTESIAN_POINT('',(20.5000002592,9.9999997408,0.0000000000));
#203=CARTESIAN_POINT('',(18.9000002592,9.9999997408,0.0000000000));

#204=(
BOUNDED_CURVE()
B_SPLINE_CURVE(2,(#205,#206,#207),.UNSPECIFIED.,.F.,.F.)
B_SPLINE_CURVE_WITH_KNOTS((3,3),(0.000,1.000),.UNSPECIFIED.)
CURVE()
GEOMETRIC_REPRESENTATION_ITEM()
RATIONAL_B_SPLINE_CURVE((1.0000000000,0.7071067812,1.0000000000))
REPRESENTATION_ITEM('')
);
#205=CARTESIAN_POINT('',(18.9000002592,9.9999997408,0.0000000000));
#206=CARTESIAN_POINT('',(17.3000002592,9.9999997408,0.0000000000));
#207=CARTESIAN_POINT('',(17.3000002592,8.3999997408,0.0000000000));

#208=(
BOUNDED_CURVE()
B_SPLINE_CURVE(2,(#209,#210,#211),.UNSPECIFIED.,.F.,.F.)
B_SPLINE_CURVE_WITH_KNOTS((3,3),(0.000,1.000),.UNSPECIFIED.)
CURVE()
GEOMETRIC_REPRESENTATION_ITEM()
RATIONAL_B_SPLINE_CURVE((1.0000000000,0.7071067812,1.0000000000))
REPRESENTATION_ITEM('')
);
#209=CARTESIAN_POINT('',(17.3000002592,8.3999997408,0.0000000000));
#210=CARTESIAN_POINT('',(17.3000002592,6.7999997408,0.0000000000));
#211=CARTESIAN_POINT('',(18.9000002592,6.7999997408,0.0000000000));

#212=(
BOUNDED_CURVE()
B_SPLINE_CURVE(2,(#213,#214,#215),.UNSPECIFIED.,.F.,.F.)
B_SPLINE_CURVE_WITH_KNOTS((3,3),(0.000,1.000),.UNSPECIFIED.)
CURVE()
GEOMETRIC_REPRESENTATION_ITEM()
RATIONAL_B_SPLINE_CURVE((1.0000000000,0.7071067812,1.0000000000))
REPRESENTATION_ITEM('')
);
#213=CARTESIAN_POINT('',(18.9000002592,6.7999997408,0.0000000000));
#214=CARTESIAN_POINT('',(20.5000002592,6.7999997408,0.0000000000));
#215=CARTESIAN_POINT('',(20.5000002592,8.3999997408,0.0000000000));

#216=(
BOUNDED_CURVE()
B_SPLINE_CURVE(1,(#217,#218),.UNSPECIFIED.,.F.,.F.)
B_SPLINE_CURVE_WITH_KNOTS((2,2),(0.000,1.000),.UNSPECIFIED.)
CURVE()
GEOMETRIC_REPRESENTATION_ITEM()
RATIONAL_B_SPLINE_CURVE((1.0000000000,1.0000000000))
REPRESENTATION_ITEM('')
);
#217=CARTESIAN_POINT('',(-25.9822868750,-5.7018250662,0.0000000000));
#218=CARTESIAN_POINT('',(-25.9991161011,-5.6860673888,0.0000000000));

#219=(
BOUNDED_CURVE()
B_SPLINE_CURVE(1,(#220,#221),.UNSPECIFIED.,.F.,.F.)
B_SPLINE_CURVE_WITH_KNOTS((2,2),(0.000,1.000),.UNSPECIFIED.)
CURVE()
GEOMETRIC_REPRESENTATION_ITEM()
RATIONAL_B_SPLINE_CURVE((1.0000000000,1.0000000000))
REPRESENTATION_ITEM('')
);
#220=CARTESIAN_POINT('',(-25.9991161011,-5.6860673888,0.0000000000));
#221=CARTESIAN_POINT('',(-26.0195680473,-5.6741681908,0.0000000000));

#222=(
BOUNDED_CURVE()
B_SPLINE_CURVE(1,(#223,#224),.UNSPECIFIED.,.F.,.F.)
B_SPLINE_CURVE_WITH_KNOTS((2,2),(0.000,1.000),.UNSPECIFIED.)
CURVE()
GEOMETRIC_REPRESENTATION_ITEM()
RATIONAL_B_SPLINE_CURVE((1.0000000000,1.0000000000))
REPRESENTATION_ITEM('')
);
#223=CARTESIAN_POINT('',(-26.0195680473,-5.6741681908,0.0000000000));
#224=CARTESIAN_POINT('',(-26.0425484933,-5.6667641034,0.0000000000));

#225=(
BOUNDED_CURVE()
B_SPLINE_CURVE(1,(#226,#227),.UNSPECIFIED.,.F.,.F.)
B_SPLINE_CURVE_WITH_KNOTS((2,2),(0.000,1.000),.UNSPECIFIED.)
CURVE()
GEOMETRIC_REPRESENTATION_ITEM()
RATIONAL_B_SPLINE_CURVE((1.0000000000,1.0000000000))
REPRESENTATION_ITEM('')
);
#226=CARTESIAN_POINT('',(-26.0425484933,-5.6667641034,0.0000000000));
#227=CARTESIAN_POINT('',(-26.0668279386,-5.6642512602,0.0000000000));

#228=(
BOUNDED_CURVE()
B_SPLINE_CURVE(1,(#229,#230),.UNSPECIFIED.,.F.,.F.)
B_SPLINE_CURVE_WITH_KNOTS((2,2),(0.000,1.000),.UNSPECIFIED.)
CURVE()
GEOMETRIC_REPRESENTATION_ITEM()
RATIONAL_B_SPLINE_CURVE((1.0000000000,1.0000000000))
REPRESENTATION_ITEM('')
);
#229=CARTESIAN_POINT('',(-26.0668279386,-5.6642512602,0.0000000000));
#230=CARTESIAN_POINT('',(-26.0911073839,-5.6667641034,0.0000000000));

#231=(
BOUNDED_CURVE()
B_SPLINE_CURVE(1,(#232,#233),.UNSPECIFIED.,.F.,.F.)
B_SPLINE_CURVE_WITH_KNOTS((2,2),(0.000,1.000),.UNSPECIFIED.)
CURVE()
GEOMETRIC_REPRESENTATION_ITEM()
RATIONAL_B_SPLINE_CURVE((1.0000000000,1.0000000000))
REPRESENTATION_ITEM('')
);
#232=CARTESIAN_POINT('',(-26.0911073839,-5.6667641034,0.0000000000));
#233=CARTESIAN_POINT('',(-26.1140878299,-5.6741681908,0.0000000000));

#234=(
BOUNDED_CURVE()
B_SPLINE_CURVE(1,(#235,#236),.UNSPECIFIED.,.F.,.F.)
B_SPLINE_CURVE_WITH_KNOTS((2,2),(0.000,1.000),.UNSPECIFIED.)
CURVE()
GEOMETRIC_REPRESENTATION_ITEM()
RATIONAL_B_SPLINE_CURVE((1.0000000000,1.0000000000))
REPRESENTATION_ITEM('')
);
#235=CARTESIAN_POINT('',(-26.1140878299,-5.6741681908,0.0000000000));
#236=CARTESIAN_POINT('',(-26.1345397761,-5.6860673888,0.0000000000));

#237=(
BOUNDED_CURVE()
B_SPLINE_CURVE(1,(#238,#239),.UNSPECIFIED.,.F.,.F.)
B_SPLINE_CURVE_WITH_KNOTS((2,2),(0.000,1.000),.UNSPECIFIED.)
CURVE()
GEOMETRIC_REPRESENTATION_ITEM()
RATIONAL_B_SPLINE_CURVE((1.0000000000,1.0000000000))
REPRESENTATION_ITEM('')
);
#238=CARTESIAN_POINT('',(-26.1345397761,-5.6860673888,0.0000000000));
#239=CARTESIAN_POINT('',(-26.1513690022,-5.7018250662,0.0000000000));

#240=(
BOUNDED_CURVE()
B_SPLINE_CURVE(1,(#241,#242),.UNSPECIFIED.,.F.,.F.)
B_SPLINE_CURVE_WITH_KNOTS((2,2),(0.000,1.000),.UNSPECIFIED.)
CURVE()
GEOMETRIC_REPRESENTATION_ITEM()
RATIONAL_B_SPLINE_CURVE((1.0000000000,1.0000000000))
REPRESENTATION_ITEM('')
);
#241=CARTESIAN_POINT('',(-26.1513690022,-5.7018250662,0.0000000000));
#242=CARTESIAN_POINT('',(-26.1879363710,-5.7729405769,0.0000000000));

#243=(
BOUNDED_CURVE()
B_SPLINE_CURVE(1,(#244,#245),.UNSPECIFIED.,.F.,.F.)
B_SPLINE_CURVE_WITH_KNOTS((2,2),(0.000,1.000),.UNSPECIFIED.)
CURVE()
GEOMETRIC_REPRESENTATION_ITEM()
RATIONAL_B_SPLINE_CURVE((1.0000000000,1.0000000000))
REPRESENTATION_ITEM('')
);
#244=CARTESIAN_POINT('',(-26.1879363710,-5.7729405769,0.0000000000));
#245=CARTESIAN_POINT('',(-26.2144544950,-5.8474947435,0.0000000000));

#246=(
BOUNDED_CURVE()
B_SPLINE_CURVE(1,(#247,#248),.UNSPECIFIED.,.F.,.F.)
B_SPLINE_CURVE_WITH_KNOTS((2,2),(0.000,1.000),.UNSPECIFIED.)
CURVE()
GEOMETRIC_REPRESENTATION_ITEM()
RATIONAL_B_SPLINE_CURVE((1.0000000000,1.0000000000))
REPRESENTATION_ITEM('')
);
#247=CARTESIAN_POINT('',(-26.2144544950,-5.8474947435,0.0000000000));
#248=CARTESIAN_POINT('',(-26.2305260032,-5.9243703802,0.0000000000));

#249=(
BOUNDED_CURVE()
B_SPLINE_CURVE(1,(#250,#251),.UNSPECIFIED.,.F.,.F.)
B_SPLINE_CURVE_WITH_KNOTS((2,2),(0.000,1.000),.UNSPECIFIED.)
CURVE()
GEOMETRIC_REPRESENTATION_ITEM()
RATIONAL_B_SPLINE_CURVE((1.0000000000,1.0000000000))
REPRESENTATION_ITEM('')
);
#250=CARTESIAN_POINT('',(-26.2305260032,-5.9243703802,0.0000000000));
#251=CARTESIAN_POINT('',(-26.2359100658,-6.0024155145,0.0000000000));

#252=(
BOUNDED_CURVE()
B_SPLINE_CURVE(1,(#253,#254),.UNSPECIFIED.,.F.,.F.)
B_SPLINE_CURVE_WITH_KNOTS((2,2),(0.000,1.000),.UNSPECIFIED.)
CURVE()
GEOMETRIC_REPRESENTATION_ITEM()
RATIONAL_B_SPLINE_CURVE((1.0000000000,1.0000000000))
REPRESENTATION_ITEM('')
);
#253=CARTESIAN_POINT('',(-26.2359100658,-6.0024155145,0.0000000000));
#254=CARTESIAN_POINT('',(-26.2305260032,-6.0804606488,0.0000000000));

#255=(
BOUNDED_CURVE()
B_SPLINE_CURVE(1,(#256,#257),.UNSPECIFIED.,.F.,.F.)
B_SPLINE_CURVE_WITH_KNOTS((2,2),(0.000,1.000),.UNSPECIFIED.)
CURVE()
GEOMETRIC_REPRESENTATION_ITEM()
RATIONAL_B_SPLINE_CURVE((1.0000000000,1.0000000000))
REPRESENTATION_ITEM('')
);
#256=CARTESIAN_POINT('',(-26.2305260032,-6.0804606488,0.0000000000));
#257=CARTESIAN_POINT('',(-26.2144544950,-6.1573362856,0.0000000000));

#258=(
BOUNDED_CURVE()
B_SPLINE_CURVE(1,(#259,#260),.UNSPECIFIED.,.F.,.F.)
B_SPLINE_CURVE_WITH_KNOTS((2,2),(0.000,1.000),.UNSPECIFIED.)
CURVE()
GEOMETRIC_REPRESENTATION_ITEM()
RATIONAL_B_SPLINE_CURVE((1.0000000000,1.0000000000))
REPRESENTATION_ITEM('')
);
#259=CARTESIAN_POINT('',(-26.2144544950,-6.1573362856,0.0000000000));
#260=CARTESIAN_POINT('',(-26.1879363710,-6.2318904521,0.0000000000));

#261=(
BOUNDED_CURVE()
B_SPLINE_CURVE(1,(#262,#263),.UNSPECIFIED.,.F.,.F.)
B_SPLINE_CURVE_WITH_KNOTS((2,2),(0.000,1.000),.UNSPECIFIED.)
CURVE()
GEOMETRIC_REPRESENTATION_ITEM()
RATIONAL_B_SPLINE_CURVE((1.0000000000,1.0000000000))
REPRESENTATION_ITEM('')
);
#262=CARTESIAN_POINT('',(-26.1879363710,-6.2318904521,0.0000000000));
#263=CARTESIAN_POINT('',(-26.1513690022,-6.3030059628,0.0000000000));

#264=(
BOUNDED_CURVE()
B_SPLINE_CURVE(1,(#265,#266),.UNSPECIFIED.,.F.,.F.)
B_SPLINE_CURVE_WITH_KNOTS((2,2),(0.000,1.000),.UNSPECIFIED.)
CURVE()
GEOMETRIC_REPRESENTATION_ITEM()
RATIONAL_B_SPLINE_CURVE((1.0000000000,1.0000000000))
REPRESENTATION_ITEM('')
);
#265=CARTESIAN_POINT('',(-26.1513690022,-6.3030059628,0.0000000000));
#266=CARTESIAN_POINT('',(-26.1345397761,-6.3187636402,0.0000000000));

#267=(
BOUNDED_CURVE()
B_SPLINE_CURVE(1,(#268,#269),.UNSPECIFIED.,.F.,.F.)
B_SPLINE_CURVE_WITH_KNOTS((2,2),(0.000,1.000),.UNSPECIFIED.)
CURVE()
GEOMETRIC_REPRESENTATION_ITEM()
RATIONAL_B_SPLINE_CURVE((1.0000000000,1.0000000000))
REPRESENTATION_ITEM('')
);
#268=CARTESIAN_POINT('',(-26.1345397761,-6.3187636402,0.0000000000));
#269=CARTESIAN_POINT('',(-26.1140878299,-6.3306628382,0.0000000000));

#270=(
BOUNDED_CURVE()
B_SPLINE_CURVE(1,(#271,#272),.UNSPECIFIED.,.F.,.F.)
B_SPLINE_CURVE_WITH_KNOTS((2,2),(0.000,1.000),.UNSPECIFIED.)
CURVE()
GEOMETRIC_REPRESENTATION_ITEM()
RATIONAL_B_SPLINE_CURVE((1.0000000000,1.0000000000))
REPRESENTATION_ITEM('')
);
#271=CARTESIAN_POINT('',(-26.1140878299,-6.3306628382,0.0000000000));
#272=CARTESIAN_POINT('',(-26.0911073839,-6.3380669256,0.0000000000));

#273=(
BOUNDED_CURVE()
B_SPLINE_CURVE(1,(#274,#275),.UNSPECIFIED.,.F.,.F.)
B_SPLINE_CURVE_WITH_KNOTS((2,2),(0.000,1.000),.UNSPECIFIED.)
CURVE()
GEOMETRIC_REPRESENTATION_ITEM()
RATIONAL_B_SPLINE_CURVE((1.0000000000,1.0000000000))
REPRESENTATION_ITEM('')
);
#274=CARTESIAN_POINT('',(-26.0911073839,-6.3380669256,0.0000000000));
#275=CARTESIAN_POINT('',(-26.0668279386,-6.3405797688,0.0000000000));

#276=(
BOUNDED_CURVE()
B_SPLINE_CURVE(1,(#277,#278),.UNSPECIFIED.,.F.,.F.)
B_SPLINE_CURVE_WITH_KNOTS((2,2),(0.000,1.000),.UNSPECIFIED.)
CURVE()
GEOMETRIC_REPRESENTATION_ITEM()
RATIONAL_B_SPLINE_CURVE((1.0000000000,1.0000000000))
REPRESENTATION_ITEM('')
);
#277=CARTESIAN_POINT('',(-26.0668279386,-6.3405797688,0.0000000000));
#278=CARTESIAN_POINT('',(-26.0425484933,-6.3380669256,0.0000000000));

#279=(
BOUNDED_CURVE()
B_SPLINE_CURVE(1,(#280,#281),.UNSPECIFIED.,.F.,.F.)
B_SPLINE_CURVE_WITH_KNOTS((2,2),(0.000,1.000),.UNSPECIFIED.)
CURVE()
GEOMETRIC_REPRESENTATION_ITEM()
RATIONAL_B_SPLINE_CURVE((1.0000000000,1.0000000000))
REPRESENTATION_ITEM('')
);
#280=CARTESIAN_POINT('',(-26.0425484933,-6.3380669256,0.0000000000));
#281=CARTESIAN_POINT('',(-26.0195680473,-6.3306628382,0.0000000000));

#282=(
BOUNDED_CURVE()
B_SPLINE_CURVE(1,(#283,#284),.UNSPECIFIED.,.F.,.F.)
B_SPLINE_CURVE_WITH_KNOTS((2,2),(0.000,1.000),.UNSPECIFIED.)
CURVE()
GEOMETRIC_REPRESENTATION_ITEM()
RATIONAL_B_SPLINE_CURVE((1.0000000000,1.0000000000))
REPRESENTATION_ITEM('')
);
#283=CARTESIAN_POINT('',(-26.0195680473,-6.3306628382,0.0000000000));
#284=CARTESIAN_POINT('',(-25.9991161011,-6.3187636402,0.0000000000));

#285=(
BOUNDED_CURVE()
B_SPLINE_CURVE(1,(#286,#287),.UNSPECIFIED.,.F.,.F.)
B_SPLINE_CURVE_WITH_KNOTS((2,2),(0.000,1.000),.UNSPECIFIED.)
CURVE()
GEOMETRIC_REPRESENTATION_ITEM()
RATIONAL_B_SPLINE_CURVE((1.0000000000,1.0000000000))
REPRESENTATION_ITEM('')
);
#286=CARTESIAN_POINT('',(-25.9991161011,-6.3187636402,0.0000000000));
#287=CARTESIAN_POINT('',(-25.9822868750,-6.3030059628,0.0000000000));

#288=(
BOUNDED_CURVE()
B_SPLINE_CURVE(1,(#289,#290),.UNSPECIFIED.,.F.,.F.)
B_SPLINE_CURVE_WITH_KNOTS((2,2),(0.000,1.000),.UNSPECIFIED.)
CURVE()
GEOMETRIC_REPRESENTATION_ITEM()
RATIONAL_B_SPLINE_CURVE((1.0000000000,1.0000000000))
REPRESENTATION_ITEM('')
);
#289=CARTESIAN_POINT('',(-25.9822868750,-6.3030059628,0.0000000000));
#290=CARTESIAN_POINT('',(-25.9457195062,-6.2318904521,0.0000000000));

#291=(
BOUNDED_CURVE()
B_SPLINE_CURVE(1,(#292,#293),.UNSPECIFIED.,.F.,.F.)
B_SPLINE_CURVE_WITH_KNOTS((2,2),(0.000,1.000),.UNSPECIFIED.)
CURVE()
GEOMETRIC_REPRESENTATION_ITEM()
RATIONAL_B_SPLINE_CURVE((1.0000000000,1.0000000000))
REPRESENTATION_ITEM('')
);
#292=CARTESIAN_POINT('',(-25.9457195062,-6.2318904521,0.0000000000));
#293=CARTESIAN_POINT('',(-25.9192013822,-6.1573362856,0.0000000000));

#294=(
BOUNDED_CURVE()
B_SPLINE_CURVE(1,(#295,#296),.UNSPECIFIED.,.F.,.F.)
B_SPLINE_CURVE_WITH_KNOTS((2,2),(0.000,1.000),.UNSPECIFIED.)
CURVE()
GEOMETRIC_REPRESENTATION_ITEM()
RATIONAL_B_SPLINE_CURVE((1.0000000000,1.0000000000))
REPRESENTATION_ITEM('')
);
#295=CARTESIAN_POINT('',(-25.9192013822,-6.1573362856,0.0000000000));
#296=CARTESIAN_POINT('',(-25.9031298740,-6.0804606488,0.0000000000));

#297=(
BOUNDED_CURVE()
B_SPLINE_CURVE(1,(#298,#299),.UNSPECIFIED.,.F.,.F.)
B_SPLINE_CURVE_WITH_KNOTS((2,2),(0.000,1.000),.UNSPECIFIED.)
CURVE()
GEOMETRIC_REPRESENTATION_ITEM()
RATIONAL_B_SPLINE_CURVE((1.0000000000,1.0000000000))
REPRESENTATION_ITEM('')
);
#298=CARTESIAN_POINT('',(-25.9031298740,-6.0804606488,0.0000000000));
#299=CARTESIAN_POINT('',(-25.8977458114,-6.0024155145,0.0000000000));

#300=(
BOUNDED_CURVE()
B_SPLINE_CURVE(1,(#301,#302),.UNSPECIFIED.,.F.,.F.)
B_SPLINE_CURVE_WITH_KNOTS((2,2),(0.000,1.000),.UNSPECIFIED.)
CURVE()
GEOMETRIC_REPRESENTATION_ITEM()
RATIONAL_B_SPLINE_CURVE((1.0000000000,1.0000000000))
REPRESENTATION_ITEM('')
);
#301=CARTESIAN_POINT('',(-25.8977458114,-6.0024155145,0.0000000000));
#302=CARTESIAN_POINT('',(-25.9031298740,-5.9243703802,0.0000000000));

#303=(
BOUNDED_CURVE()
B_SPLINE_CURVE(1,(#304,#305),.UNSPECIFIED.,.F.,.F.)
B_SPLINE_CURVE_WITH_KNOTS((2,2),(0.000,1.000),.UNSPECIFIED.)
CURVE()
GEOMETRIC_REPRESENTATION_ITEM()
RATIONAL_B_SPLINE_CURVE((1.0000000000,1.0000000000))
REPRESENTATION_ITEM('')
);
#304=CARTESIAN_POINT('',(-25.9031298740,-5.9243703802,0.0000000000));
#305=CARTESIAN_POINT('',(-25.9192013822,-5.8474947435,0.0000000000));

#306=(
BOUNDED_CURVE()
B_SPLINE_CURVE(1,(#307,#308),.UNSPECIFIED.,.F.,.F.)
B_SPLINE_CURVE_WITH_KNOTS((2,2),(0.000,1.000),.UNSPECIFIED.)
CURVE()
GEOMETRIC_REPRESENTATION_ITEM()
RATIONAL_B_SPLINE_CURVE((1.0000000000,1.0000000000))
REPRESENTATION_ITEM('')
);
#307=CARTESIAN_POINT('',(-25.9192013822,-5.8474947435,0.0000000000));
#308=CARTESIAN_POINT('',(-25.9457195062,-5.7729405769,0.0000000000));

#309=(
BOUNDED_CURVE()
B_SPLINE_CURVE(1,(#310,#311),.UNSPECIFIED.,.F.,.F.)
B_SPLINE_CURVE_WITH_KNOTS((2,2),(0.000,1.000),.UNSPECIFIED.)
CURVE()
GEOMETRIC_REPRESENTATION_ITEM()
RATIONAL_B_SPLINE_CURVE((1.0000000000,1.0000000000))
REPRESENTATION_ITEM('')
);
#310=CARTESIAN_POINT('',(-25.9457195062,-5.7729405769,0.0000000000));
#311=CARTESIAN_POINT('',(-25.9822868750,-5.7018250662,0.0000000000));

#312=(
BOUNDED_CURVE()
B_SPLINE_CURVE(1,(#313,#314),.UNSPECIFIED.,.F.,.F.)
B_SPLINE_CURVE_WITH_KNOTS((2,2),(0.000,1.000),.UNSPECIFIED.)
CURVE()
GEOMETRIC_REPRESENTATION_ITEM()
RATIONAL_B_SPLINE_CURVE((1.0000000000,1.0000000000))
REPRESENTATION_ITEM('')
);
#313=CARTESIAN_POINT('',(-25.5173110253,-5.7018250662,0.0000000000));
#314=CARTESIAN_POINT('',(-25.5313353804,-5.6860673888,0.0000000000));

#315=(
BOUNDED_CURVE()
B_SPLINE_CURVE(1,(#316,#317),.UNSPECIFIED.,.F.,.F.)
B_SPLINE_CURVE_WITH_KNOTS((2,2),(0.000,1.000),.UNSPECIFIED.)
CURVE()
GEOMETRIC_REPRESENTATION_ITEM()
RATIONAL_B_SPLINE_CURVE((1.0000000000,1.0000000000))
REPRESENTATION_ITEM('')
);
#316=CARTESIAN_POINT('',(-25.5313353804,-5.6860673888,0.0000000000));
#317=CARTESIAN_POINT('',(-25.5483786689,-5.6741681908,0.0000000000));

#318=(
BOUNDED_CURVE()
B_SPLINE_CURVE(1,(#319,#320),.UNSPECIFIED.,.F.,.F.)
B_SPLINE_CURVE_WITH_KNOTS((2,2),(0.000,1.000),.UNSPECIFIED.)
CURVE()
GEOMETRIC_REPRESENTATION_ITEM()
RATIONAL_B_SPLINE_CURVE((1.0000000000,1.0000000000))
REPRESENTATION_ITEM('')
);
#319=CARTESIAN_POINT('',(-25.5483786689,-5.6741681908,0.0000000000));
#320=CARTESIAN_POINT('',(-25.5675290405,-5.6667641034,0.0000000000));

#321=(
BOUNDED_CURVE()
B_SPLINE_CURVE(1,(#322,#323),.UNSPECIFIED.,.F.,.F.)
B_SPLINE_CURVE_WITH_KNOTS((2,2),(0.000,1.000),.UNSPECIFIED.)
CURVE()
GEOMETRIC_REPRESENTATION_ITEM()
RATIONAL_B_SPLINE_CURVE((1.0000000000,1.0000000000))
REPRESENTATION_ITEM('')
);
#322=CARTESIAN_POINT('',(-25.5675290405,-5.6667641034,0.0000000000));
#323=CARTESIAN_POINT('',(-25.5877619116,-5.6642512602,0.0000000000));

#324=(
BOUNDED_CURVE()
B_SPLINE_CURVE(1,(#325,#326),.UNSPECIFIED.,.F.,.F.)
B_SPLINE_CURVE_WITH_KNOTS((2,2),(0.000,1.000),.UNSPECIFIED.)
CURVE()
GEOMETRIC_REPRESENTATION_ITEM()
RATIONAL_B_SPLINE_CURVE((1.0000000000,1.0000000000))
REPRESENTATION_ITEM('')
);
#325=CARTESIAN_POINT('',(-25.5877619116,-5.6642512602,0.0000000000));
#326=CARTESIAN_POINT('',(-25.6079947827,-5.6667641034,0.0000000000));

#327=(
BOUNDED_CURVE()
B_SPLINE_CURVE(1,(#328,#329),.UNSPECIFIED.,.F.,.F.)
B_SPLINE_CURVE_WITH_KNOTS((2,2),(0.000,1.000),.UNSPECIFIED.)
CURVE()
GEOMETRIC_REPRESENTATION_ITEM()
RATIONAL_B_SPLINE_CURVE((1.0000000000,1.0000000000))
REPRESENTATION_ITEM('')
);
#328=CARTESIAN_POINT('',(-25.6079947827,-5.6667641034,0.0000000000));
#329=CARTESIAN_POINT('',(-25.6271451543,-5.6741681908,0.0000000000));

#330=(
BOUNDED_CURVE()
B_SPLINE_CURVE(1,(#331,#332),.UNSPECIFIED.,.F.,.F.)
B_SPLINE_CURVE_WITH_KNOTS((2,2),(0.000,1.000),.UNSPECIFIED.)
CURVE()
GEOMETRIC_REPRESENTATION_ITEM()
RATIONAL_B_SPLINE_CURVE((1.0000000000,1.0000000000))
REPRESENTATION_ITEM('')
);
#331=CARTESIAN_POINT('',(-25.6271451543,-5.6741681908,0.0000000000));
#332=CARTESIAN_POINT('',(-25.6441884429,-5.6860673888,0.0000000000));

#333=(
BOUNDED_CURVE()
B_SPLINE_CURVE(1,(#334,#335),.UNSPECIFIED.,.F.,.F.)
B_SPLINE_CURVE_WITH_KNOTS((2,2),(0.000,1.000),.UNSPECIFIED.)
CURVE()
GEOMETRIC_REPRESENTATION_ITEM()
RATIONAL_B_SPLINE_CURVE((1.0000000000,1.0000000000))
REPRESENTATION_ITEM('')
);
#334=CARTESIAN_POINT('',(-25.6441884429,-5.6860673888,0.0000000000));
#335=CARTESIAN_POINT('',(-25.6582127979,-5.7018250662,0.0000000000));

#336=(
BOUNDED_CURVE()
B_SPLINE_CURVE(1,(#337,#338),.UNSPECIFIED.,.F.,.F.)
B_SPLINE_CURVE_WITH_KNOTS((2,2),(0.000,1.000),.UNSPECIFIED.)
CURVE()
GEOMETRIC_REPRESENTATION_ITEM()
RATIONAL_B_SPLINE_CURVE((1.0000000000,1.0000000000))
REPRESENTATION_ITEM('')
);
#337=CARTESIAN_POINT('',(-25.6582127979,-5.7018250662,0.0000000000));
#338=CARTESIAN_POINT('',(-25.6886856053,-5.7729405769,0.0000000000));

#339=(
BOUNDED_CURVE()
B_SPLINE_CURVE(1,(#340,#341),.UNSPECIFIED.,.F.,.F.)
B_SPLINE_CURVE_WITH_KNOTS((2,2),(0.000,1.000),.UNSPECIFIED.)
CURVE()
GEOMETRIC_REPRESENTATION_ITEM()
RATIONAL_B_SPLINE_CURVE((1.0000000000,1.0000000000))
REPRESENTATION_ITEM('')
);
#340=CARTESIAN_POINT('',(-25.6886856053,-5.7729405769,0.0000000000));
#341=CARTESIAN_POINT('',(-25.7107840420,-5.8474947435,0.0000000000));

#342=(
BOUNDED_CURVE()
B_SPLINE_CURVE(1,(#343,#344),.UNSPECIFIED.,.F.,.F.)
B_SPLINE_CURVE_WITH_KNOTS((2,2),(0.000,1.000),.UNSPECIFIED.)
CURVE()
GEOMETRIC_REPRESENTATION_ITEM()
RATIONAL_B_SPLINE_CURVE((1.0000000000,1.0000000000))
REPRESENTATION_ITEM('')
);
#343=CARTESIAN_POINT('',(-25.7107840420,-5.8474947435,0.0000000000));
#344=CARTESIAN_POINT('',(-25.7241769654,-5.9243703802,0.0000000000));

#345=(
BOUNDED_CURVE()
B_SPLINE_CURVE(1,(#346,#347),.UNSPECIFIED.,.F.,.F.)
B_SPLINE_CURVE_WITH_KNOTS((2,2),(0.000,1.000),.UNSPECIFIED.)
CURVE()
GEOMETRIC_REPRESENTATION_ITEM()
RATIONAL_B_SPLINE_CURVE((1.0000000000,1.0000000000))
REPRESENTATION_ITEM('')
);
#346=CARTESIAN_POINT('',(-25.7241769654,-5.9243703802,0.0000000000));
#347=CARTESIAN_POINT('',(-25.7286636843,-6.0024155145,0.0000000000));

#348=(
BOUNDED_CURVE()
B_SPLINE_CURVE(1,(#349,#350),.UNSPECIFIED.,.F.,.F.)
B_SPLINE_CURVE_WITH_KNOTS((2,2),(0.000,1.000),.UNSPECIFIED.)
CURVE()
GEOMETRIC_REPRESENTATION_ITEM()
RATIONAL_B_SPLINE_CURVE((1.0000000000,1.0000000000))
REPRESENTATION_ITEM('')
);
#349=CARTESIAN_POINT('',(-25.7286636843,-6.0024155145,0.0000000000));
#350=CARTESIAN_POINT('',(-25.7241769654,-6.0804606488,0.0000000000));

#351=(
BOUNDED_CURVE()
B_SPLINE_CURVE(1,(#352,#353),.UNSPECIFIED.,.F.,.F.)
B_SPLINE_CURVE_WITH_KNOTS((2,2),(0.000,1.000),.UNSPECIFIED.)
CURVE()
GEOMETRIC_REPRESENTATION_ITEM()
RATIONAL_B_SPLINE_CURVE((1.0000000000,1.0000000000))
REPRESENTATION_ITEM('')
);
#352=CARTESIAN_POINT('',(-25.7241769654,-6.0804606488,0.0000000000));
#353=CARTESIAN_POINT('',(-25.7107840420,-6.1573362856,0.0000000000));

#354=(
BOUNDED_CURVE()
B_SPLINE_CURVE(1,(#355,#356),.UNSPECIFIED.,.F.,.F.)
B_SPLINE_CURVE_WITH_KNOTS((2,2),(0.000,1.000),.UNSPECIFIED.)
CURVE()
GEOMETRIC_REPRESENTATION_ITEM()
RATIONAL_B_SPLINE_CURVE((1.0000000000,1.0000000000))
REPRESENTATION_ITEM('')
);
#355=CARTESIAN_POINT('',(-25.7107840420,-6.1573362856,0.0000000000));
#356=CARTESIAN_POINT('',(-25.6886856053,-6.2318904521,0.0000000000));

#357=(
BOUNDED_CURVE()
B_SPLINE_CURVE(1,(#358,#359),.UNSPECIFIED.,.F.,.F.)
B_SPLINE_CURVE_WITH_KNOTS((2,2),(0.000,1.000),.UNSPECIFIED.)
CURVE()
GEOMETRIC_REPRESENTATION_ITEM()
RATIONAL_B_SPLINE_CURVE((1.0000000000,1.0000000000))
REPRESENTATION_ITEM('')
);
#358=CARTESIAN_POINT('',(-25.6886856053,-6.2318904521,0.0000000000));
#359=CARTESIAN_POINT('',(-25.6582127979,-6.3030059628,0.0000000000));

#360=(
BOUNDED_CURVE()
B_SPLINE_CURVE(1,(#361,#362),.UNSPECIFIED.,.F.,.F.)
B_SPLINE_CURVE_WITH_KNOTS((2,2),(0.000,1.000),.UNSPECIFIED.)
CURVE()
GEOMETRIC_REPRESENTATION_ITEM()
RATIONAL_B_SPLINE_CURVE((1.0000000000,1.0000000000))
REPRESENTATION_ITEM('')
);
#361=CARTESIAN_POINT('',(-25.6582127979,-6.3030059628,0.0000000000));
#362=CARTESIAN_POINT('',(-25.6441884429,-6.3187636402,0.0000000000));

#363=(
BOUNDED_CURVE()
B_SPLINE_CURVE(1,(#364,#365),.UNSPECIFIED.,.F.,.F.)
B_SPLINE_CURVE_WITH_KNOTS((2,2),(0.000,1.000),.UNSPECIFIED.)
CURVE()
GEOMETRIC_REPRESENTATION_ITEM()
RATIONAL_B_SPLINE_CURVE((1.0000000000,1.0000000000))
REPRESENTATION_ITEM('')
);
#364=CARTESIAN_POINT('',(-25.6441884429,-6.3187636402,0.0000000000));
#365=CARTESIAN_POINT('',(-25.6271451543,-6.3306628382,0.0000000000));

#366=(
BOUNDED_CURVE()
B_SPLINE_CURVE(1,(#367,#368),.UNSPECIFIED.,.F.,.F.)
B_SPLINE_CURVE_WITH_KNOTS((2,2),(0.000,1.000),.UNSPECIFIED.)
CURVE()
GEOMETRIC_REPRESENTATION_ITEM()
RATIONAL_B_SPLINE_CURVE((1.0000000000,1.0000000000))
REPRESENTATION_ITEM('')
);
#367=CARTESIAN_POINT('',(-25.6271451543,-6.3306628382,0.0000000000));
#368=CARTESIAN_POINT('',(-25.6079947827,-6.3380669256,0.0000000000));

#369=(
BOUNDED_CURVE()
B_SPLINE_CURVE(1,(#370,#371),.UNSPECIFIED.,.F.,.F.)
B_SPLINE_CURVE_WITH_KNOTS((2,2),(0.000,1.000),.UNSPECIFIED.)
CURVE()
GEOMETRIC_REPRESENTATION_ITEM()
RATIONAL_B_SPLINE_CURVE((1.0000000000,1.0000000000))
REPRESENTATION_ITEM('')
);
#370=CARTESIAN_POINT('',(-25.6079947827,-6.3380669256,0.0000000000));
#371=CARTESIAN_POINT('',(-25.5877619116,-6.3405797688,0.0000000000));

#372=(
BOUNDED_CURVE()
B_SPLINE_CURVE(1,(#373,#374),.UNSPECIFIED.,.F.,.F.)
B_SPLINE_CURVE_WITH_KNOTS((2,2),(0.000,1.000),.UNSPECIFIED.)
CURVE()
GEOMETRIC_REPRESENTATION_ITEM()
RATIONAL_B_SPLINE_CURVE((1.0000000000,1.0000000000))
REPRESENTATION_ITEM('')
);
#373=CARTESIAN_POINT('',(-25.5877619116,-6.3405797688,0.0000000000));
#374=CARTESIAN_POINT('',(-25.5675290405,-6.3380669256,0.0000000000));

#375=(
BOUNDED_CURVE()
B_SPLINE_CURVE(1,(#376,#377),.UNSPECIFIED.,.F.,.F.)
B_SPLINE_CURVE_WITH_KNOTS((2,2),(0.000,1.000),.UNSPECIFIED.)
CURVE()
GEOMETRIC_REPRESENTATION_ITEM()
RATIONAL_B_SPLINE_CURVE((1.0000000000,1.0000000000))
REPRESENTATION_ITEM('')
);
#376=CARTESIAN_POINT('',(-25.5675290405,-6.3380669256,0.0000000000));
#377=CARTESIAN_POINT('',(-25.5483786689,-6.3306628382,0.0000000000));

#378=(
BOUNDED_CURVE()
B_SPLINE_CURVE(1,(#379,#380),.UNSPECIFIED.,.F.,.F.)
B_SPLINE_CURVE_WITH_KNOTS((2,2),(0.000,1.000),.UNSPECIFIED.)
CURVE()
GEOMETRIC_REPRESENTATION_ITEM()
RATIONAL_B_SPLINE_CURVE((1.0000000000,1.0000000000))
REPRESENTATION_ITEM('')
);
#379=CARTESIAN_POINT('',(-25.5483786689,-6.3306628382,0.0000000000));
#380=CARTESIAN_POINT('',(-25.5313353804,-6.3187636402,0.0000000000));

#381=(
BOUNDED_CURVE()
B_SPLINE_CURVE(1,(#382,#383),.UNSPECIFIED.,.F.,.F.)
B_SPLINE_CURVE_WITH_KNOTS((2,2),(0.000,1.000),.UNSPECIFIED.)
CURVE()
GEOMETRIC_REPRESENTATION_ITEM()
RATIONAL_B_SPLINE_CURVE((1.0000000000,1.0000000000))
REPRESENTATION_ITEM('')
);
#382=CARTESIAN_POINT('',(-25.5313353804,-6.3187636402,0.0000000000));
#383=CARTESIAN_POINT('',(-25.5173110253,-6.3030059628,0.0000000000));

#384=(
BOUNDED_CURVE()
B_SPLINE_CURVE(1,(#385,#386),.UNSPECIFIED.,.F.,.F.)
B_SPLINE_CURVE_WITH_KNOTS((2,2),(0.000,1.000),.UNSPECIFIED.)
CURVE()
GEOMETRIC_REPRESENTATION_ITEM()
RATIONAL_B_SPLINE_CURVE((1.0000000000,1.0000000000))
REPRESENTATION_ITEM('')
);
#385=CARTESIAN_POINT('',(-25.5173110253,-6.3030059628,0.0000000000));
#386=CARTESIAN_POINT('',(-25.4868382180,-6.2318904521,0.0000000000));

#387=(
BOUNDED_CURVE()
B_SPLINE_CURVE(1,(#388,#389),.UNSPECIFIED.,.F.,.F.)
B_SPLINE_CURVE_WITH_KNOTS((2,2),(0.000,1.000),.UNSPECIFIED.)
CURVE()
GEOMETRIC_REPRESENTATION_ITEM()
RATIONAL_B_SPLINE_CURVE((1.0000000000,1.0000000000))
REPRESENTATION_ITEM('')
);
#388=CARTESIAN_POINT('',(-25.4868382180,-6.2318904521,0.0000000000));
#389=CARTESIAN_POINT('',(-25.4647397813,-6.1573362856,0.0000000000));

#390=(
BOUNDED_CURVE()
B_SPLINE_CURVE(1,(#391,#392),.UNSPECIFIED.,.F.,.F.)
B_SPLINE_CURVE_WITH_KNOTS((2,2),(0.000,1.000),.UNSPECIFIED.)
CURVE()
GEOMETRIC_REPRESENTATION_ITEM()
RATIONAL_B_SPLINE_CURVE((1.0000000000,1.0000000000))
REPRESENTATION_ITEM('')
);
#391=CARTESIAN_POINT('',(-25.4647397813,-6.1573362856,0.0000000000));
#392=CARTESIAN_POINT('',(-25.4513468578,-6.0804606488,0.0000000000));

#393=(
BOUNDED_CURVE()
B_SPLINE_CURVE(1,(#394,#395),.UNSPECIFIED.,.F.,.F.)
B_SPLINE_CURVE_WITH_KNOTS((2,2),(0.000,1.000),.UNSPECIFIED.)
CURVE()
GEOMETRIC_REPRESENTATION_ITEM()
RATIONAL_B_SPLINE_CURVE((1.0000000000,1.0000000000))
REPRESENTATION_ITEM('')
);
#394=CARTESIAN_POINT('',(-25.4513468578,-6.0804606488,0.0000000000));
#395=CARTESIAN_POINT('',(-25.4468601390,-6.0024155145,0.0000000000));

#396=(
BOUNDED_CURVE()
B_SPLINE_CURVE(1,(#397,#398),.UNSPECIFIED.,.F.,.F.)
B_SPLINE_CURVE_WITH_KNOTS((2,2),(0.000,1.000),.UNSPECIFIED.)
CURVE()
GEOMETRIC_REPRESENTATION_ITEM()
RATIONAL_B_SPLINE_CURVE((1.0000000000,1.0000000000))
REPRESENTATION_ITEM('')
);
#397=CARTESIAN_POINT('',(-25.4468601390,-6.0024155145,0.0000000000));
#398=CARTESIAN_POINT('',(-25.4513468578,-5.9243703802,0.0000000000));

#399=(
BOUNDED_CURVE()
B_SPLINE_CURVE(1,(#400,#401),.UNSPECIFIED.,.F.,.F.)
B_SPLINE_CURVE_WITH_KNOTS((2,2),(0.000,1.000),.UNSPECIFIED.)
CURVE()
GEOMETRIC_REPRESENTATION_ITEM()
RATIONAL_B_SPLINE_CURVE((1.0000000000,1.0000000000))
REPRESENTATION_ITEM('')
);
#400=CARTESIAN_POINT('',(-25.4513468578,-5.9243703802,0.0000000000));
#401=CARTESIAN_POINT('',(-25.4647397813,-5.8474947435,0.0000000000));

#402=(
BOUNDED_CURVE()
B_SPLINE_CURVE(1,(#403,#404),.UNSPECIFIED.,.F.,.F.)
B_SPLINE_CURVE_WITH_KNOTS((2,2),(0.000,1.000),.UNSPECIFIED.)
CURVE()
GEOMETRIC_REPRESENTATION_ITEM()
RATIONAL_B_SPLINE_CURVE((1.0000000000,1.0000000000))
REPRESENTATION_ITEM('')
);
#403=CARTESIAN_POINT('',(-25.4647397813,-5.8474947435,0.0000000000));
#404=CARTESIAN_POINT('',(-25.4868382180,-5.7729405769,0.0000000000));

#405=(
BOUNDED_CURVE()
B_SPLINE_CURVE(1,(#406,#407),.UNSPECIFIED.,.F.,.F.)
B_SPLINE_CURVE_WITH_KNOTS((2,2),(0.000,1.000),.UNSPECIFIED.)
CURVE()
GEOMETRIC_REPRESENTATION_ITEM()
RATIONAL_B_SPLINE_CURVE((1.0000000000,1.0000000000))
REPRESENTATION_ITEM('')
);
#406=CARTESIAN_POINT('',(-25.4868382180,-5.7729405769,0.0000000000));
#407=CARTESIAN_POINT('',(-25.5173110253,-5.7018250662,0.0000000000));

#408=(
BOUNDED_CURVE()
B_SPLINE_CURVE(1,(#409,#410),.UNSPECIFIED.,.F.,.F.)
B_SPLINE_CURVE_WITH_KNOTS((2,2),(0.000,1.000),.UNSPECIFIED.)
CURVE()
GEOMETRIC_REPRESENTATION_ITEM()
RATIONAL_B_SPLINE_CURVE((1.0000000000,1.0000000000))
REPRESENTATION_ITEM('')
);
#409=CARTESIAN_POINT('',(6.3828503006,28.2868136453,0.0000000000));
#410=CARTESIAN_POINT('',(6.3688259456,28.3012581830,0.0000000000));

#411=(
BOUNDED_CURVE()
B_SPLINE_CURVE(1,(#412,#413),.UNSPECIFIED.,.F.,.F.)
B_SPLINE_CURVE_WITH_KNOTS((2,2),(0.000,1.000),.UNSPECIFIED.)
CURVE()
GEOMETRIC_REPRESENTATION_ITEM()
RATIONAL_B_SPLINE_CURVE((1.0000000000,1.0000000000))
REPRESENTATION_ITEM('')
);
#412=CARTESIAN_POINT('',(6.3688259456,28.3012581830,0.0000000000));
#413=CARTESIAN_POINT('',(6.3517826570,28.3121657811,0.0000000000));

#414=(
BOUNDED_CURVE()
B_SPLINE_CURVE(1,(#415,#416),.UNSPECIFIED.,.F.,.F.)
B_SPLINE_CURVE_WITH_KNOTS((2,2),(0.000,1.000),.UNSPECIFIED.)
CURVE()
GEOMETRIC_REPRESENTATION_ITEM()
RATIONAL_B_SPLINE_CURVE((1.0000000000,1.0000000000))
REPRESENTATION_ITEM('')
);
#415=CARTESIAN_POINT('',(6.3517826570,28.3121657811,0.0000000000));
#416=CARTESIAN_POINT('',(6.3326322854,28.3189528613,0.0000000000));

#417=(
BOUNDED_CURVE()
B_SPLINE_CURVE(1,(#418,#419),.UNSPECIFIED.,.F.,.F.)
B_SPLINE_CURVE_WITH_KNOTS((2,2),(0.000,1.000),.UNSPECIFIED.)
CURVE()
GEOMETRIC_REPRESENTATION_ITEM()
RATIONAL_B_SPLINE_CURVE((1.0000000000,1.0000000000))
REPRESENTATION_ITEM('')
);
#418=CARTESIAN_POINT('',(6.3326322854,28.3189528613,0.0000000000));
#419=CARTESIAN_POINT('',(6.3123994143,28.3212563009,0.0000000000));

#420=(
BOUNDED_CURVE()
B_SPLINE_CURVE(1,(#421,#422),.UNSPECIFIED.,.F.,.F.)
B_SPLINE_CURVE_WITH_KNOTS((2,2),(0.000,1.000),.UNSPECIFIED.)
CURVE()
GEOMETRIC_REPRESENTATION_ITEM()
RATIONAL_B_SPLINE_CURVE((1.0000000000,1.0000000000))
REPRESENTATION_ITEM('')
);
#421=CARTESIAN_POINT('',(6.3123994143,28.3212563009,0.0000000000));
#422=CARTESIAN_POINT('',(6.2921665432,28.3189528613,0.0000000000));

#423=(
BOUNDED_CURVE()
B_SPLINE_CURVE(1,(#424,#425),.UNSPECIFIED.,.F.,.F.)
B_SPLINE_CURVE_WITH_KNOTS((2,2),(0.000,1.000),.UNSPECIFIED.)
CURVE()
GEOMETRIC_REPRESENTATION_ITEM()
RATIONAL_B_SPLINE_CURVE((1.0000000000,1.0000000000))
REPRESENTATION_ITEM('')
);
#424=CARTESIAN_POINT('',(6.2921665432,28.3189528613,0.0000000000));
#425=CARTESIAN_POINT('',(6.2730161716,28.3121657811,0.0000000000));

#426=(
BOUNDED_CURVE()
B_SPLINE_CURVE(1,(#427,#428),.UNSPECIFIED.,.F.,.F.)
B_SPLINE_CURVE_WITH_KNOTS((2,2),(0.000,1.000),.UNSPECIFIED.)
CURVE()
GEOMETRIC_REPRESENTATION_ITEM()
RATIONAL_B_SPLINE_CURVE((1.0000000000,1.0000000000))
REPRESENTATION_ITEM('')
);
#427=CARTESIAN_POINT('',(6.2730161716,28.3121657811,0.0000000000));
#428=CARTESIAN_POINT('',(6.2559728831,28.3012581830,0.0000000000));

#429=(
BOUNDED_CURVE()
B_SPLINE_CURVE(1,(#430,#431),.UNSPECIFIED.,.F.,.F.)
B_SPLINE_CURVE_WITH_KNOTS((2,2),(0.000,1.000),.UNSPECIFIED.)
CURVE()
GEOMETRIC_REPRESENTATION_ITEM()
RATIONAL_B_SPLINE_CURVE((1.0000000000,1.0000000000))
REPRESENTATION_ITEM('')
);
#430=CARTESIAN_POINT('',(6.2559728831,28.3012581830,0.0000000000));
#431=CARTESIAN_POINT('',(6.2419485280,28.2868136453,0.0000000000));

#432=(
BOUNDED_CURVE()
B_SPLINE_CURVE(1,(#433,#434),.UNSPECIFIED.,.F.,.F.)
B_SPLINE_CURVE_WITH_KNOTS((2,2),(0.000,1.000),.UNSPECIFIED.)
CURVE()
GEOMETRIC_REPRESENTATION_ITEM()
RATIONAL_B_SPLINE_CURVE((1.0000000000,1.0000000000))
REPRESENTATION_ITEM('')
);
#433=CARTESIAN_POINT('',(6.2419485280,28.2868136453,0.0000000000));
#434=CARTESIAN_POINT('',(6.2114757207,28.2216244272,0.0000000000));

#435=(
BOUNDED_CURVE()
B_SPLINE_CURVE(1,(#436,#437),.UNSPECIFIED.,.F.,.F.)
B_SPLINE_CURVE_WITH_KNOTS((2,2),(0.000,1.000),.UNSPECIFIED.)
CURVE()
GEOMETRIC_REPRESENTATION_ITEM()
RATIONAL_B_SPLINE_CURVE((1.0000000000,1.0000000000))
REPRESENTATION_ITEM('')
);
#436=CARTESIAN_POINT('',(6.2114757207,28.2216244272,0.0000000000));
#437=CARTESIAN_POINT('',(6.1893772840,28.1532831078,0.0000000000));

#438=(
BOUNDED_CURVE()
B_SPLINE_CURVE(1,(#439,#440),.UNSPECIFIED.,.F.,.F.)
B_SPLINE_CURVE_WITH_KNOTS((2,2),(0.000,1.000),.UNSPECIFIED.)
CURVE()
GEOMETRIC_REPRESENTATION_ITEM()
RATIONAL_B_SPLINE_CURVE((1.0000000000,1.0000000000))
REPRESENTATION_ITEM('')
);
#439=CARTESIAN_POINT('',(6.1893772840,28.1532831078,0.0000000000));
#440=CARTESIAN_POINT('',(6.1759843605,28.0828137741,0.0000000000));

#441=(
BOUNDED_CURVE()
B_SPLINE_CURVE(1,(#442,#443),.UNSPECIFIED.,.F.,.F.)
B_SPLINE_CURVE_WITH_KNOTS((2,2),(0.000,1.000),.UNSPECIFIED.)
CURVE()
GEOMETRIC_REPRESENTATION_ITEM()
RATIONAL_B_SPLINE_CURVE((1.0000000000,1.0000000000))
REPRESENTATION_ITEM('')
);
#442=CARTESIAN_POINT('',(6.1759843605,28.0828137741,0.0000000000));
#443=CARTESIAN_POINT('',(6.1714976417,28.0112724010,0.0000000000));

#444=(
BOUNDED_CURVE()
B_SPLINE_CURVE(1,(#445,#446),.UNSPECIFIED.,.F.,.F.)
B_SPLINE_CURVE_WITH_KNOTS((2,2),(0.000,1.000),.UNSPECIFIED.)
CURVE()
GEOMETRIC_REPRESENTATION_ITEM()
RATIONAL_B_SPLINE_CURVE((1.0000000000,1.0000000000))
REPRESENTATION_ITEM('')
);
#445=CARTESIAN_POINT('',(6.1714976417,28.0112724010,0.0000000000));
#446=CARTESIAN_POINT('',(6.1759843605,27.9397310280,0.0000000000));

#447=(
BOUNDED_CURVE()
B_SPLINE_CURVE(1,(#448,#449),.UNSPECIFIED.,.F.,.F.)
B_SPLINE_CURVE_WITH_KNOTS((2,2),(0.000,1.000),.UNSPECIFIED.)
CURVE()
GEOMETRIC_REPRESENTATION_ITEM()
RATIONAL_B_SPLINE_CURVE((1.0000000000,1.0000000000))
REPRESENTATION_ITEM('')
);
#448=CARTESIAN_POINT('',(6.1759843605,27.9397310280,0.0000000000));
#449=CARTESIAN_POINT('',(6.1893772840,27.8692616943,0.0000000000));

#450=(
BOUNDED_CURVE()
B_SPLINE_CURVE(1,(#451,#452),.UNSPECIFIED.,.F.,.F.)
B_SPLINE_CURVE_WITH_KNOTS((2,2),(0.000,1.000),.UNSPECIFIED.)
CURVE()
GEOMETRIC_REPRESENTATION_ITEM()
RATIONAL_B_SPLINE_CURVE((1.0000000000,1.0000000000))
REPRESENTATION_ITEM('')
);
#451=CARTESIAN_POINT('',(6.1893772840,27.8692616943,0.0000000000));
#452=CARTESIAN_POINT('',(6.2114757207,27.8009203749,0.0000000000));

#453=(
BOUNDED_CURVE()
B_SPLINE_CURVE(1,(#454,#455),.UNSPECIFIED.,.F.,.F.)
B_SPLINE_CURVE_WITH_KNOTS((2,2),(0.000,1.000),.UNSPECIFIED.)
CURVE()
GEOMETRIC_REPRESENTATION_ITEM()
RATIONAL_B_SPLINE_CURVE((1.0000000000,1.0000000000))
REPRESENTATION_ITEM('')
);
#454=CARTESIAN_POINT('',(6.2114757207,27.8009203749,0.0000000000));
#455=CARTESIAN_POINT('',(6.2419485280,27.7357311568,0.0000000000));

#456=(
BOUNDED_CURVE()
B_SPLINE_CURVE(1,(#457,#458),.UNSPECIFIED.,.F.,.F.)
B_SPLINE_CURVE_WITH_KNOTS((2,2),(0.000,1.000),.UNSPECIFIED.)
CURVE()
GEOMETRIC_REPRESENTATION_ITEM()
RATIONAL_B_SPLINE_CURVE((1.0000000000,1.0000000000))
REPRESENTATION_ITEM('')
);
#457=CARTESIAN_POINT('',(6.2419485280,27.7357311568,0.0000000000));
#458=CARTESIAN_POINT('',(6.2559728831,27.7212866191,0.0000000000));

#459=(
BOUNDED_CURVE()
B_SPLINE_CURVE(1,(#460,#461),.UNSPECIFIED.,.F.,.F.)
B_SPLINE_CURVE_WITH_KNOTS((2,2),(0.000,1.000),.UNSPECIFIED.)
CURVE()
GEOMETRIC_REPRESENTATION_ITEM()
RATIONAL_B_SPLINE_CURVE((1.0000000000,1.0000000000))
REPRESENTATION_ITEM('')
);
#460=CARTESIAN_POINT('',(6.2559728831,27.7212866191,0.0000000000));
#461=CARTESIAN_POINT('',(6.2730161716,27.7103790210,0.0000000000));

#462=(
BOUNDED_CURVE()
B_SPLINE_CURVE(1,(#463,#464),.UNSPECIFIED.,.F.,.F.)
B_SPLINE_CURVE_WITH_KNOTS((2,2),(0.000,1.000),.UNSPECIFIED.)
CURVE()
GEOMETRIC_REPRESENTATION_ITEM()
RATIONAL_B_SPLINE_CURVE((1.0000000000,1.0000000000))
REPRESENTATION_ITEM('')
);
#463=CARTESIAN_POINT('',(6.2730161716,27.7103790210,0.0000000000));
#464=CARTESIAN_POINT('',(6.2921665432,27.7035919408,0.0000000000));

#465=(
BOUNDED_CURVE()
B_SPLINE_CURVE(1,(#466,#467),.UNSPECIFIED.,.F.,.F.)
B_SPLINE_CURVE_WITH_KNOTS((2,2),(0.000,1.000),.UNSPECIFIED.)
CURVE()
GEOMETRIC_REPRESENTATION_ITEM()
RATIONAL_B_SPLINE_CURVE((1.0000000000,1.0000000000))
REPRESENTATION_ITEM('')
);
#466=CARTESIAN_POINT('',(6.2921665432,27.7035919408,0.0000000000));
#467=CARTESIAN_POINT('',(6.3123994143,27.7012885012,0.0000000000));

#468=(
BOUNDED_CURVE()
B_SPLINE_CURVE(1,(#469,#470),.UNSPECIFIED.,.F.,.F.)
B_SPLINE_CURVE_WITH_KNOTS((2,2),(0.000,1.000),.UNSPECIFIED.)
CURVE()
GEOMETRIC_REPRESENTATION_ITEM()
RATIONAL_B_SPLINE_CURVE((1.0000000000,1.0000000000))
REPRESENTATION_ITEM('')
);
#469=CARTESIAN_POINT('',(6.3123994143,27.7012885012,0.0000000000));
#470=CARTESIAN_POINT('',(6.3326322854,27.7035919408,0.0000000000));

#471=(
BOUNDED_CURVE()
B_SPLINE_CURVE(1,(#472,#473),.UNSPECIFIED.,.F.,.F.)
B_SPLINE_CURVE_WITH_KNOTS((2,2),(0.000,1.000),.UNSPECIFIED.)
CURVE()
GEOMETRIC_REPRESENTATION_ITEM()
RATIONAL_B_SPLINE_CURVE((1.0000000000,1.0000000000))
REPRESENTATION_ITEM('')
);
#472=CARTESIAN_POINT('',(6.3326322854,27.7035919408,0.0000000000));
#473=CARTESIAN_POINT('',(6.3517826570,27.7103790210,0.0000000000));

#474=(
BOUNDED_CURVE()
B_SPLINE_CURVE(1,(#475,#476),.UNSPECIFIED.,.F.,.F.)
B_SPLINE_CURVE_WITH_KNOTS((2,2),(0.000,1.000),.UNSPECIFIED.)
CURVE()
GEOMETRIC_REPRESENTATION_ITEM()
RATIONAL_B_SPLINE_CURVE((1.0000000000,1.0000000000))
REPRESENTATION_ITEM('')
);
#475=CARTESIAN_POINT('',(6.3517826570,27.7103790210,0.0000000000));
#476=CARTESIAN_POINT('',(6.3688259456,27.7212866191,0.0000000000));

#477=(
BOUNDED_CURVE()
B_SPLINE_CURVE(1,(#478,#479),.UNSPECIFIED.,.F.,.F.)
B_SPLINE_CURVE_WITH_KNOTS((2,2),(0.000,1.000),.UNSPECIFIED.)
CURVE()
GEOMETRIC_REPRESENTATION_ITEM()
RATIONAL_B_SPLINE_CURVE((1.0000000000,1.0000000000))
REPRESENTATION_ITEM('')
);
#478=CARTESIAN_POINT('',(6.3688259456,27.7212866191,0.0000000000));
#479=CARTESIAN_POINT('',(6.3828503006,27.7357311568,0.0000000000));

#480=(
BOUNDED_CURVE()
B_SPLINE_CURVE(1,(#481,#482),.UNSPECIFIED.,.F.,.F.)
B_SPLINE_CURVE_WITH_KNOTS((2,2),(0.000,1.000),.UNSPECIFIED.)
CURVE()
GEOMETRIC_REPRESENTATION_ITEM()
RATIONAL_B_SPLINE_CURVE((1.0000000000,1.0000000000))
REPRESENTATION_ITEM('')
);
#481=CARTESIAN_POINT('',(6.3828503006,27.7357311568,0.0000000000));
#482=CARTESIAN_POINT('',(6.4133231080,27.8009203749,0.0000000000));

#483=(
BOUNDED_CURVE()
B_SPLINE_CURVE(1,(#484,#485),.UNSPECIFIED.,.F.,.F.)
B_SPLINE_CURVE_WITH_KNOTS((2,2),(0.000,1.000),.UNSPECIFIED.)
CURVE()
GEOMETRIC_REPRESENTATION_ITEM()
RATIONAL_B_SPLINE_CURVE((1.0000000000,1.0000000000))
REPRESENTATION_ITEM('')
);
#484=CARTESIAN_POINT('',(6.4133231080,27.8009203749,0.0000000000));
#485=CARTESIAN_POINT('',(6.4354215447,27.8692616943,0.0000000000));

#486=(
BOUNDED_CURVE()
B_SPLINE_CURVE(1,(#487,#488),.UNSPECIFIED.,.F.,.F.)
B_SPLINE_CURVE_WITH_KNOTS((2,2),(0.000,1.000),.UNSPECIFIED.)
CURVE()
GEOMETRIC_REPRESENTATION_ITEM()
RATIONAL_B_SPLINE_CURVE((1.0000000000,1.0000000000))
REPRESENTATION_ITEM('')
);
#487=CARTESIAN_POINT('',(6.4354215447,27.8692616943,0.0000000000));
#488=CARTESIAN_POINT('',(6.4488144681,27.9397310280,0.0000000000));

#489=(
BOUNDED_CURVE()
B_SPLINE_CURVE(1,(#490,#491),.UNSPECIFIED.,.F.,.F.)
B_SPLINE_CURVE_WITH_KNOTS((2,2),(0.000,1.000),.UNSPECIFIED.)
CURVE()
GEOMETRIC_REPRESENTATION_ITEM()
RATIONAL_B_SPLINE_CURVE((1.0000000000,1.0000000000))
REPRESENTATION_ITEM('')
);
#490=CARTESIAN_POINT('',(6.4488144681,27.9397310280,0.0000000000));
#491=CARTESIAN_POINT('',(6.4533011870,28.0112724010,0.0000000000));

#492=(
BOUNDED_CURVE()
B_SPLINE_CURVE(1,(#493,#494),.UNSPECIFIED.,.F.,.F.)
B_SPLINE_CURVE_WITH_KNOTS((2,2),(0.000,1.000),.UNSPECIFIED.)
CURVE()
GEOMETRIC_REPRESENTATION_ITEM()
RATIONAL_B_SPLINE_CURVE((1.0000000000,1.0000000000))
REPRESENTATION_ITEM('')
);
#493=CARTESIAN_POINT('',(6.4533011870,28.0112724010,0.0000000000));
#494=CARTESIAN_POINT('',(6.4488144681,28.0828137741,0.0000000000));

#495=(
BOUNDED_CURVE()
B_SPLINE_CURVE(1,(#496,#497),.UNSPECIFIED.,.F.,.F.)
B_SPLINE_CURVE_WITH_KNOTS((2,2),(0.000,1.000),.UNSPECIFIED.)
CURVE()
GEOMETRIC_REPRESENTATION_ITEM()
RATIONAL_B_SPLINE_CURVE((1.0000000000,1.0000000000))
REPRESENTATION_ITEM('')
);
#496=CARTESIAN_POINT('',(6.4488144681,28.0828137741,0.0000000000));
#497=CARTESIAN_POINT('',(6.4354215447,28.1532831078,0.0000000000));

#498=(
BOUNDED_CURVE()
B_SPLINE_CURVE(1,(#499,#500),.UNSPECIFIED.,.F.,.F.)
B_SPLINE_CURVE_WITH_KNOTS((2,2),(0.000,1.000),.UNSPECIFIED.)
CURVE()
GEOMETRIC_REPRESENTATION_ITEM()
RATIONAL_B_SPLINE_CURVE((1.0000000000,1.0000000000))
REPRESENTATION_ITEM('')
);
#499=CARTESIAN_POINT('',(6.4354215447,28.1532831078,0.0000000000));
#500=CARTESIAN_POINT('',(6.4133231080,28.2216244272,0.0000000000));

#501=(
BOUNDED_CURVE()
B_SPLINE_CURVE(1,(#502,#503),.UNSPECIFIED.,.F.,.F.)
B_SPLINE_CURVE_WITH_KNOTS((2,2),(0.000,1.000),.UNSPECIFIED.)
CURVE()
GEOMETRIC_REPRESENTATION_ITEM()
RATIONAL_B_SPLINE_CURVE((1.0000000000,1.0000000000))
REPRESENTATION_ITEM('')
);
#502=CARTESIAN_POINT('',(6.4133231080,28.2216244272,0.0000000000));
#503=CARTESIAN_POINT('',(6.3828503006,28.2868136453,0.0000000000));

#504=(
BOUNDED_CURVE()
B_SPLINE_CURVE(1,(#505,#506),.UNSPECIFIED.,.F.,.F.)
B_SPLINE_CURVE_WITH_KNOTS((2,2),(0.000,1.000),.UNSPECIFIED.)
CURVE()
GEOMETRIC_REPRESENTATION_ITEM()
RATIONAL_B_SPLINE_CURVE((1.0000000000,1.0000000000))
REPRESENTATION_ITEM('')
);
#505=CARTESIAN_POINT('',(6.8900966821,28.2868136453,0.0000000000));
#506=CARTESIAN_POINT('',(6.8760723271,28.3012581830,0.0000000000));

#507=(
BOUNDED_CURVE()
B_SPLINE_CURVE(1,(#508,#509),.UNSPECIFIED.,.F.,.F.)
B_SPLINE_CURVE_WITH_KNOTS((2,2),(0.000,1.000),.UNSPECIFIED.)
CURVE()
GEOMETRIC_REPRESENTATION_ITEM()
RATIONAL_B_SPLINE_CURVE((1.0000000000,1.0000000000))
REPRESENTATION_ITEM('')
);
#508=CARTESIAN_POINT('',(6.8760723271,28.3012581830,0.0000000000));
#509=CARTESIAN_POINT('',(6.8590290386,28.3121657811,0.0000000000));

#510=(
BOUNDED_CURVE()
B_SPLINE_CURVE(1,(#511,#512),.UNSPECIFIED.,.F.,.F.)
B_SPLINE_CURVE_WITH_KNOTS((2,2),(0.000,1.000),.UNSPECIFIED.)
CURVE()
GEOMETRIC_REPRESENTATION_ITEM()
RATIONAL_B_SPLINE_CURVE((1.0000000000,1.0000000000))
REPRESENTATION_ITEM('')
);
#511=CARTESIAN_POINT('',(6.8590290386,28.3121657811,0.0000000000));
#512=CARTESIAN_POINT('',(6.8398786669,28.3189528613,0.0000000000));

#513=(
BOUNDED_CURVE()
B_SPLINE_CURVE(1,(#514,#515),.UNSPECIFIED.,.F.,.F.)
B_SPLINE_CURVE_WITH_KNOTS((2,2),(0.000,1.000),.UNSPECIFIED.)
CURVE()
GEOMETRIC_REPRESENTATION_ITEM()
RATIONAL_B_SPLINE_CURVE((1.0000000000,1.0000000000))
REPRESENTATION_ITEM('')
);
#514=CARTESIAN_POINT('',(6.8398786669,28.3189528613,0.0000000000));
#515=CARTESIAN_POINT('',(6.8196457958,28.3212563009,0.0000000000));

#516=(
BOUNDED_CURVE()
B_SPLINE_CURVE(1,(#517,#518),.UNSPECIFIED.,.F.,.F.)
B_SPLINE_CURVE_WITH_KNOTS((2,2),(0.000,1.000),.UNSPECIFIED.)
CURVE()
GEOMETRIC_REPRESENTATION_ITEM()
RATIONAL_B_SPLINE_CURVE((1.0000000000,1.0000000000))
REPRESENTATION_ITEM('')
);
#517=CARTESIAN_POINT('',(6.8196457958,28.3212563009,0.0000000000));
#518=CARTESIAN_POINT('',(6.7994129247,28.3189528613,0.0000000000));

#519=(
BOUNDED_CURVE()
B_SPLINE_CURVE(1,(#520,#521),.UNSPECIFIED.,.F.,.F.)
B_SPLINE_CURVE_WITH_KNOTS((2,2),(0.000,1.000),.UNSPECIFIED.)
CURVE()
GEOMETRIC_REPRESENTATION_ITEM()
RATIONAL_B_SPLINE_CURVE((1.0000000000,1.0000000000))
REPRESENTATION_ITEM('')
);
#520=CARTESIAN_POINT('',(6.7994129247,28.3189528613,0.0000000000));
#521=CARTESIAN_POINT('',(6.7802625531,28.3121657811,0.0000000000));

#522=(
BOUNDED_CURVE()
B_SPLINE_CURVE(1,(#523,#524),.UNSPECIFIED.,.F.,.F.)
B_SPLINE_CURVE_WITH_KNOTS((2,2),(0.000,1.000),.UNSPECIFIED.)
CURVE()
GEOMETRIC_REPRESENTATION_ITEM()
RATIONAL_B_SPLINE_CURVE((1.0000000000,1.0000000000))
REPRESENTATION_ITEM('')
);
#523=CARTESIAN_POINT('',(6.7802625531,28.3121657811,0.0000000000));
#524=CARTESIAN_POINT('',(6.7632192646,28.3012581830,0.0000000000));

#525=(
BOUNDED_CURVE()
B_SPLINE_CURVE(1,(#526,#527),.UNSPECIFIED.,.F.,.F.)
B_SPLINE_CURVE_WITH_KNOTS((2,2),(0.000,1.000),.UNSPECIFIED.)
CURVE()
GEOMETRIC_REPRESENTATION_ITEM()
RATIONAL_B_SPLINE_CURVE((1.0000000000,1.0000000000))
REPRESENTATION_ITEM('')
);
#526=CARTESIAN_POINT('',(6.7632192646,28.3012581830,0.0000000000));
#527=CARTESIAN_POINT('',(6.7491949095,28.2868136453,0.0000000000));

#528=(
BOUNDED_CURVE()
B_SPLINE_CURVE(1,(#529,#530),.UNSPECIFIED.,.F.,.F.)
B_SPLINE_CURVE_WITH_KNOTS((2,2),(0.000,1.000),.UNSPECIFIED.)
CURVE()
GEOMETRIC_REPRESENTATION_ITEM()
RATIONAL_B_SPLINE_CURVE((1.0000000000,1.0000000000))
REPRESENTATION_ITEM('')
);
#529=CARTESIAN_POINT('',(6.7491949095,28.2868136453,0.0000000000));
#530=CARTESIAN_POINT('',(6.7187221022,28.2216244272,0.0000000000));

#531=(
BOUNDED_CURVE()
B_SPLINE_CURVE(1,(#532,#533),.UNSPECIFIED.,.F.,.F.)
B_SPLINE_CURVE_WITH_KNOTS((2,2),(0.000,1.000),.UNSPECIFIED.)
CURVE()
GEOMETRIC_REPRESENTATION_ITEM()
RATIONAL_B_SPLINE_CURVE((1.0000000000,1.0000000000))
REPRESENTATION_ITEM('')
);
#532=CARTESIAN_POINT('',(6.7187221022,28.2216244272,0.0000000000));
#533=CARTESIAN_POINT('',(6.6966236655,28.1532831078,0.0000000000));

#534=(
BOUNDED_CURVE()
B_SPLINE_CURVE(1,(#535,#536),.UNSPECIFIED.,.F.,.F.)
B_SPLINE_CURVE_WITH_KNOTS((2,2),(0.000,1.000),.UNSPECIFIED.)
CURVE()
GEOMETRIC_REPRESENTATION_ITEM()
RATIONAL_B_SPLINE_CURVE((1.0000000000,1.0000000000))
REPRESENTATION_ITEM('')
);
#535=CARTESIAN_POINT('',(6.6966236655,28.1532831078,0.0000000000));
#536=CARTESIAN_POINT('',(6.6832307420,28.0828137741,0.0000000000));

#537=(
BOUNDED_CURVE()
B_SPLINE_CURVE(1,(#538,#539),.UNSPECIFIED.,.F.,.F.)
B_SPLINE_CURVE_WITH_KNOTS((2,2),(0.000,1.000),.UNSPECIFIED.)
CURVE()
GEOMETRIC_REPRESENTATION_ITEM()
RATIONAL_B_SPLINE_CURVE((1.0000000000,1.0000000000))
REPRESENTATION_ITEM('')
);
#538=CARTESIAN_POINT('',(6.6832307420,28.0828137741,0.0000000000));
#539=CARTESIAN_POINT('',(6.6787440232,28.0112724010,0.0000000000));

#540=(
BOUNDED_CURVE()
B_SPLINE_CURVE(1,(#541,#542),.UNSPECIFIED.,.F.,.F.)
B_SPLINE_CURVE_WITH_KNOTS((2,2),(0.000,1.000),.UNSPECIFIED.)
CURVE()
GEOMETRIC_REPRESENTATION_ITEM()
RATIONAL_B_SPLINE_CURVE((1.0000000000,1.0000000000))
REPRESENTATION_ITEM('')
);
#541=CARTESIAN_POINT('',(6.6787440232,28.0112724010,0.0000000000));
#542=CARTESIAN_POINT('',(6.6832307420,27.9397310280,0.0000000000));

#543=(
BOUNDED_CURVE()
B_SPLINE_CURVE(1,(#544,#545),.UNSPECIFIED.,.F.,.F.)
B_SPLINE_CURVE_WITH_KNOTS((2,2),(0.000,1.000),.UNSPECIFIED.)
CURVE()
GEOMETRIC_REPRESENTATION_ITEM()
RATIONAL_B_SPLINE_CURVE((1.0000000000,1.0000000000))
REPRESENTATION_ITEM('')
);
#544=CARTESIAN_POINT('',(6.6832307420,27.9397310280,0.0000000000));
#545=CARTESIAN_POINT('',(6.6966236655,27.8692616943,0.0000000000));

#546=(
BOUNDED_CURVE()
B_SPLINE_CURVE(1,(#547,#548),.UNSPECIFIED.,.F.,.F.)
B_SPLINE_CURVE_WITH_KNOTS((2,2),(0.000,1.000),.UNSPECIFIED.)
CURVE()
GEOMETRIC_REPRESENTATION_ITEM()
RATIONAL_B_SPLINE_CURVE((1.0000000000,1.0000000000))
REPRESENTATION_ITEM('')
);
#547=CARTESIAN_POINT('',(6.6966236655,27.8692616943,0.0000000000));
#548=CARTESIAN_POINT('',(6.7187221022,27.8009203749,0.0000000000));

#549=(
BOUNDED_CURVE()
B_SPLINE_CURVE(1,(#550,#551),.UNSPECIFIED.,.F.,.F.)
B_SPLINE_CURVE_WITH_KNOTS((2,2),(0.000,1.000),.UNSPECIFIED.)
CURVE()
GEOMETRIC_REPRESENTATION_ITEM()
RATIONAL_B_SPLINE_CURVE((1.0000000000,1.0000000000))
REPRESENTATION_ITEM('')
);
#550=CARTESIAN_POINT('',(6.7187221022,27.8009203749,0.0000000000));
#551=CARTESIAN_POINT('',(6.7491949095,27.7357311568,0.0000000000));

#552=(
BOUNDED_CURVE()
B_SPLINE_CURVE(1,(#553,#554),.UNSPECIFIED.,.F.,.F.)
B_SPLINE_CURVE_WITH_KNOTS((2,2),(0.000,1.000),.UNSPECIFIED.)
CURVE()
GEOMETRIC_REPRESENTATION_ITEM()
RATIONAL_B_SPLINE_CURVE((1.0000000000,1.0000000000))
REPRESENTATION_ITEM('')
);
#553=CARTESIAN_POINT('',(6.7491949095,27.7357311568,0.0000000000));
#554=CARTESIAN_POINT('',(6.7632192646,27.7212866191,0.0000000000));

#555=(
BOUNDED_CURVE()
B_SPLINE_CURVE(1,(#556,#557),.UNSPECIFIED.,.F.,.F.)
B_SPLINE_CURVE_WITH_KNOTS((2,2),(0.000,1.000),.UNSPECIFIED.)
CURVE()
GEOMETRIC_REPRESENTATION_ITEM()
RATIONAL_B_SPLINE_CURVE((1.0000000000,1.0000000000))
REPRESENTATION_ITEM('')
);
#556=CARTESIAN_POINT('',(6.7632192646,27.7212866191,0.0000000000));
#557=CARTESIAN_POINT('',(6.7802625531,27.7103790210,0.0000000000));

#558=(
BOUNDED_CURVE()
B_SPLINE_CURVE(1,(#559,#560),.UNSPECIFIED.,.F.,.F.)
B_SPLINE_CURVE_WITH_KNOTS((2,2),(0.000,1.000),.UNSPECIFIED.)
CURVE()
GEOMETRIC_REPRESENTATION_ITEM()
RATIONAL_B_SPLINE_CURVE((1.0000000000,1.0000000000))
REPRESENTATION_ITEM('')
);
#559=CARTESIAN_POINT('',(6.7802625531,27.7103790210,0.0000000000));
#560=CARTESIAN_POINT('',(6.7994129247,27.7035919408,0.0000000000));

#561=(
BOUNDED_CURVE()
B_SPLINE_CURVE(1,(#562,#563),.UNSPECIFIED.,.F.,.F.)
B_SPLINE_CURVE_WITH_KNOTS((2,2),(0.000,1.000),.UNSPECIFIED.)
CURVE()
GEOMETRIC_REPRESENTATION_ITEM()
RATIONAL_B_SPLINE_CURVE((1.0000000000,1.0000000000))
REPRESENTATION_ITEM('')
);
#562=CARTESIAN_POINT('',(6.7994129247,27.7035919408,0.0000000000));
#563=CARTESIAN_POINT('',(6.8196457958,27.7012885012,0.0000000000));

#564=(
BOUNDED_CURVE()
B_SPLINE_CURVE(1,(#565,#566),.UNSPECIFIED.,.F.,.F.)
B_SPLINE_CURVE_WITH_KNOTS((2,2),(0.000,1.000),.UNSPECIFIED.)
CURVE()
GEOMETRIC_REPRESENTATION_ITEM()
RATIONAL_B_SPLINE_CURVE((1.0000000000,1.0000000000))
REPRESENTATION_ITEM('')
);
#565=CARTESIAN_POINT('',(6.8196457958,27.7012885012,0.0000000000));
#566=CARTESIAN_POINT('',(6.8398786669,27.7035919408,0.0000000000));

#567=(
BOUNDED_CURVE()
B_SPLINE_CURVE(1,(#568,#569),.UNSPECIFIED.,.F.,.F.)
B_SPLINE_CURVE_WITH_KNOTS((2,2),(0.000,1.000),.UNSPECIFIED.)
CURVE()
GEOMETRIC_REPRESENTATION_ITEM()
RATIONAL_B_SPLINE_CURVE((1.0000000000,1.0000000000))
REPRESENTATION_ITEM('')
);
#568=CARTESIAN_POINT('',(6.8398786669,27.7035919408,0.0000000000));
#569=CARTESIAN_POINT('',(6.8590290386,27.7103790210,0.0000000000));

#570=(
BOUNDED_CURVE()
B_SPLINE_CURVE(1,(#571,#572),.UNSPECIFIED.,.F.,.F.)
B_SPLINE_CURVE_WITH_KNOTS((2,2),(0.000,1.000),.UNSPECIFIED.)
CURVE()
GEOMETRIC_REPRESENTATION_ITEM()
RATIONAL_B_SPLINE_CURVE((1.0000000000,1.0000000000))
REPRESENTATION_ITEM('')
);
#571=CARTESIAN_POINT('',(6.8590290386,27.7103790210,0.0000000000));
#572=CARTESIAN_POINT('',(6.8760723271,27.7212866191,0.0000000000));

#573=(
BOUNDED_CURVE()
B_SPLINE_CURVE(1,(#574,#575),.UNSPECIFIED.,.F.,.F.)
B_SPLINE_CURVE_WITH_KNOTS((2,2),(0.000,1.000),.UNSPECIFIED.)
CURVE()
GEOMETRIC_REPRESENTATION_ITEM()
RATIONAL_B_SPLINE_CURVE((1.0000000000,1.0000000000))
REPRESENTATION_ITEM('')
);
#574=CARTESIAN_POINT('',(6.8760723271,27.7212866191,0.0000000000));
#575=CARTESIAN_POINT('',(6.8900966821,27.7357311568,0.0000000000));

#576=(
BOUNDED_CURVE()
B_SPLINE_CURVE(1,(#577,#578),.UNSPECIFIED.,.F.,.F.)
B_SPLINE_CURVE_WITH_KNOTS((2,2),(0.000,1.000),.UNSPECIFIED.)
CURVE()
GEOMETRIC_REPRESENTATION_ITEM()
RATIONAL_B_SPLINE_CURVE((1.0000000000,1.0000000000))
REPRESENTATION_ITEM('')
);
#577=CARTESIAN_POINT('',(6.8900966821,27.7357311568,0.0000000000));
#578=CARTESIAN_POINT('',(6.9205694895,27.8009203749,0.0000000000));

#579=(
BOUNDED_CURVE()
B_SPLINE_CURVE(1,(#580,#581),.UNSPECIFIED.,.F.,.F.)
B_SPLINE_CURVE_WITH_KNOTS((2,2),(0.000,1.000),.UNSPECIFIED.)
CURVE()
GEOMETRIC_REPRESENTATION_ITEM()
RATIONAL_B_SPLINE_CURVE((1.0000000000,1.0000000000))
REPRESENTATION_ITEM('')
);
#580=CARTESIAN_POINT('',(6.9205694895,27.8009203749,0.0000000000));
#581=CARTESIAN_POINT('',(6.9426679262,27.8692616943,0.0000000000));

#582=(
BOUNDED_CURVE()
B_SPLINE_CURVE(1,(#583,#584),.UNSPECIFIED.,.F.,.F.)
B_SPLINE_CURVE_WITH_KNOTS((2,2),(0.000,1.000),.UNSPECIFIED.)
CURVE()
GEOMETRIC_REPRESENTATION_ITEM()
RATIONAL_B_SPLINE_CURVE((1.0000000000,1.0000000000))
REPRESENTATION_ITEM('')
);
#583=CARTESIAN_POINT('',(6.9426679262,27.8692616943,0.0000000000));
#584=CARTESIAN_POINT('',(6.9560608497,27.9397310280,0.0000000000));

#585=(
BOUNDED_CURVE()
B_SPLINE_CURVE(1,(#586,#587),.UNSPECIFIED.,.F.,.F.)
B_SPLINE_CURVE_WITH_KNOTS((2,2),(0.000,1.000),.UNSPECIFIED.)
CURVE()
GEOMETRIC_REPRESENTATION_ITEM()
RATIONAL_B_SPLINE_CURVE((1.0000000000,1.0000000000))
REPRESENTATION_ITEM('')
);
#586=CARTESIAN_POINT('',(6.9560608497,27.9397310280,0.0000000000));
#587=CARTESIAN_POINT('',(6.9605475685,28.0112724010,0.0000000000));

#588=(
BOUNDED_CURVE()
B_SPLINE_CURVE(1,(#589,#590),.UNSPECIFIED.,.F.,.F.)
B_SPLINE_CURVE_WITH_KNOTS((2,2),(0.000,1.000),.UNSPECIFIED.)
CURVE()
GEOMETRIC_REPRESENTATION_ITEM()
RATIONAL_B_SPLINE_CURVE((1.0000000000,1.0000000000))
REPRESENTATION_ITEM('')
);
#589=CARTESIAN_POINT('',(6.9605475685,28.0112724010,0.0000000000));
#590=CARTESIAN_POINT('',(6.9560608497,28.0828137741,0.0000000000));

#591=(
BOUNDED_CURVE()
B_SPLINE_CURVE(1,(#592,#593),.UNSPECIFIED.,.F.,.F.)
B_SPLINE_CURVE_WITH_KNOTS((2,2),(0.000,1.000),.UNSPECIFIED.)
CURVE()
GEOMETRIC_REPRESENTATION_ITEM()
RATIONAL_B_SPLINE_CURVE((1.0000000000,1.0000000000))
REPRESENTATION_ITEM('')
);
#592=CARTESIAN_POINT('',(6.9560608497,28.0828137741,0.0000000000));
#593=CARTESIAN_POINT('',(6.9426679262,28.1532831078,0.0000000000));

#594=(
BOUNDED_CURVE()
B_SPLINE_CURVE(1,(#595,#596),.UNSPECIFIED.,.F.,.F.)
B_SPLINE_CURVE_WITH_KNOTS((2,2),(0.000,1.000),.UNSPECIFIED.)
CURVE()
GEOMETRIC_REPRESENTATION_ITEM()
RATIONAL_B_SPLINE_CURVE((1.0000000000,1.0000000000))
REPRESENTATION_ITEM('')
);
#595=CARTESIAN_POINT('',(6.9426679262,28.1532831078,0.0000000000));
#596=CARTESIAN_POINT('',(6.9205694895,28.2216244272,0.0000000000));

#597=(
BOUNDED_CURVE()
B_SPLINE_CURVE(1,(#598,#599),.UNSPECIFIED.,.F.,.F.)
B_SPLINE_CURVE_WITH_KNOTS((2,2),(0.000,1.000),.UNSPECIFIED.)
CURVE()
GEOMETRIC_REPRESENTATION_ITEM()
RATIONAL_B_SPLINE_CURVE((1.0000000000,1.0000000000))
REPRESENTATION_ITEM('')
);
#598=CARTESIAN_POINT('',(6.9205694895,28.2216244272,0.0000000000));
#599=CARTESIAN_POINT('',(6.8900966821,28.2868136453,0.0000000000));

#600=(
BOUNDED_CURVE()
B_SPLINE_CURVE(1,(#601,#602),.UNSPECIFIED.,.F.,.F.)
B_SPLINE_CURVE_WITH_KNOTS((2,2),(0.000,1.000),.UNSPECIFIED.)
CURVE()
GEOMETRIC_REPRESENTATION_ITEM()
RATIONAL_B_SPLINE_CURVE((1.0000000000,1.0000000000))
REPRESENTATION_ITEM('')
);
#601=CARTESIAN_POINT('',(26.8558778654,8.7640902583,0.0000000000));
#602=CARTESIAN_POINT('',(26.1795493567,8.7640902583,0.0000000000));

#603=(
BOUNDED_CURVE()
B_SPLINE_CURVE(1,(#604,#605),.UNSPECIFIED.,.F.,.F.)
B_SPLINE_CURVE_WITH_KNOTS((2,2),(0.000,1.000),.UNSPECIFIED.)
CURVE()
GEOMETRIC_REPRESENTATION_ITEM()
RATIONAL_B_SPLINE_CURVE((1.0000000000,1.0000000000))
REPRESENTATION_ITEM('')
);
#604=CARTESIAN_POINT('',(26.1795493567,8.7640902583,0.0000000000));
#605=CARTESIAN_POINT('',(26.1795493567,8.0877617496,0.0000000000));

#606=(
BOUNDED_CURVE()
B_SPLINE_CURVE(1,(#607,#608),.UNSPECIFIED.,.F.,.F.)
B_SPLINE_CURVE_WITH_KNOTS((2,2),(0.000,1.000),.UNSPECIFIED.)
CURVE()
GEOMETRIC_REPRESENTATION_ITEM()
RATIONAL_B_SPLINE_CURVE((1.0000000000,1.0000000000))
REPRESENTATION_ITEM('')
);
#607=CARTESIAN_POINT('',(26.1795493567,8.0877617496,0.0000000000));
#608=CARTESIAN_POINT('',(26.8558778654,8.0877617496,0.0000000000));

#609=(
BOUNDED_CURVE()
B_SPLINE_CURVE(1,(#610,#611),.UNSPECIFIED.,.F.,.F.)
B_SPLINE_CURVE_WITH_KNOTS((2,2),(0.000,1.000),.UNSPECIFIED.)
CURVE()
GEOMETRIC_REPRESENTATION_ITEM()
RATIONAL_B_SPLINE_CURVE((1.0000000000,1.0000000000))
REPRESENTATION_ITEM('')
);
#610=CARTESIAN_POINT('',(26.8558778654,8.0877617496,0.0000000000));
#611=CARTESIAN_POINT('',(26.8558778654,8.7640902583,0.0000000000));

#612=(
BOUNDED_CURVE()
B_SPLINE_CURVE(1,(#613,#614),.UNSPECIFIED.,.F.,.F.)
B_SPLINE_CURVE_WITH_KNOTS((2,2),(0.000,1.000),.UNSPECIFIED.)
CURVE()
GEOMETRIC_REPRESENTATION_ITEM()
RATIONAL_B_SPLINE_CURVE((1.0000000000,1.0000000000))
REPRESENTATION_ITEM('')
);
#613=CARTESIAN_POINT('',(-8.1441224587,-20.0362320696,0.0000000000));
#614=CARTESIAN_POINT('',(-8.8204509673,-20.0362320696,0.0000000000));

#615=(
BOUNDED_CURVE()
B_SPLINE_CURVE(1,(#616,#617),.UNSPECIFIED.,.F.,.F.)
B_SPLINE_CURVE_WITH_KNOTS((2,2),(0.000,1.000),.UNSPECIFIED.)
CURVE()
GEOMETRIC_REPRESENTATION_ITEM()
RATIONAL_B_SPLINE_CURVE((1.0000000000,1.0000000000))
REPRESENTATION_ITEM('')
);
#616=CARTESIAN_POINT('',(-8.8204509673,-20.0362320696,0.0000000000));
#617=CARTESIAN_POINT('',(-8.8204509673,-20.7125605782,0.0000000000));

#618=(
BOUNDED_CURVE()
B_SPLINE_CURVE(1,(#619,#620),.UNSPECIFIED.,.F.,.F.)
B_SPLINE_CURVE_WITH_KNOTS((2,2),(0.000,1.000),.UNSPECIFIED.)
CURVE()
GEOMETRIC_REPRESENTATION_ITEM()
RATIONAL_B_SPLINE_CURVE((1.0000000000,1.0000000000))
REPRESENTATION_ITEM('')
);
#619=CARTESIAN_POINT('',(-8.8204509673,-20.7125605782,0.0000000000));
#620=CARTESIAN_POINT('',(-8.1441224587,-20.7125605782,0.0000000000));

#621=(
BOUNDED_CURVE()
B_SPLINE_CURVE(1,(#622,#623),.UNSPECIFIED.,.F.,.F.)
B_SPLINE_CURVE_WITH_KNOTS((2,2),(0.000,1.000),.UNSPECIFIED.)
CURVE()
GEOMETRIC_REPRESENTATION_ITEM()
RATIONAL_B_SPLINE_CURVE((1.0000000000,1.0000000000))
REPRESENTATION_ITEM('')
);
#622=CARTESIAN_POINT('',(-8.1441224587,-20.7125605782,0.0000000000));
#623=CARTESIAN_POINT('',(-8.1441224587,-20.0362320696,0.0000000000));

#624=(
BOUNDED_CURVE()
B_SPLINE_CURVE(1,(#625,#626),.UNSPECIFIED.,.F.,.F.)
B_SPLINE_CURVE_WITH_KNOTS((2,2),(0.000,1.000),.UNSPECIFIED.)
CURVE()
GEOMETRIC_REPRESENTATION_ITEM()
RATIONAL_B_SPLINE_CURVE((1.0000000000,1.0000000000))
REPRESENTATION_ITEM('')
);
#625=CARTESIAN_POINT('',(26.5000002592,-28.0000002592,0.0000000000));
#626=CARTESIAN_POINT('',(26.5000002592,15.9999997408,0.0000000000));

#627=(
BOUNDED_CURVE()
B_SPLINE_CURVE(1,(#628,#629),.UNSPECIFIED.,.F.,.F.)
B_SPLINE_CURVE_WITH_KNOTS((2,2),(0.000,1.000),.UNSPECIFIED.)
CURVE()
GEOMETRIC_REPRESENTATION_ITEM()
RATIONAL_B_SPLINE_CURVE((1.0000000000,1.0000000000))
REPRESENTATION_ITEM('')
);
#628=CARTESIAN_POINT('',(26.5000002592,15.9999997408,0.0000000000));
#629=CARTESIAN_POINT('',(-14.4999997408,15.9999997408,0.0000000000));

#630=(
BOUNDED_CURVE()
B_SPLINE_CURVE(1,(#631,#632),.UNSPECIFIED.,.F.,.F.)
B_SPLINE_CURVE_WITH_KNOTS((2,2),(0.000,1.000),.UNSPECIFIED.)
CURVE()
GEOMETRIC_REPRESENTATION_ITEM()
RATIONAL_B_SPLINE_CURVE((1.0000000000,1.0000000000))
REPRESENTATION_ITEM('')
);
#631=CARTESIAN_POINT('',(-14.4999997408,15.9999997408,0.0000000000));
#632=CARTESIAN_POINT('',(-14.4999997408,-28.0000002592,0.0000000000));

#633=(
BOUNDED_CURVE()
B_SPLINE_CURVE(1,(#634,#635),.UNSPECIFIED.,.F.,.F.)
B_SPLINE_CURVE_WITH_KNOTS((2,2),(0.000,1.000),.UNSPECIFIED.)
CURVE()
GEOMETRIC_REPRESENTATION_ITEM()
RATIONAL_B_SPLINE_CURVE((1.0000000000,1.0000000000))
REPRESENTATION_ITEM('')
);
#634=CARTESIAN_POINT('',(-14.4999997408,-28.0000002592,0.0000000000));
#635=CARTESIAN_POINT('',(26.5000002592,-28.0000002592,0.0000000000));

#636=(
BOUNDED_CURVE()
B_SPLINE_CURVE(2,(#637,#638,#639),.UNSPECIFIED.,.F.,.F.)
B_SPLINE_CURVE_WITH_KNOTS((3,3),(0.000,1.000),.UNSPECIFIED.)
CURVE()
GEOMETRIC_REPRESENTATION_ITEM()
RATIONAL_B_SPLINE_CURVE((1.0000000000,0.7071067812,1.0000000000))
REPRESENTATION_ITEM('')
);
#637=CARTESIAN_POINT('',(-5.2999997408,-20.4000002592,0.0000000000));
#638=CARTESIAN_POINT('',(-5.2999997408,-22.0000002592,0.0000000000));
#639=CARTESIAN_POINT('',(-6.8999997408,-22.0000002592,0.0000000000));

#640=(
BOUNDED_CURVE()
B_SPLINE_CURVE(2,(#641,#642,#643),.UNSPECIFIED.,.F.,.F.)
B_SPLINE_CURVE_WITH_KNOTS((3,3),(0.000,1.000),.UNSPECIFIED.)
CURVE()
GEOMETRIC_REPRESENTATION_ITEM()
RATIONAL_B_SPLINE_CURVE((1.0000000000,0.7071067812,1.0000000000))
REPRESENTATION_ITEM('')
);
#641=CARTESIAN_POINT('',(-6.8999997408,-22.0000002592,0.0000000000));
#642=CARTESIAN_POINT('',(-8.4999997408,-22.0000002592,0.0000000000));
#643=CARTESIAN_POINT('',(-8.4999997408,-20.4000002592,0.0000000000));

#644=(
BOUNDED_CURVE()
B_SPLINE_CURVE(2,(#645,#646,#647),.UNSPECIFIED.,.F.,.F.)
B_SPLINE_CURVE_WITH_KNOTS((3,3),(0.000,1.000),.UNSPECIFIED.)
CURVE()
GEOMETRIC_REPRESENTATION_ITEM()
RATIONAL_B_SPLINE_CURVE((1.0000000000,0.7071067812,1.0000000000))
REPRESENTATION_ITEM('')
);
#645=CARTESIAN_POINT('',(-8.4999997408,-20.4000002592,0.0000000000));
#646=CARTESIAN_POINT('',(-8.4999997408,-18.8000002592,0.0000000000));
#647=CARTESIAN_POINT('',(-6.8999997408,-18.8000002592,0.0000000000));

#648=(
BOUNDED_CURVE()
B_SPLINE_CURVE(2,(#649,#650,#651),.UNSPECIFIED.,.F.,.F.)
B_SPLINE_CURVE_WITH_KNOTS((3,3),(0.000,1.000),.UNSPECIFIED.)
CURVE()
GEOMETRIC_REPRESENTATION_ITEM()
RATIONAL_B_SPLINE_CURVE((1.0000000000,0.7071067812,1.0000000000))
REPRESENTATION_ITEM('')
);
#649=CARTESIAN_POINT('',(-6.8999997408,-18.8000002592,0.0000000000));
#650=CARTESIAN_POINT('',(-5.2999997408,-18.8000002592,0.0000000000));
#651=CARTESIAN_POINT('',(-5.2999997408,-20.4000002592,0.0000000000));

#652=(
BOUNDED_CURVE()
B_SPLINE_CURVE(1,(#653,#654),.UNSPECIFIED.,.F.,.F.)
B_SPLINE_CURVE_WITH_KNOTS((2,2),(0.000,1.000),.UNSPECIFIED.)
CURVE()
GEOMETRIC_REPRESENTATION_ITEM()
RATIONAL_B_SPLINE_CURVE((1.0000000000,1.0000000000))
REPRESENTATION_ITEM('')
);
#653=CARTESIAN_POINT('',(25.6159422661,-5.6642512602,0.0000000000));
#654=CARTESIAN_POINT('',(25.8413851024,-6.2842190598,0.0000000000));

#655=(
BOUNDED_CURVE()
B_SPLINE_CURVE(1,(#656,#657),.UNSPECIFIED.,.F.,.F.)
B_SPLINE_CURVE_WITH_KNOTS((2,2),(0.000,1.000),.UNSPECIFIED.)
CURVE()
GEOMETRIC_REPRESENTATION_ITEM()
RATIONAL_B_SPLINE_CURVE((1.0000000000,1.0000000000))
REPRESENTATION_ITEM('')
);
#656=CARTESIAN_POINT('',(25.8413851024,-6.2842190598,0.0000000000));
#657=CARTESIAN_POINT('',(26.0668279386,-5.6642512602,0.0000000000));

#658=(
BOUNDED_CURVE()
B_SPLINE_CURVE(1,(#659,#660),.UNSPECIFIED.,.F.,.F.)
B_SPLINE_CURVE_WITH_KNOTS((2,2),(0.000,1.000),.UNSPECIFIED.)
CURVE()
GEOMETRIC_REPRESENTATION_ITEM()
RATIONAL_B_SPLINE_CURVE((1.0000000000,1.0000000000))
REPRESENTATION_ITEM('')
);
#659=CARTESIAN_POINT('',(5.8333333873,-27.6449277922,0.0000000000));
#660=CARTESIAN_POINT('',(5.8333333873,-27.0249599926,0.0000000000));

#661=(
BOUNDED_CURVE()
B_SPLINE_CURVE(1,(#662,#663),.UNSPECIFIED.,.F.,.F.)
B_SPLINE_CURVE_WITH_KNOTS((2,2),(0.000,1.000),.UNSPECIFIED.)
CURVE()
GEOMETRIC_REPRESENTATION_ITEM()
RATIONAL_B_SPLINE_CURVE((1.0000000000,1.0000000000))
REPRESENTATION_ITEM('')
);
#662=CARTESIAN_POINT('',(6.1714976417,-27.6449277922,0.0000000000));
#663=CARTESIAN_POINT('',(6.1714976417,-27.0249599926,0.0000000000));

#664=(
BOUNDED_CURVE()
B_SPLINE_CURVE(1,(#665,#666),.UNSPECIFIED.,.F.,.F.)
B_SPLINE_CURVE_WITH_KNOTS((2,2),(0.000,1.000),.UNSPECIFIED.)
CURVE()
GEOMETRIC_REPRESENTATION_ITEM()
RATIONAL_B_SPLINE_CURVE((1.0000000000,1.0000000000))
REPRESENTATION_ITEM('')
);
#665=CARTESIAN_POINT('',(5.8333333873,-27.3005012368,0.0000000000));
#666=CARTESIAN_POINT('',(6.1714976417,-27.3005012368,0.0000000000));

#667=(
BOUNDED_CURVE()
B_SPLINE_CURVE(1,(#668,#669),.UNSPECIFIED.,.F.,.F.)
B_SPLINE_CURVE_WITH_KNOTS((2,2),(0.000,1.000),.UNSPECIFIED.)
CURVE()
GEOMETRIC_REPRESENTATION_ITEM()
RATIONAL_B_SPLINE_CURVE((1.0000000000,1.0000000000))
REPRESENTATION_ITEM('')
);
#668=CARTESIAN_POINT('',(-14.0619969096,-5.6642512602,0.0000000000));
#669=CARTESIAN_POINT('',(-13.8365540734,-6.2842190598,0.0000000000));

#670=(
BOUNDED_CURVE()
B_SPLINE_CURVE(1,(#671,#672),.UNSPECIFIED.,.F.,.F.)
B_SPLINE_CURVE_WITH_KNOTS((2,2),(0.000,1.000),.UNSPECIFIED.)
CURVE()
GEOMETRIC_REPRESENTATION_ITEM()
RATIONAL_B_SPLINE_CURVE((1.0000000000,1.0000000000))
REPRESENTATION_ITEM('')
);
#671=CARTESIAN_POINT('',(-13.8365540734,-6.2842190598,0.0000000000));
#672=CARTESIAN_POINT('',(-13.6111112371,-5.6642512602,0.0000000000));

#673=(
BOUNDED_CURVE()
B_SPLINE_CURVE(1,(#674,#675),.UNSPECIFIED.,.F.,.F.)
B_SPLINE_CURVE_WITH_KNOTS((2,2),(0.000,1.000),.UNSPECIFIED.)
CURVE()
GEOMETRIC_REPRESENTATION_ITEM()
RATIONAL_B_SPLINE_CURVE((1.0000000000,1.0000000000))
REPRESENTATION_ITEM('')
);
#674=CARTESIAN_POINT('',(5.8333333873,15.0764896726,0.0000000000));
#675=CARTESIAN_POINT('',(5.8333333873,15.6964574722,0.0000000000));

#676=(
BOUNDED_CURVE()
B_SPLINE_CURVE(1,(#677,#678),.UNSPECIFIED.,.F.,.F.)
B_SPLINE_CURVE_WITH_KNOTS((2,2),(0.000,1.000),.UNSPECIFIED.)
CURVE()
GEOMETRIC_REPRESENTATION_ITEM()
RATIONAL_B_SPLINE_CURVE((1.0000000000,1.0000000000))
REPRESENTATION_ITEM('')
);
#677=CARTESIAN_POINT('',(6.1714976417,15.0764896726,0.0000000000));
#678=CARTESIAN_POINT('',(6.1714976417,15.6964574722,0.0000000000));

#679=(
BOUNDED_CURVE()
B_SPLINE_CURVE(1,(#680,#681),.UNSPECIFIED.,.F.,.F.)
B_SPLINE_CURVE_WITH_KNOTS((2,2),(0.000,1.000),.UNSPECIFIED.)
CURVE()
GEOMETRIC_REPRESENTATION_ITEM()
RATIONAL_B_SPLINE_CURVE((1.0000000000,1.0000000000))
REPRESENTATION_ITEM('')
);
#680=CARTESIAN_POINT('',(5.8333333873,15.4209162279,0.0000000000));
#681=CARTESIAN_POINT('',(6.1714976417,15.4209162279,0.0000000000));

#682=(
BOUNDED_CURVE()
B_SPLINE_CURVE(1,(#683,#684),.UNSPECIFIED.,.F.,.F.)
B_SPLINE_CURVE_WITH_KNOTS((2,2),(0.000,1.000),.UNSPECIFIED.)
CURVE()
GEOMETRIC_REPRESENTATION_ITEM()
RATIONAL_B_SPLINE_CURVE((1.0000000000,1.0000000000))
REPRESENTATION_ITEM('')
);
#683=CARTESIAN_POINT('',(-14.5128825820,15.9782610175,0.0000000000));
#684=CARTESIAN_POINT('',(-27.0813207016,15.9782610175,0.0000000000));

#685=(
BOUNDED_CURVE()
B_SPLINE_CURVE(1,(#686,#687),.UNSPECIFIED.,.F.,.F.)
B_SPLINE_CURVE_WITH_KNOTS((2,2),(0.000,1.000),.UNSPECIFIED.)
CURVE()
GEOMETRIC_REPRESENTATION_ITEM()
RATIONAL_B_SPLINE_CURVE((1.0000000000,1.0000000000))
REPRESENTATION_ITEM('')
);
#686=CARTESIAN_POINT('',(-14.5128825820,-27.9830920465,0.0000000000));
#687=CARTESIAN_POINT('',(-27.0813207016,-27.9830920465,0.0000000000));

#688=(
BOUNDED_CURVE()
B_SPLINE_CURVE(1,(#689,#690),.UNSPECIFIED.,.F.,.F.)
B_SPLINE_CURVE_WITH_KNOTS((2,2),(0.000,1.000),.UNSPECIFIED.)
CURVE()
GEOMETRIC_REPRESENTATION_ITEM()
RATIONAL_B_SPLINE_CURVE((1.0000000000,1.0000000000))
REPRESENTATION_ITEM('')
);
#689=CARTESIAN_POINT('',(-26.5177136111,15.9782610175,0.0000000000));
#690=CARTESIAN_POINT('',(-26.5177136111,-5.4388084239,0.0000000000));

#691=(
BOUNDED_CURVE()
B_SPLINE_CURVE(1,(#692,#693),.UNSPECIFIED.,.F.,.F.)
B_SPLINE_CURVE_WITH_KNOTS((2,2),(0.000,1.000),.UNSPECIFIED.)
CURVE()
GEOMETRIC_REPRESENTATION_ITEM()
RATIONAL_B_SPLINE_CURVE((1.0000000000,1.0000000000))
REPRESENTATION_ITEM('')
);
#692=CARTESIAN_POINT('',(-26.5177136111,-6.5660226051,0.0000000000));
#693=CARTESIAN_POINT('',(-26.5177136111,-27.9830920465,0.0000000000));

#694=(
BOUNDED_CURVE()
B_SPLINE_CURVE(1,(#695,#696),.UNSPECIFIED.,.F.,.F.)
B_SPLINE_CURVE_WITH_KNOTS((2,2),(0.000,1.000),.UNSPECIFIED.)
CURVE()
GEOMETRIC_REPRESENTATION_ITEM()
RATIONAL_B_SPLINE_CURVE((1.0000000000,1.0000000000))
REPRESENTATION_ITEM('')
);
#695=CARTESIAN_POINT('',(-26.5177136111,-27.9830920465,0.0000000000));
#696=CARTESIAN_POINT('',(-26.2359100658,-27.2504028288,0.0000000000));

#697=(
BOUNDED_CURVE()
B_SPLINE_CURVE(1,(#698,#699),.UNSPECIFIED.,.F.,.F.)
B_SPLINE_CURVE_WITH_KNOTS((2,2),(0.000,1.000),.UNSPECIFIED.)
CURVE()
GEOMETRIC_REPRESENTATION_ITEM()
RATIONAL_B_SPLINE_CURVE((1.0000000000,1.0000000000))
REPRESENTATION_ITEM('')
);
#698=CARTESIAN_POINT('',(-26.5177136111,15.9782610175,0.0000000000));
#699=CARTESIAN_POINT('',(-26.7431564473,15.2455717998,0.0000000000));

#700=(
BOUNDED_CURVE()
B_SPLINE_CURVE(1,(#701,#702),.UNSPECIFIED.,.F.,.F.)
B_SPLINE_CURVE_WITH_KNOTS((2,2),(0.000,1.000),.UNSPECIFIED.)
CURVE()
GEOMETRIC_REPRESENTATION_ITEM()
RATIONAL_B_SPLINE_CURVE((1.0000000000,1.0000000000))
REPRESENTATION_ITEM('')
);
#701=CARTESIAN_POINT('',(-26.5177136111,15.9782610175,0.0000000000));
#702=CARTESIAN_POINT('',(-26.2359100658,15.2455717998,0.0000000000));

#703=(
BOUNDED_CURVE()
B_SPLINE_CURVE(1,(#704,#705),.UNSPECIFIED.,.F.,.F.)
B_SPLINE_CURVE_WITH_KNOTS((2,2),(0.000,1.000),.UNSPECIFIED.)
CURVE()
GEOMETRIC_REPRESENTATION_ITEM()
RATIONAL_B_SPLINE_CURVE((1.0000000000,1.0000000000))
REPRESENTATION_ITEM('')
);
#704=CARTESIAN_POINT('',(-26.5177136111,-27.9830920465,0.0000000000));
#705=CARTESIAN_POINT('',(-26.7431564473,-27.2504028288,0.0000000000));

#706=(
BOUNDED_CURVE()
B_SPLINE_CURVE(1,(#707,#708),.UNSPECIFIED.,.F.,.F.)
B_SPLINE_CURVE_WITH_KNOTS((2,2),(0.000,1.000),.UNSPECIFIED.)
CURVE()
GEOMETRIC_REPRESENTATION_ITEM()
RATIONAL_B_SPLINE_CURVE((1.0000000000,1.0000000000))
REPRESENTATION_ITEM('')
);
#707=CARTESIAN_POINT('',(-27.4307570978,-5.6642512602,0.0000000000));
#708=CARTESIAN_POINT('',(-27.5885670831,-6.1902845447,0.0000000000));

#709=(
BOUNDED_CURVE()
B_SPLINE_CURVE(1,(#710,#711),.UNSPECIFIED.,.F.,.F.)
B_SPLINE_CURVE_WITH_KNOTS((2,2),(0.000,1.000),.UNSPECIFIED.)
CURVE()
GEOMETRIC_REPRESENTATION_ITEM()
RATIONAL_B_SPLINE_CURVE((1.0000000000,1.0000000000))
REPRESENTATION_ITEM('')
);
#710=CARTESIAN_POINT('',(-27.5885670831,-6.1902845447,0.0000000000));
#711=CARTESIAN_POINT('',(-27.1940421197,-6.1902845447,0.0000000000));

#712=(
BOUNDED_CURVE()
B_SPLINE_CURVE(1,(#713,#714),.UNSPECIFIED.,.F.,.F.)
B_SPLINE_CURVE_WITH_KNOTS((2,2),(0.000,1.000),.UNSPECIFIED.)
CURVE()
GEOMETRIC_REPRESENTATION_ITEM()
RATIONAL_B_SPLINE_CURVE((1.0000000000,1.0000000000))
REPRESENTATION_ITEM('')
);
#713=CARTESIAN_POINT('',(-27.3123996087,-6.0399893205,0.0000000000));
#714=CARTESIAN_POINT('',(-27.3123996087,-6.3405797688,0.0000000000));

#715=(
BOUNDED_CURVE()
B_SPLINE_CURVE(1,(#716,#717),.UNSPECIFIED.,.F.,.F.)
B_SPLINE_CURVE_WITH_KNOTS((2,2),(0.000,1.000),.UNSPECIFIED.)
CURVE()
GEOMETRIC_REPRESENTATION_ITEM()
RATIONAL_B_SPLINE_CURVE((1.0000000000,1.0000000000))
REPRESENTATION_ITEM('')
);
#716=CARTESIAN_POINT('',(-26.8671500072,-5.6642512602,0.0000000000));
#717=CARTESIAN_POINT('',(-27.0249599926,-6.1902845447,0.0000000000));

#718=(
BOUNDED_CURVE()
B_SPLINE_CURVE(1,(#719,#720),.UNSPECIFIED.,.F.,.F.)
B_SPLINE_CURVE_WITH_KNOTS((2,2),(0.000,1.000),.UNSPECIFIED.)
CURVE()
GEOMETRIC_REPRESENTATION_ITEM()
RATIONAL_B_SPLINE_CURVE((1.0000000000,1.0000000000))
REPRESENTATION_ITEM('')
);
#719=CARTESIAN_POINT('',(-27.0249599926,-6.1902845447,0.0000000000));
#720=CARTESIAN_POINT('',(-26.6304350292,-6.1902845447,0.0000000000));

#721=(
BOUNDED_CURVE()
B_SPLINE_CURVE(1,(#722,#723),.UNSPECIFIED.,.F.,.F.)
B_SPLINE_CURVE_WITH_KNOTS((2,2),(0.000,1.000),.UNSPECIFIED.)
CURVE()
GEOMETRIC_REPRESENTATION_ITEM()
RATIONAL_B_SPLINE_CURVE((1.0000000000,1.0000000000))
REPRESENTATION_ITEM('')
);
#722=CARTESIAN_POINT('',(-26.7487925182,-6.0399893205,0.0000000000));
#723=CARTESIAN_POINT('',(-26.7487925182,-6.3405797688,0.0000000000));

#724=(
BOUNDED_CURVE()
B_SPLINE_CURVE(1,(#725,#726),.UNSPECIFIED.,.F.,.F.)
B_SPLINE_CURVE_WITH_KNOTS((2,2),(0.000,1.000),.UNSPECIFIED.)
CURVE()
GEOMETRIC_REPRESENTATION_ITEM()
RATIONAL_B_SPLINE_CURVE((1.0000000000,1.0000000000))
REPRESENTATION_ITEM('')
);
#725=CARTESIAN_POINT('',(-26.4049921929,-6.3405797688,0.0000000000));
#726=CARTESIAN_POINT('',(-26.4049921929,-6.3030059628,0.0000000000));

#727=(
BOUNDED_CURVE()
B_SPLINE_CURVE(1,(#728,#729),.UNSPECIFIED.,.F.,.F.)
B_SPLINE_CURVE_WITH_KNOTS((2,2),(0.000,1.000),.UNSPECIFIED.)
CURVE()
GEOMETRIC_REPRESENTATION_ITEM()
RATIONAL_B_SPLINE_CURVE((1.0000000000,1.0000000000))
REPRESENTATION_ITEM('')
);
#728=CARTESIAN_POINT('',(26.5177136111,15.9782610175,0.0000000000));
#729=CARTESIAN_POINT('',(26.5177136111,28.5466991371,0.0000000000));

#730=(
BOUNDED_CURVE()
B_SPLINE_CURVE(1,(#731,#732),.UNSPECIFIED.,.F.,.F.)
B_SPLINE_CURVE_WITH_KNOTS((2,2),(0.000,1.000),.UNSPECIFIED.)
CURVE()
GEOMETRIC_REPRESENTATION_ITEM()
RATIONAL_B_SPLINE_CURVE((1.0000000000,1.0000000000))
REPRESENTATION_ITEM('')
);
#731=CARTESIAN_POINT('',(-14.5128825820,15.9782610175,0.0000000000));
#732=CARTESIAN_POINT('',(-14.5128825820,28.5466991371,0.0000000000));

#733=(
BOUNDED_CURVE()
B_SPLINE_CURVE(1,(#734,#735),.UNSPECIFIED.,.F.,.F.)
B_SPLINE_CURVE_WITH_KNOTS((2,2),(0.000,1.000),.UNSPECIFIED.)
CURVE()
GEOMETRIC_REPRESENTATION_ITEM()
RATIONAL_B_SPLINE_CURVE((1.0000000000,1.0000000000))
REPRESENTATION_ITEM('')
);
#734=CARTESIAN_POINT('',(26.5177136111,27.9830920465,0.0000000000));
#735=CARTESIAN_POINT('',(7.1859904047,27.9830920465,0.0000000000));

#736=(
BOUNDED_CURVE()
B_SPLINE_CURVE(1,(#737,#738),.UNSPECIFIED.,.F.,.F.)
B_SPLINE_CURVE_WITH_KNOTS((2,2),(0.000,1.000),.UNSPECIFIED.)
CURVE()
GEOMETRIC_REPRESENTATION_ITEM()
RATIONAL_B_SPLINE_CURVE((1.0000000000,1.0000000000))
REPRESENTATION_ITEM('')
);
#737=CARTESIAN_POINT('',(4.8188406243,27.9830920465,0.0000000000));
#738=CARTESIAN_POINT('',(-14.5128825820,27.9830920465,0.0000000000));

#739=(
BOUNDED_CURVE()
B_SPLINE_CURVE(1,(#740,#741),.UNSPECIFIED.,.F.,.F.)
B_SPLINE_CURVE_WITH_KNOTS((2,2),(0.000,1.000),.UNSPECIFIED.)
CURVE()
GEOMETRIC_REPRESENTATION_ITEM()
RATIONAL_B_SPLINE_CURVE((1.0000000000,1.0000000000))
REPRESENTATION_ITEM('')
);
#740=CARTESIAN_POINT('',(-14.5128825820,27.9830920465,0.0000000000));
#741=CARTESIAN_POINT('',(-13.7801933643,27.7576492103,0.0000000000));

#742=(
BOUNDED_CURVE()
B_SPLINE_CURVE(1,(#743,#744),.UNSPECIFIED.,.F.,.F.)
B_SPLINE_CURVE_WITH_KNOTS((2,2),(0.000,1.000),.UNSPECIFIED.)
CURVE()
GEOMETRIC_REPRESENTATION_ITEM()
RATIONAL_B_SPLINE_CURVE((1.0000000000,1.0000000000))
REPRESENTATION_ITEM('')
);
#743=CARTESIAN_POINT('',(26.5177136111,27.9830920465,0.0000000000));
#744=CARTESIAN_POINT('',(25.7850243933,28.2648955918,0.0000000000));

#745=(
BOUNDED_CURVE()
B_SPLINE_CURVE(1,(#746,#747),.UNSPECIFIED.,.F.,.F.)
B_SPLINE_CURVE_WITH_KNOTS((2,2),(0.000,1.000),.UNSPECIFIED.)
CURVE()
GEOMETRIC_REPRESENTATION_ITEM()
RATIONAL_B_SPLINE_CURVE((1.0000000000,1.0000000000))
REPRESENTATION_ITEM('')
);
#746=CARTESIAN_POINT('',(26.5177136111,27.9830920465,0.0000000000));
#747=CARTESIAN_POINT('',(25.7850243933,27.7576492103,0.0000000000));

#748=(
BOUNDED_CURVE()
B_SPLINE_CURVE(1,(#749,#750),.UNSPECIFIED.,.F.,.F.)
B_SPLINE_CURVE_WITH_KNOTS((2,2),(0.000,1.000),.UNSPECIFIED.)
CURVE()
GEOMETRIC_REPRESENTATION_ITEM()
RATIONAL_B_SPLINE_CURVE((1.0000000000,1.0000000000))
REPRESENTATION_ITEM('')
);
#749=CARTESIAN_POINT('',(-14.5128825820,27.9830920465,0.0000000000));
#750=CARTESIAN_POINT('',(-13.7801933643,28.2648955918,0.0000000000));

#751=(
BOUNDED_CURVE()
B_SPLINE_CURVE(1,(#752,#753),.UNSPECIFIED.,.F.,.F.)
B_SPLINE_CURVE_WITH_KNOTS((2,2),(0.000,1.000),.UNSPECIFIED.)
CURVE()
GEOMETRIC_REPRESENTATION_ITEM()
RATIONAL_B_SPLINE_CURVE((1.0000000000,1.0000000000))
REPRESENTATION_ITEM('')
);
#752=CARTESIAN_POINT('',(5.1795491623,28.3212563009,0.0000000000));
#753=CARTESIAN_POINT('',(5.0442834606,27.8390591234,0.0000000000));

#754=(
BOUNDED_CURVE()
B_SPLINE_CURVE(1,(#755,#756),.UNSPECIFIED.,.F.,.F.)
B_SPLINE_CURVE_WITH_KNOTS((2,2),(0.000,1.000),.UNSPECIFIED.)
CURVE()
GEOMETRIC_REPRESENTATION_ITEM()
RATIONAL_B_SPLINE_CURVE((1.0000000000,1.0000000000))
REPRESENTATION_ITEM('')
);
#755=CARTESIAN_POINT('',(5.0442834606,27.8390591234,0.0000000000));
#756=CARTESIAN_POINT('',(5.3824477149,27.8390591234,0.0000000000));

#757=(
BOUNDED_CURVE()
B_SPLINE_CURVE(1,(#758,#759),.UNSPECIFIED.,.F.,.F.)
B_SPLINE_CURVE_WITH_KNOTS((2,2),(0.000,1.000),.UNSPECIFIED.)
CURVE()
GEOMETRIC_REPRESENTATION_ITEM()
RATIONAL_B_SPLINE_CURVE((1.0000000000,1.0000000000))
REPRESENTATION_ITEM('')
);
#758=CARTESIAN_POINT('',(5.2809984386,27.9768297455,0.0000000000));
#759=CARTESIAN_POINT('',(5.2809984386,27.7012885012,0.0000000000));

#760=(
BOUNDED_CURVE()
B_SPLINE_CURVE(1,(#761,#762),.UNSPECIFIED.,.F.,.F.)
B_SPLINE_CURVE_WITH_KNOTS((2,2),(0.000,1.000),.UNSPECIFIED.)
CURVE()
GEOMETRIC_REPRESENTATION_ITEM()
RATIONAL_B_SPLINE_CURVE((1.0000000000,1.0000000000))
REPRESENTATION_ITEM('')
);
#761=CARTESIAN_POINT('',(5.6078905511,28.1834856787,0.0000000000));
#762=CARTESIAN_POINT('',(5.7206119692,28.3212563009,0.0000000000));

#763=(
BOUNDED_CURVE()
B_SPLINE_CURVE(1,(#764,#765),.UNSPECIFIED.,.F.,.F.)
B_SPLINE_CURVE_WITH_KNOTS((2,2),(0.000,1.000),.UNSPECIFIED.)
CURVE()
GEOMETRIC_REPRESENTATION_ITEM()
RATIONAL_B_SPLINE_CURVE((1.0000000000,1.0000000000))
REPRESENTATION_ITEM('')
);
#764=CARTESIAN_POINT('',(5.7206119692,28.3212563009,0.0000000000));
#765=CARTESIAN_POINT('',(5.7206119692,27.7012885012,0.0000000000));

#766=(
BOUNDED_CURVE()
B_SPLINE_CURVE(1,(#767,#768),.UNSPECIFIED.,.F.,.F.)
B_SPLINE_CURVE_WITH_KNOTS((2,2),(0.000,1.000),.UNSPECIFIED.)
CURVE()
GEOMETRIC_REPRESENTATION_ITEM()
RATIONAL_B_SPLINE_CURVE((1.0000000000,1.0000000000))
REPRESENTATION_ITEM('')
);
#767=CARTESIAN_POINT('',(5.9460548055,27.7012885012,0.0000000000));
#768=CARTESIAN_POINT('',(5.9460548055,27.7357311568,0.0000000000));

#769=(
BOUNDED_CURVE()
B_SPLINE_CURVE(1,(#770,#771),.UNSPECIFIED.,.F.,.F.)
B_SPLINE_CURVE_WITH_KNOTS((2,2),(0.000,1.000),.UNSPECIFIED.)
CURVE()
GEOMETRIC_REPRESENTATION_ITEM()
RATIONAL_B_SPLINE_CURVE((1.0000000000,1.0000000000))
REPRESENTATION_ITEM('')
);
#770=CARTESIAN_POINT('',(-6.9041868594,-18.2326893798,0.0000000000));
#771=CARTESIAN_POINT('',(-6.9041868594,-19.3599035609,0.0000000000));

#772=(
BOUNDED_CURVE()
B_SPLINE_CURVE(1,(#773,#774),.UNSPECIFIED.,.F.,.F.)
B_SPLINE_CURVE_WITH_KNOTS((2,2),(0.000,1.000),.UNSPECIFIED.)
CURVE()
GEOMETRIC_REPRESENTATION_ITEM()
RATIONAL_B_SPLINE_CURVE((1.0000000000,1.0000000000))
REPRESENTATION_ITEM('')
);
#773=CARTESIAN_POINT('',(18.9090178884,10.5676329481,0.0000000000));
#774=CARTESIAN_POINT('',(18.9090178884,9.4404187670,0.0000000000));

#775=(
BOUNDED_CURVE()
B_SPLINE_CURVE(1,(#776,#777),.UNSPECIFIED.,.F.,.F.)
B_SPLINE_CURVE_WITH_KNOTS((2,2),(0.000,1.000),.UNSPECIFIED.)
CURVE()
GEOMETRIC_REPRESENTATION_ITEM()
RATIONAL_B_SPLINE_CURVE((1.0000000000,1.0000000000))
REPRESENTATION_ITEM('')
);
#776=CARTESIAN_POINT('',(16.9363930715,8.0314010405,0.0000000000));
#777=CARTESIAN_POINT('',(17.3309180349,8.0877617496,0.0000000000));

#778=(
BOUNDED_CURVE()
B_SPLINE_CURVE(1,(#779,#780),.UNSPECIFIED.,.F.,.F.)
B_SPLINE_CURVE_WITH_KNOTS((2,2),(0.000,1.000),.UNSPECIFIED.)
CURVE()
GEOMETRIC_REPRESENTATION_ITEM()
RATIONAL_B_SPLINE_CURVE((1.0000000000,1.0000000000))
REPRESENTATION_ITEM('')
);
#779=CARTESIAN_POINT('',(14.6256040001,7.4677939500,0.0000000000));
#780=CARTESIAN_POINT('',(14.8510468364,8.0877617496,0.0000000000));

#781=(
BOUNDED_CURVE()
B_SPLINE_CURVE(1,(#782,#783),.UNSPECIFIED.,.F.,.F.)
B_SPLINE_CURVE_WITH_KNOTS((2,2),(0.000,1.000),.UNSPECIFIED.)
CURVE()
GEOMETRIC_REPRESENTATION_ITEM()
RATIONAL_B_SPLINE_CURVE((1.0000000000,1.0000000000))
REPRESENTATION_ITEM('')
);
#782=CARTESIAN_POINT('',(15.1892110907,8.0877617496,0.0000000000));
#783=CARTESIAN_POINT('',(15.3301128633,8.0877617496,0.0000000000));

#784=(
BOUNDED_CURVE()
B_SPLINE_CURVE(1,(#785,#786),.UNSPECIFIED.,.F.,.F.)
B_SPLINE_CURVE_WITH_KNOTS((2,2),(0.000,1.000),.UNSPECIFIED.)
CURVE()
GEOMETRIC_REPRESENTATION_ITEM()
RATIONAL_B_SPLINE_CURVE((1.0000000000,1.0000000000))
REPRESENTATION_ITEM('')
);
#785=CARTESIAN_POINT('',(15.3301128633,8.0877617496,0.0000000000));
#786=CARTESIAN_POINT('',(15.3840336373,8.0772745854,0.0000000000));

#787=(
BOUNDED_CURVE()
B_SPLINE_CURVE(1,(#788,#789),.UNSPECIFIED.,.F.,.F.)
B_SPLINE_CURVE_WITH_KNOTS((2,2),(0.000,1.000),.UNSPECIFIED.)
CURVE()
GEOMETRIC_REPRESENTATION_ITEM()
RATIONAL_B_SPLINE_CURVE((1.0000000000,1.0000000000))
REPRESENTATION_ITEM('')
);
#788=CARTESIAN_POINT('',(15.3840336373,8.0772745854,0.0000000000));
#789=CARTESIAN_POINT('',(15.4297454623,8.0474096686,0.0000000000));

#790=(
BOUNDED_CURVE()
B_SPLINE_CURVE(1,(#791,#792),.UNSPECIFIED.,.F.,.F.)
B_SPLINE_CURVE_WITH_KNOTS((2,2),(0.000,1.000),.UNSPECIFIED.)
CURVE()
GEOMETRIC_REPRESENTATION_ITEM()
RATIONAL_B_SPLINE_CURVE((1.0000000000,1.0000000000))
REPRESENTATION_ITEM('')
);
#791=CARTESIAN_POINT('',(15.4297454623,8.0474096686,0.0000000000));
#792=CARTESIAN_POINT('',(15.4602891272,8.0027136620,0.0000000000));

#793=(
BOUNDED_CURVE()
B_SPLINE_CURVE(1,(#794,#795),.UNSPECIFIED.,.F.,.F.)
B_SPLINE_CURVE_WITH_KNOTS((2,2),(0.000,1.000),.UNSPECIFIED.)
CURVE()
GEOMETRIC_REPRESENTATION_ITEM()
RATIONAL_B_SPLINE_CURVE((1.0000000000,1.0000000000))
REPRESENTATION_ITEM('')
);
#794=CARTESIAN_POINT('',(15.4602891272,8.0027136620,0.0000000000));
#795=CARTESIAN_POINT('',(15.4710146360,7.9499911275,0.0000000000));

#796=(
BOUNDED_CURVE()
B_SPLINE_CURVE(1,(#797,#798),.UNSPECIFIED.,.F.,.F.)
B_SPLINE_CURVE_WITH_KNOTS((2,2),(0.000,1.000),.UNSPECIFIED.)
CURVE()
GEOMETRIC_REPRESENTATION_ITEM()
RATIONAL_B_SPLINE_CURVE((1.0000000000,1.0000000000))
REPRESENTATION_ITEM('')
);
#797=CARTESIAN_POINT('',(15.4710146360,7.9499911275,0.0000000000));
#798=CARTESIAN_POINT('',(15.4602891272,7.8972685929,0.0000000000));

#799=(
BOUNDED_CURVE()
B_SPLINE_CURVE(1,(#800,#801),.UNSPECIFIED.,.F.,.F.)
B_SPLINE_CURVE_WITH_KNOTS((2,2),(0.000,1.000),.UNSPECIFIED.)
CURVE()
GEOMETRIC_REPRESENTATION_ITEM()
RATIONAL_B_SPLINE_CURVE((1.0000000000,1.0000000000))
REPRESENTATION_ITEM('')
);
#800=CARTESIAN_POINT('',(15.4602891272,7.8972685929,0.0000000000));
#801=CARTESIAN_POINT('',(15.4297454623,7.8525725863,0.0000000000));

#802=(
BOUNDED_CURVE()
B_SPLINE_CURVE(1,(#803,#804),.UNSPECIFIED.,.F.,.F.)
B_SPLINE_CURVE_WITH_KNOTS((2,2),(0.000,1.000),.UNSPECIFIED.)
CURVE()
GEOMETRIC_REPRESENTATION_ITEM()
RATIONAL_B_SPLINE_CURVE((1.0000000000,1.0000000000))
REPRESENTATION_ITEM('')
);
#803=CARTESIAN_POINT('',(15.4297454623,7.8525725863,0.0000000000));
#804=CARTESIAN_POINT('',(15.3840336373,7.8227076695,0.0000000000));

#805=(
BOUNDED_CURVE()
B_SPLINE_CURVE(1,(#806,#807),.UNSPECIFIED.,.F.,.F.)
B_SPLINE_CURVE_WITH_KNOTS((2,2),(0.000,1.000),.UNSPECIFIED.)
CURVE()
GEOMETRIC_REPRESENTATION_ITEM()
RATIONAL_B_SPLINE_CURVE((1.0000000000,1.0000000000))
REPRESENTATION_ITEM('')
);
#806=CARTESIAN_POINT('',(15.3840336373,7.8227076695,0.0000000000));
#807=CARTESIAN_POINT('',(15.3301128633,7.8122205053,0.0000000000));

#808=(
BOUNDED_CURVE()
B_SPLINE_CURVE(1,(#809,#810),.UNSPECIFIED.,.F.,.F.)
B_SPLINE_CURVE_WITH_KNOTS((2,2),(0.000,1.000),.UNSPECIFIED.)
CURVE()
GEOMETRIC_REPRESENTATION_ITEM()
RATIONAL_B_SPLINE_CURVE((1.0000000000,1.0000000000))
REPRESENTATION_ITEM('')
);
#809=CARTESIAN_POINT('',(15.3301128633,7.8122205053,0.0000000000));
#810=CARTESIAN_POINT('',(15.2596619770,7.8122205053,0.0000000000));

#811=(
BOUNDED_CURVE()
B_SPLINE_CURVE(1,(#812,#813),.UNSPECIFIED.,.F.,.F.)
B_SPLINE_CURVE_WITH_KNOTS((2,2),(0.000,1.000),.UNSPECIFIED.)
CURVE()
GEOMETRIC_REPRESENTATION_ITEM()
RATIONAL_B_SPLINE_CURVE((1.0000000000,1.0000000000))
REPRESENTATION_ITEM('')
);
#812=CARTESIAN_POINT('',(15.3301128633,7.8122205053,0.0000000000));
#813=CARTESIAN_POINT('',(15.3575308794,7.8094093469,0.0000000000));

#814=(
BOUNDED_CURVE()
B_SPLINE_CURVE(1,(#815,#816),.UNSPECIFIED.,.F.,.F.)
B_SPLINE_CURVE_WITH_KNOTS((2,2),(0.000,1.000),.UNSPECIFIED.)
CURVE()
GEOMETRIC_REPRESENTATION_ITEM()
RATIONAL_B_SPLINE_CURVE((1.0000000000,1.0000000000))
REPRESENTATION_ITEM('')
);
#815=CARTESIAN_POINT('',(15.3575308794,7.8094093469,0.0000000000));
#816=CARTESIAN_POINT('',(15.3838758406,7.8014684591,0.0000000000));

#817=(
BOUNDED_CURVE()
B_SPLINE_CURVE(1,(#818,#819),.UNSPECIFIED.,.F.,.F.)
B_SPLINE_CURVE_WITH_KNOTS((2,2),(0.000,1.000),.UNSPECIFIED.)
CURVE()
GEOMETRIC_REPRESENTATION_ITEM()
RATIONAL_B_SPLINE_CURVE((1.0000000000,1.0000000000))
REPRESENTATION_ITEM('')
);
#818=CARTESIAN_POINT('',(15.3838758406,7.8014684591,0.0000000000));
#819=CARTESIAN_POINT('',(15.4081537531,7.7886974509,0.0000000000));

#820=(
BOUNDED_CURVE()
B_SPLINE_CURVE(1,(#821,#822),.UNSPECIFIED.,.F.,.F.)
B_SPLINE_CURVE_WITH_KNOTS((2,2),(0.000,1.000),.UNSPECIFIED.)
CURVE()
GEOMETRIC_REPRESENTATION_ITEM()
RATIONAL_B_SPLINE_CURVE((1.0000000000,1.0000000000))
REPRESENTATION_ITEM('')
);
#821=CARTESIAN_POINT('',(15.4081537531,7.7886974509,0.0000000000));
#822=CARTESIAN_POINT('',(15.4294486131,7.7715781718,0.0000000000));

#823=(
BOUNDED_CURVE()
B_SPLINE_CURVE(1,(#824,#825),.UNSPECIFIED.,.F.,.F.)
B_SPLINE_CURVE_WITH_KNOTS((2,2),(0.000,1.000),.UNSPECIFIED.)
CURVE()
GEOMETRIC_REPRESENTATION_ITEM()
RATIONAL_B_SPLINE_CURVE((1.0000000000,1.0000000000))
REPRESENTATION_ITEM('')
);
#824=CARTESIAN_POINT('',(15.4294486131,7.7715781718,0.0000000000));
#825=CARTESIAN_POINT('',(15.4469569667,7.7507565310,0.0000000000));

#826=(
BOUNDED_CURVE()
B_SPLINE_CURVE(1,(#827,#828),.UNSPECIFIED.,.F.,.F.)
B_SPLINE_CURVE_WITH_KNOTS((2,2),(0.000,1.000),.UNSPECIFIED.)
CURVE()
GEOMETRIC_REPRESENTATION_ITEM()
RATIONAL_B_SPLINE_CURVE((1.0000000000,1.0000000000))
REPRESENTATION_ITEM('')
);
#827=CARTESIAN_POINT('',(15.4469569667,7.7507565310,0.0000000000));
#828=CARTESIAN_POINT('',(15.4600182250,7.7270181276,0.0000000000));

#829=(
BOUNDED_CURVE()
B_SPLINE_CURVE(1,(#830,#831),.UNSPECIFIED.,.F.,.F.)
B_SPLINE_CURVE_WITH_KNOTS((2,2),(0.000,1.000),.UNSPECIFIED.)
CURVE()
GEOMETRIC_REPRESENTATION_ITEM()
RATIONAL_B_SPLINE_CURVE((1.0000000000,1.0000000000))
REPRESENTATION_ITEM('')
);
#830=CARTESIAN_POINT('',(15.4600182250,7.7270181276,0.0000000000));
#831=CARTESIAN_POINT('',(15.4681395876,7.7012586100,0.0000000000));

#832=(
BOUNDED_CURVE()
B_SPLINE_CURVE(1,(#833,#834),.UNSPECIFIED.,.F.,.F.)
B_SPLINE_CURVE_WITH_KNOTS((2,2),(0.000,1.000),.UNSPECIFIED.)
CURVE()
GEOMETRIC_REPRESENTATION_ITEM()
RATIONAL_B_SPLINE_CURVE((1.0000000000,1.0000000000))
REPRESENTATION_ITEM('')
);
#833=CARTESIAN_POINT('',(15.4681395876,7.7012586100,0.0000000000));
#834=CARTESIAN_POINT('',(15.4710146360,7.6744498832,0.0000000000));

#835=(
BOUNDED_CURVE()
B_SPLINE_CURVE(1,(#836,#837),.UNSPECIFIED.,.F.,.F.)
B_SPLINE_CURVE_WITH_KNOTS((2,2),(0.000,1.000),.UNSPECIFIED.)
CURVE()
GEOMETRIC_REPRESENTATION_ITEM()
RATIONAL_B_SPLINE_CURVE((1.0000000000,1.0000000000))
REPRESENTATION_ITEM('')
);
#836=CARTESIAN_POINT('',(15.4710146360,7.6744498832,0.0000000000));
#837=CARTESIAN_POINT('',(15.4710146360,7.6055645721,0.0000000000));

#838=(
BOUNDED_CURVE()
B_SPLINE_CURVE(1,(#839,#840),.UNSPECIFIED.,.F.,.F.)
B_SPLINE_CURVE_WITH_KNOTS((2,2),(0.000,1.000),.UNSPECIFIED.)
CURVE()
GEOMETRIC_REPRESENTATION_ITEM()
RATIONAL_B_SPLINE_CURVE((1.0000000000,1.0000000000))
REPRESENTATION_ITEM('')
);
#839=CARTESIAN_POINT('',(15.4710146360,7.6055645721,0.0000000000));
#840=CARTESIAN_POINT('',(15.4681395876,7.5787558453,0.0000000000));

#841=(
BOUNDED_CURVE()
B_SPLINE_CURVE(1,(#842,#843),.UNSPECIFIED.,.F.,.F.)
B_SPLINE_CURVE_WITH_KNOTS((2,2),(0.000,1.000),.UNSPECIFIED.)
CURVE()
GEOMETRIC_REPRESENTATION_ITEM()
RATIONAL_B_SPLINE_CURVE((1.0000000000,1.0000000000))
REPRESENTATION_ITEM('')
);
#842=CARTESIAN_POINT('',(15.4681395876,7.5787558453,0.0000000000));
#843=CARTESIAN_POINT('',(15.4600182250,7.5529963277,0.0000000000));

#844=(
BOUNDED_CURVE()
B_SPLINE_CURVE(1,(#845,#846),.UNSPECIFIED.,.F.,.F.)
B_SPLINE_CURVE_WITH_KNOTS((2,2),(0.000,1.000),.UNSPECIFIED.)
CURVE()
GEOMETRIC_REPRESENTATION_ITEM()
RATIONAL_B_SPLINE_CURVE((1.0000000000,1.0000000000))
REPRESENTATION_ITEM('')
);
#845=CARTESIAN_POINT('',(15.4600182250,7.5529963277,0.0000000000));
#846=CARTESIAN_POINT('',(15.4469569667,7.5292579243,0.0000000000));

#847=(
BOUNDED_CURVE()
B_SPLINE_CURVE(1,(#848,#849),.UNSPECIFIED.,.F.,.F.)
B_SPLINE_CURVE_WITH_KNOTS((2,2),(0.000,1.000),.UNSPECIFIED.)
CURVE()
GEOMETRIC_REPRESENTATION_ITEM()
RATIONAL_B_SPLINE_CURVE((1.0000000000,1.0000000000))
REPRESENTATION_ITEM('')
);
#848=CARTESIAN_POINT('',(15.4469569667,7.5292579243,0.0000000000));
#849=CARTESIAN_POINT('',(15.4294486131,7.5084362835,0.0000000000));

#850=(
BOUNDED_CURVE()
B_SPLINE_CURVE(1,(#851,#852),.UNSPECIFIED.,.F.,.F.)
B_SPLINE_CURVE_WITH_KNOTS((2,2),(0.000,1.000),.UNSPECIFIED.)
CURVE()
GEOMETRIC_REPRESENTATION_ITEM()
RATIONAL_B_SPLINE_CURVE((1.0000000000,1.0000000000))
REPRESENTATION_ITEM('')
);
#851=CARTESIAN_POINT('',(15.4294486131,7.5084362835,0.0000000000));
#852=CARTESIAN_POINT('',(15.4081537531,7.4913170044,0.0000000000));

#853=(
BOUNDED_CURVE()
B_SPLINE_CURVE(1,(#854,#855),.UNSPECIFIED.,.F.,.F.)
B_SPLINE_CURVE_WITH_KNOTS((2,2),(0.000,1.000),.UNSPECIFIED.)
CURVE()
GEOMETRIC_REPRESENTATION_ITEM()
RATIONAL_B_SPLINE_CURVE((1.0000000000,1.0000000000))
REPRESENTATION_ITEM('')
);
#854=CARTESIAN_POINT('',(15.4081537531,7.4913170044,0.0000000000));
#855=CARTESIAN_POINT('',(15.3838758406,7.4785459962,0.0000000000));

#856=(
BOUNDED_CURVE()
B_SPLINE_CURVE(1,(#857,#858),.UNSPECIFIED.,.F.,.F.)
B_SPLINE_CURVE_WITH_KNOTS((2,2),(0.000,1.000),.UNSPECIFIED.)
CURVE()
GEOMETRIC_REPRESENTATION_ITEM()
RATIONAL_B_SPLINE_CURVE((1.0000000000,1.0000000000))
REPRESENTATION_ITEM('')
);
#857=CARTESIAN_POINT('',(15.3838758406,7.4785459962,0.0000000000));
#858=CARTESIAN_POINT('',(15.3575308794,7.4706051084,0.0000000000));

#859=(
BOUNDED_CURVE()
B_SPLINE_CURVE(1,(#860,#861),.UNSPECIFIED.,.F.,.F.)
B_SPLINE_CURVE_WITH_KNOTS((2,2),(0.000,1.000),.UNSPECIFIED.)
CURVE()
GEOMETRIC_REPRESENTATION_ITEM()
RATIONAL_B_SPLINE_CURVE((1.0000000000,1.0000000000))
REPRESENTATION_ITEM('')
);
#860=CARTESIAN_POINT('',(15.3575308794,7.4706051084,0.0000000000));
#861=CARTESIAN_POINT('',(15.3301128633,7.4677939500,0.0000000000));

#862=(
BOUNDED_CURVE()
B_SPLINE_CURVE(1,(#863,#864),.UNSPECIFIED.,.F.,.F.)
B_SPLINE_CURVE_WITH_KNOTS((2,2),(0.000,1.000),.UNSPECIFIED.)
CURVE()
GEOMETRIC_REPRESENTATION_ITEM()
RATIONAL_B_SPLINE_CURVE((1.0000000000,1.0000000000))
REPRESENTATION_ITEM('')
);
#863=CARTESIAN_POINT('',(15.3301128633,7.4677939500,0.0000000000));
#864=CARTESIAN_POINT('',(15.1892110907,7.4677939500,0.0000000000));

#865=(
BOUNDED_CURVE()
B_SPLINE_CURVE(1,(#866,#867),.UNSPECIFIED.,.F.,.F.)
B_SPLINE_CURVE_WITH_KNOTS((2,2),(0.000,1.000),.UNSPECIFIED.)
CURVE()
GEOMETRIC_REPRESENTATION_ITEM()
RATIONAL_B_SPLINE_CURVE((1.0000000000,1.0000000000))
REPRESENTATION_ITEM('')
);
#866=CARTESIAN_POINT('',(15.6964574722,7.4677939500,0.0000000000));
#867=CARTESIAN_POINT('',(15.6964574722,7.5022366055,0.0000000000));

#868=(
BOUNDED_CURVE()
B_SPLINE_CURVE(1,(#869,#870),.UNSPECIFIED.,.F.,.F.)
B_SPLINE_CURVE_WITH_KNOTS((2,2),(0.000,1.000),.UNSPECIFIED.)
CURVE()
GEOMETRIC_REPRESENTATION_ITEM()
RATIONAL_B_SPLINE_CURVE((1.0000000000,1.0000000000))
REPRESENTATION_ITEM('')
);
#869=CARTESIAN_POINT('',(15.9219003084,7.9844337830,0.0000000000));
#870=CARTESIAN_POINT('',(15.9409220477,8.0188764385,0.0000000000));

#871=(
BOUNDED_CURVE()
B_SPLINE_CURVE(1,(#872,#873),.UNSPECIFIED.,.F.,.F.)
B_SPLINE_CURVE_WITH_KNOTS((2,2),(0.000,1.000),.UNSPECIFIED.)
CURVE()
GEOMETRIC_REPRESENTATION_ITEM()
RATIONAL_B_SPLINE_CURVE((1.0000000000,1.0000000000))
REPRESENTATION_ITEM('')
);
#872=CARTESIAN_POINT('',(15.9409220477,8.0188764385,0.0000000000));
#873=CARTESIAN_POINT('',(15.9771599999,8.0592378488,0.0000000000));

#874=(
BOUNDED_CURVE()
B_SPLINE_CURVE(1,(#875,#876),.UNSPECIFIED.,.F.,.F.)
B_SPLINE_CURVE_WITH_KNOTS((2,2),(0.000,1.000),.UNSPECIFIED.)
CURVE()
GEOMETRIC_REPRESENTATION_ITEM()
RATIONAL_B_SPLINE_CURVE((1.0000000000,1.0000000000))
REPRESENTATION_ITEM('')
);
#875=CARTESIAN_POINT('',(15.9771599999,8.0592378488,0.0000000000));
#876=CARTESIAN_POINT('',(16.0264361825,8.0829674361,0.0000000000));

#877=(
BOUNDED_CURVE()
B_SPLINE_CURVE(1,(#878,#879),.UNSPECIFIED.,.F.,.F.)
B_SPLINE_CURVE_WITH_KNOTS((2,2),(0.000,1.000),.UNSPECIFIED.)
CURVE()
GEOMETRIC_REPRESENTATION_ITEM()
RATIONAL_B_SPLINE_CURVE((1.0000000000,1.0000000000))
REPRESENTATION_ITEM('')
);
#878=CARTESIAN_POINT('',(16.0264361825,8.0829674361,0.0000000000));
#879=CARTESIAN_POINT('',(16.0812487435,8.0864525859,0.0000000000));

#880=(
BOUNDED_CURVE()
B_SPLINE_CURVE(1,(#881,#882),.UNSPECIFIED.,.F.,.F.)
B_SPLINE_CURVE_WITH_KNOTS((2,2),(0.000,1.000),.UNSPECIFIED.)
CURVE()
GEOMETRIC_REPRESENTATION_ITEM()
RATIONAL_B_SPLINE_CURVE((1.0000000000,1.0000000000))
REPRESENTATION_ITEM('')
);
#881=CARTESIAN_POINT('',(16.0812487435,8.0864525859,0.0000000000));
#882=CARTESIAN_POINT('',(16.1332529674,8.0691627156,0.0000000000));

#883=(
BOUNDED_CURVE()
B_SPLINE_CURVE(1,(#884,#885),.UNSPECIFIED.,.F.,.F.)
B_SPLINE_CURVE_WITH_KNOTS((2,2),(0.000,1.000),.UNSPECIFIED.)
CURVE()
GEOMETRIC_REPRESENTATION_ITEM()
RATIONAL_B_SPLINE_CURVE((1.0000000000,1.0000000000))
REPRESENTATION_ITEM('')
);
#884=CARTESIAN_POINT('',(16.1332529674,8.0691627156,0.0000000000));
#885=CARTESIAN_POINT('',(16.1745316825,8.0337300513,0.0000000000));

#886=(
BOUNDED_CURVE()
B_SPLINE_CURVE(1,(#887,#888),.UNSPECIFIED.,.F.,.F.)
B_SPLINE_CURVE_WITH_KNOTS((2,2),(0.000,1.000),.UNSPECIFIED.)
CURVE()
GEOMETRIC_REPRESENTATION_ITEM()
RATIONAL_B_SPLINE_CURVE((1.0000000000,1.0000000000))
REPRESENTATION_ITEM('')
);
#887=CARTESIAN_POINT('',(16.1745316825,8.0337300513,0.0000000000));
#888=CARTESIAN_POINT('',(16.1988005786,7.9855488950,0.0000000000));

#889=(
BOUNDED_CURVE()
B_SPLINE_CURVE(1,(#890,#891),.UNSPECIFIED.,.F.,.F.)
B_SPLINE_CURVE_WITH_KNOTS((2,2),(0.000,1.000),.UNSPECIFIED.)
CURVE()
GEOMETRIC_REPRESENTATION_ITEM()
RATIONAL_B_SPLINE_CURVE((1.0000000000,1.0000000000))
REPRESENTATION_ITEM('')
);
#890=CARTESIAN_POINT('',(16.1988005786,7.9855488950,0.0000000000));
#891=CARTESIAN_POINT('',(16.2023649363,7.9319543909,0.0000000000));

#892=(
BOUNDED_CURVE()
B_SPLINE_CURVE(1,(#893,#894),.UNSPECIFIED.,.F.,.F.)
B_SPLINE_CURVE_WITH_KNOTS((2,2),(0.000,1.000),.UNSPECIFIED.)
CURVE()
GEOMETRIC_REPRESENTATION_ITEM()
RATIONAL_B_SPLINE_CURVE((1.0000000000,1.0000000000))
REPRESENTATION_ITEM('')
);
#893=CARTESIAN_POINT('',(16.2023649363,7.9319543909,0.0000000000));
#894=CARTESIAN_POINT('',(16.1846821144,7.8811058164,0.0000000000));

#895=(
BOUNDED_CURVE()
B_SPLINE_CURVE(1,(#896,#897),.UNSPECIFIED.,.F.,.F.)
B_SPLINE_CURVE_WITH_KNOTS((2,2),(0.000,1.000),.UNSPECIFIED.)
CURVE()
GEOMETRIC_REPRESENTATION_ITEM()
RATIONAL_B_SPLINE_CURVE((1.0000000000,1.0000000000))
REPRESENTATION_ITEM('')
);
#896=CARTESIAN_POINT('',(16.1846821144,7.8811058164,0.0000000000));
#897=CARTESIAN_POINT('',(15.9219003084,7.4677939500,0.0000000000));

#898=(
BOUNDED_CURVE()
B_SPLINE_CURVE(1,(#899,#900),.UNSPECIFIED.,.F.,.F.)
B_SPLINE_CURVE_WITH_KNOTS((2,2),(0.000,1.000),.UNSPECIFIED.)
CURVE()
GEOMETRIC_REPRESENTATION_ITEM()
RATIONAL_B_SPLINE_CURVE((1.0000000000,1.0000000000))
REPRESENTATION_ITEM('')
);
#899=CARTESIAN_POINT('',(15.9219003084,7.4677939500,0.0000000000));
#900=CARTESIAN_POINT('',(16.2037038537,7.4677939500,0.0000000000));

#901=(
BOUNDED_CURVE()
B_SPLINE_CURVE(1,(#902,#903),.UNSPECIFIED.,.F.,.F.)
B_SPLINE_CURVE_WITH_KNOTS((2,2),(0.000,1.000),.UNSPECIFIED.)
CURVE()
GEOMETRIC_REPRESENTATION_ITEM()
RATIONAL_B_SPLINE_CURVE((1.0000000000,1.0000000000))
REPRESENTATION_ITEM('')
);
#902=CARTESIAN_POINT('',(21.7834140503,9.3276973488,0.0000000000));
#903=CARTESIAN_POINT('',(20.8816427054,9.3276973488,0.0000000000));

#904=(
BOUNDED_CURVE()
B_SPLINE_CURVE(1,(#905,#906),.UNSPECIFIED.,.F.,.F.)
B_SPLINE_CURVE_WITH_KNOTS((2,2),(0.000,1.000),.UNSPECIFIED.)
CURVE()
GEOMETRIC_REPRESENTATION_ITEM()
RATIONAL_B_SPLINE_CURVE((1.0000000000,1.0000000000))
REPRESENTATION_ITEM('')
);
#905=CARTESIAN_POINT('',(21.3325283779,9.3276973488,0.0000000000));
#906=CARTESIAN_POINT('',(21.3325283779,10.2294686937,0.0000000000));

#907=(
BOUNDED_CURVE()
B_SPLINE_CURVE(1,(#908,#909),.UNSPECIFIED.,.F.,.F.)
B_SPLINE_CURVE_WITH_KNOTS((2,2),(0.000,1.000),.UNSPECIFIED.)
CURVE()
GEOMETRIC_REPRESENTATION_ITEM()
RATIONAL_B_SPLINE_CURVE((1.0000000000,1.0000000000))
REPRESENTATION_ITEM('')
);
#908=CARTESIAN_POINT('',(25.6159422661,-5.1006441696,0.0000000000));
#909=CARTESIAN_POINT('',(24.7141709212,-5.1006441696,0.0000000000));

#910=(
BOUNDED_CURVE()
B_SPLINE_CURVE(1,(#911,#912),.UNSPECIFIED.,.F.,.F.)
B_SPLINE_CURVE_WITH_KNOTS((2,2),(0.000,1.000),.UNSPECIFIED.)
CURVE()
GEOMETRIC_REPRESENTATION_ITEM()
RATIONAL_B_SPLINE_CURVE((1.0000000000,1.0000000000))
REPRESENTATION_ITEM('')
);
#911=CARTESIAN_POINT('',(25.1650565937,-5.1006441696,0.0000000000));
#912=CARTESIAN_POINT('',(25.1650565937,-4.1988728247,0.0000000000));

#913=(
BOUNDED_CURVE()
B_SPLINE_CURVE(1,(#914,#915),.UNSPECIFIED.,.F.,.F.)
B_SPLINE_CURVE_WITH_KNOTS((2,2),(0.000,1.000),.UNSPECIFIED.)
CURVE()
GEOMETRIC_REPRESENTATION_ITEM()
RATIONAL_B_SPLINE_CURVE((1.0000000000,1.0000000000))
REPRESENTATION_ITEM('')
);
#914=CARTESIAN_POINT('',(6.9041868594,16.8800323624,0.0000000000));
#915=CARTESIAN_POINT('',(7.8059582043,16.8800323624,0.0000000000));

#916=(
BOUNDED_CURVE()
B_SPLINE_CURVE(1,(#917,#918),.UNSPECIFIED.,.F.,.F.)
B_SPLINE_CURVE_WITH_KNOTS((2,2),(0.000,1.000),.UNSPECIFIED.)
CURVE()
GEOMETRIC_REPRESENTATION_ITEM()
RATIONAL_B_SPLINE_CURVE((1.0000000000,1.0000000000))
REPRESENTATION_ITEM('')
);
#917=CARTESIAN_POINT('',(7.3550725319,16.8800323624,0.0000000000));
#918=CARTESIAN_POINT('',(7.3550725319,17.7818037073,0.0000000000));

#919=(
BOUNDED_CURVE()
B_SPLINE_CURVE(1,(#920,#921),.UNSPECIFIED.,.F.,.F.)
B_SPLINE_CURVE_WITH_KNOTS((2,2),(0.000,1.000),.UNSPECIFIED.)
CURVE()
GEOMETRIC_REPRESENTATION_ITEM()
RATIONAL_B_SPLINE_CURVE((1.0000000000,1.0000000000))
REPRESENTATION_ITEM('')
);
#920=CARTESIAN_POINT('',(19.8107892333,13.1038648556,0.0000000000));
#921=CARTESIAN_POINT('',(20.7125605782,13.1038648556,0.0000000000));

#922=(
BOUNDED_CURVE()
B_SPLINE_CURVE(1,(#923,#924),.UNSPECIFIED.,.F.,.F.)
B_SPLINE_CURVE_WITH_KNOTS((2,2),(0.000,1.000),.UNSPECIFIED.)
CURVE()
GEOMETRIC_REPRESENTATION_ITEM()
RATIONAL_B_SPLINE_CURVE((1.0000000000,1.0000000000))
REPRESENTATION_ITEM('')
);
#923=CARTESIAN_POINT('',(20.2616749058,13.1038648556,0.0000000000));
#924=CARTESIAN_POINT('',(20.2616749058,14.0056362005,0.0000000000));

#925=(
BOUNDED_CURVE()
B_SPLINE_CURVE(1,(#926,#927),.UNSPECIFIED.,.F.,.F.)
B_SPLINE_CURVE_WITH_KNOTS((2,2),(0.000,1.000),.UNSPECIFIED.)
CURVE()
GEOMETRIC_REPRESENTATION_ITEM()
RATIONAL_B_SPLINE_CURVE((1.0000000000,1.0000000000))
REPRESENTATION_ITEM('')
);
#926=CARTESIAN_POINT('',(18.9090178884,10.0040258575,0.0000000000));
#927=CARTESIAN_POINT('',(17.2181966167,10.0040258575,0.0000000000));

#928=(
BOUNDED_CURVE()
B_SPLINE_CURVE(1,(#929,#930),.UNSPECIFIED.,.F.,.F.)
B_SPLINE_CURVE_WITH_KNOTS((2,2),(0.000,1.000),.UNSPECIFIED.)
CURVE()
GEOMETRIC_REPRESENTATION_ITEM()
RATIONAL_B_SPLINE_CURVE((1.0000000000,1.0000000000))
REPRESENTATION_ITEM('')
);
#929=CARTESIAN_POINT('',(18.9090178884,15.9782610175,0.0000000000));
#930=CARTESIAN_POINT('',(17.2181966167,15.9782610175,0.0000000000));

#931=(
BOUNDED_CURVE()
B_SPLINE_CURVE(1,(#932,#933),.UNSPECIFIED.,.F.,.F.)
B_SPLINE_CURVE_WITH_KNOTS((2,2),(0.000,1.000),.UNSPECIFIED.)
CURVE()
GEOMETRIC_REPRESENTATION_ITEM()
RATIONAL_B_SPLINE_CURVE((1.0000000000,1.0000000000))
REPRESENTATION_ITEM('')
);
#932=CARTESIAN_POINT('',(17.7818037073,10.0040258575,0.0000000000));
#933=CARTESIAN_POINT('',(17.7818037073,12.5402577651,0.0000000000));

#934=(
BOUNDED_CURVE()
B_SPLINE_CURVE(1,(#935,#936),.UNSPECIFIED.,.F.,.F.)
B_SPLINE_CURVE_WITH_KNOTS((2,2),(0.000,1.000),.UNSPECIFIED.)
CURVE()
GEOMETRIC_REPRESENTATION_ITEM()
RATIONAL_B_SPLINE_CURVE((1.0000000000,1.0000000000))
REPRESENTATION_ITEM('')
);
#935=CARTESIAN_POINT('',(17.7818037073,13.6111112371,0.0000000000));
#936=CARTESIAN_POINT('',(17.7818037073,15.9782610175,0.0000000000));

#937=(
BOUNDED_CURVE()
B_SPLINE_CURVE(1,(#938,#939),.UNSPECIFIED.,.F.,.F.)
B_SPLINE_CURVE_WITH_KNOTS((2,2),(0.000,1.000),.UNSPECIFIED.)
CURVE()
GEOMETRIC_REPRESENTATION_ITEM()
RATIONAL_B_SPLINE_CURVE((1.0000000000,1.0000000000))
REPRESENTATION_ITEM('')
);
#938=CARTESIAN_POINT('',(17.7818037073,15.9782610175,0.0000000000));
#939=CARTESIAN_POINT('',(18.0072465435,15.2455717998,0.0000000000));

#940=(
BOUNDED_CURVE()
B_SPLINE_CURVE(1,(#941,#942),.UNSPECIFIED.,.F.,.F.)
B_SPLINE_CURVE_WITH_KNOTS((2,2),(0.000,1.000),.UNSPECIFIED.)
CURVE()
GEOMETRIC_REPRESENTATION_ITEM()
RATIONAL_B_SPLINE_CURVE((1.0000000000,1.0000000000))
REPRESENTATION_ITEM('')
);
#941=CARTESIAN_POINT('',(17.7818037073,10.0040258575,0.0000000000));
#942=CARTESIAN_POINT('',(17.5563608711,10.7367150753,0.0000000000));

#943=(
BOUNDED_CURVE()
B_SPLINE_CURVE(1,(#944,#945),.UNSPECIFIED.,.F.,.F.)
B_SPLINE_CURVE_WITH_KNOTS((2,2),(0.000,1.000),.UNSPECIFIED.)
CURVE()
GEOMETRIC_REPRESENTATION_ITEM()
RATIONAL_B_SPLINE_CURVE((1.0000000000,1.0000000000))
REPRESENTATION_ITEM('')
);
#944=CARTESIAN_POINT('',(17.7818037073,10.0040258575,0.0000000000));
#945=CARTESIAN_POINT('',(18.0072465435,10.7367150753,0.0000000000));

#946=(
BOUNDED_CURVE()
B_SPLINE_CURVE(1,(#947,#948),.UNSPECIFIED.,.F.,.F.)
B_SPLINE_CURVE_WITH_KNOTS((2,2),(0.000,1.000),.UNSPECIFIED.)
CURVE()
GEOMETRIC_REPRESENTATION_ITEM()
RATIONAL_B_SPLINE_CURVE((1.0000000000,1.0000000000))
REPRESENTATION_ITEM('')
);
#947=CARTESIAN_POINT('',(17.7818037073,15.9782610175,0.0000000000));
#948=CARTESIAN_POINT('',(17.5563608711,15.2455717998,0.0000000000));

#949=(
BOUNDED_CURVE()
B_SPLINE_CURVE(1,(#950,#951),.UNSPECIFIED.,.F.,.F.)
B_SPLINE_CURVE_WITH_KNOTS((2,2),(0.000,1.000),.UNSPECIFIED.)
CURVE()
GEOMETRIC_REPRESENTATION_ITEM()
RATIONAL_B_SPLINE_CURVE((1.0000000000,1.0000000000))
REPRESENTATION_ITEM('')
);
#950=CARTESIAN_POINT('',(17.0491144896,13.1101271566,0.0000000000));
#951=CARTESIAN_POINT('',(17.0531467181,13.1560232481,0.0000000000));

#952=(
BOUNDED_CURVE()
B_SPLINE_CURVE(1,(#953,#954),.UNSPECIFIED.,.F.,.F.)
B_SPLINE_CURVE_WITH_KNOTS((2,2),(0.000,1.000),.UNSPECIFIED.)
CURVE()
GEOMETRIC_REPRESENTATION_ITEM()
RATIONAL_B_SPLINE_CURVE((1.0000000000,1.0000000000))
REPRESENTATION_ITEM('')
);
#953=CARTESIAN_POINT('',(17.0531467181,13.1560232481,0.0000000000));
#954=CARTESIAN_POINT('',(17.0645770921,13.2007119978,0.0000000000));

#955=(
BOUNDED_CURVE()
B_SPLINE_CURVE(1,(#956,#957),.UNSPECIFIED.,.F.,.F.)
B_SPLINE_CURVE_WITH_KNOTS((2,2),(0.000,1.000),.UNSPECIFIED.)
CURVE()
GEOMETRIC_REPRESENTATION_ITEM()
RATIONAL_B_SPLINE_CURVE((1.0000000000,1.0000000000))
REPRESENTATION_ITEM('')
);
#956=CARTESIAN_POINT('',(17.0645770921,13.2007119978,0.0000000000));
#957=CARTESIAN_POINT('',(17.0831158940,13.2430607118,0.0000000000));

#958=(
BOUNDED_CURVE()
B_SPLINE_CURVE(1,(#959,#960),.UNSPECIFIED.,.F.,.F.)
B_SPLINE_CURVE_WITH_KNOTS((2,2),(0.000,1.000),.UNSPECIFIED.)
CURVE()
GEOMETRIC_REPRESENTATION_ITEM()
RATIONAL_B_SPLINE_CURVE((1.0000000000,1.0000000000))
REPRESENTATION_ITEM('')
);
#959=CARTESIAN_POINT('',(17.0831158940,13.2430607118,0.0000000000));
#960=CARTESIAN_POINT('',(17.1082932341,13.2819960077,0.0000000000));

#961=(
BOUNDED_CURVE()
B_SPLINE_CURVE(1,(#962,#963),.UNSPECIFIED.,.F.,.F.)
B_SPLINE_CURVE_WITH_KNOTS((2,2),(0.000,1.000),.UNSPECIFIED.)
CURVE()
GEOMETRIC_REPRESENTATION_ITEM()
RATIONAL_B_SPLINE_CURVE((1.0000000000,1.0000000000))
REPRESENTATION_ITEM('')
);
#962=CARTESIAN_POINT('',(17.1082932341,13.2819960077,0.0000000000));
#963=CARTESIAN_POINT('',(17.1394709603,13.3165310205,0.0000000000));

#964=(
BOUNDED_CURVE()
B_SPLINE_CURVE(1,(#965,#966),.UNSPECIFIED.,.F.,.F.)
B_SPLINE_CURVE_WITH_KNOTS((2,2),(0.000,1.000),.UNSPECIFIED.)
CURVE()
GEOMETRIC_REPRESENTATION_ITEM()
RATIONAL_B_SPLINE_CURVE((1.0000000000,1.0000000000))
REPRESENTATION_ITEM('')
);
#965=CARTESIAN_POINT('',(17.1394709603,13.3165310205,0.0000000000));
#966=CARTESIAN_POINT('',(17.1758588332,13.3457904158,0.0000000000));

#967=(
BOUNDED_CURVE()
B_SPLINE_CURVE(1,(#968,#969),.UNSPECIFIED.,.F.,.F.)
B_SPLINE_CURVE_WITH_KNOTS((2,2),(0.000,1.000),.UNSPECIFIED.)
CURVE()
GEOMETRIC_REPRESENTATION_ITEM()
RATIONAL_B_SPLINE_CURVE((1.0000000000,1.0000000000))
REPRESENTATION_ITEM('')
);
#968=CARTESIAN_POINT('',(17.1758588332,13.3457904158,0.0000000000));
#969=CARTESIAN_POINT('',(17.2165345554,13.3690325767,0.0000000000));

#970=(
BOUNDED_CURVE()
B_SPLINE_CURVE(1,(#971,#972),.UNSPECIFIED.,.F.,.F.)
B_SPLINE_CURVE_WITH_KNOTS((2,2),(0.000,1.000),.UNSPECIFIED.)
CURVE()
GEOMETRIC_REPRESENTATION_ITEM()
RATIONAL_B_SPLINE_CURVE((1.0000000000,1.0000000000))
REPRESENTATION_ITEM('')
);
#971=CARTESIAN_POINT('',(17.2165345554,13.3690325767,0.0000000000));
#972=CARTESIAN_POINT('',(17.2604671485,13.3856684009,0.0000000000));

#973=(
BOUNDED_CURVE()
B_SPLINE_CURVE(1,(#974,#975),.UNSPECIFIED.,.F.,.F.)
B_SPLINE_CURVE_WITH_KNOTS((2,2),(0.000,1.000),.UNSPECIFIED.)
CURVE()
GEOMETRIC_REPRESENTATION_ITEM()
RATIONAL_B_SPLINE_CURVE((1.0000000000,1.0000000000))
REPRESENTATION_ITEM('')
);
#974=CARTESIAN_POINT('',(17.5563608711,12.7657006013,0.0000000000));
#975=CARTESIAN_POINT('',(17.5563608711,12.8001432568,0.0000000000));

#976=(
BOUNDED_CURVE()
B_SPLINE_CURVE(1,(#977,#978),.UNSPECIFIED.,.F.,.F.)
B_SPLINE_CURVE_WITH_KNOTS((2,2),(0.000,1.000),.UNSPECIFIED.)
CURVE()
GEOMETRIC_REPRESENTATION_ITEM()
RATIONAL_B_SPLINE_CURVE((1.0000000000,1.0000000000))
REPRESENTATION_ITEM('')
);
#977=CARTESIAN_POINT('',(24.4887280850,8.9895330945,0.0000000000));
#978=CARTESIAN_POINT('',(24.4887280850,7.8623189134,0.0000000000));

#979=(
BOUNDED_CURVE()
B_SPLINE_CURVE(1,(#980,#981),.UNSPECIFIED.,.F.,.F.)
B_SPLINE_CURVE_WITH_KNOTS((2,2),(0.000,1.000),.UNSPECIFIED.)
CURVE()
GEOMETRIC_REPRESENTATION_ITEM()
RATIONAL_B_SPLINE_CURVE((1.0000000000,1.0000000000))
REPRESENTATION_ITEM('')
);
#980=CARTESIAN_POINT('',(18.3454107979,14.0056362005,0.0000000000));
#981=CARTESIAN_POINT('',(19.4726249790,14.0056362005,0.0000000000));

#982=(
BOUNDED_CURVE()
B_SPLINE_CURVE(1,(#983,#984),.UNSPECIFIED.,.F.,.F.)
B_SPLINE_CURVE_WITH_KNOTS((2,2),(0.000,1.000),.UNSPECIFIED.)
CURVE()
GEOMETRIC_REPRESENTATION_ITEM()
RATIONAL_B_SPLINE_CURVE((1.0000000000,1.0000000000))
REPRESENTATION_ITEM('')
);
#983=CARTESIAN_POINT('',(-6.4533011870,-23.8687602854,0.0000000000));
#984=CARTESIAN_POINT('',(-6.2560387053,-24.4887280850,0.0000000000));

#985=(
BOUNDED_CURVE()
B_SPLINE_CURVE(1,(#986,#987),.UNSPECIFIED.,.F.,.F.)
B_SPLINE_CURVE_WITH_KNOTS((2,2),(0.000,1.000),.UNSPECIFIED.)
CURVE()
GEOMETRIC_REPRESENTATION_ITEM()
RATIONAL_B_SPLINE_CURVE((1.0000000000,1.0000000000))
REPRESENTATION_ITEM('')
);
#986=CARTESIAN_POINT('',(-6.2560387053,-24.4887280850,0.0000000000));
#987=CARTESIAN_POINT('',(-6.0587762236,-23.8687602854,0.0000000000));

#988=(
BOUNDED_CURVE()
B_SPLINE_CURVE(1,(#989,#990),.UNSPECIFIED.,.F.,.F.)
B_SPLINE_CURVE_WITH_KNOTS((2,2),(0.000,1.000),.UNSPECIFIED.)
CURVE()
GEOMETRIC_REPRESENTATION_ITEM()
RATIONAL_B_SPLINE_CURVE((1.0000000000,1.0000000000))
REPRESENTATION_ITEM('')
);
#989=CARTESIAN_POINT('',(-10.9057972024,-21.3325283779,0.0000000000));
#990=CARTESIAN_POINT('',(-10.9057972024,-20.7125605782,0.0000000000));

#991=(
BOUNDED_CURVE()
B_SPLINE_CURVE(1,(#992,#993),.UNSPECIFIED.,.F.,.F.)
B_SPLINE_CURVE_WITH_KNOTS((2,2),(0.000,1.000),.UNSPECIFIED.)
CURVE()
GEOMETRIC_REPRESENTATION_ITEM()
RATIONAL_B_SPLINE_CURVE((1.0000000000,1.0000000000))
REPRESENTATION_ITEM('')
);
#992=CARTESIAN_POINT('',(-10.5112722390,-21.3325283779,0.0000000000));
#993=CARTESIAN_POINT('',(-10.5112722390,-20.7125605782,0.0000000000));

#994=(
BOUNDED_CURVE()
B_SPLINE_CURVE(1,(#995,#996),.UNSPECIFIED.,.F.,.F.)
B_SPLINE_CURVE_WITH_KNOTS((2,2),(0.000,1.000),.UNSPECIFIED.)
CURVE()
GEOMETRIC_REPRESENTATION_ITEM()
RATIONAL_B_SPLINE_CURVE((1.0000000000,1.0000000000))
REPRESENTATION_ITEM('')
);
#995=CARTESIAN_POINT('',(-10.9057972024,-20.9881018225,0.0000000000));
#996=CARTESIAN_POINT('',(-10.5112722390,-20.9881018225,0.0000000000));

#997=(
BOUNDED_CURVE()
B_SPLINE_CURVE(1,(#998,#999),.UNSPECIFIED.,.F.,.F.)
B_SPLINE_CURVE_WITH_KNOTS((2,2),(0.000,1.000),.UNSPECIFIED.)
CURVE()
GEOMETRIC_REPRESENTATION_ITEM()
RATIONAL_B_SPLINE_CURVE((1.0000000000,1.0000000000))
REPRESENTATION_ITEM('')
);
#998=CARTESIAN_POINT('',(-8.4822867130,-20.3743963239,0.0000000000));
#999=CARTESIAN_POINT('',(-8.4822867130,-19.1908214337,0.0000000000));

#1000=(
BOUNDED_CURVE()
B_SPLINE_CURVE(1,(#1001,#1002),.UNSPECIFIED.,.F.,.F.)
B_SPLINE_CURVE_WITH_KNOTS((2,2),(0.000,1.000),.UNSPECIFIED.)
CURVE()
GEOMETRIC_REPRESENTATION_ITEM()
RATIONAL_B_SPLINE_CURVE((1.0000000000,1.0000000000))
REPRESENTATION_ITEM('')
);
#1001=CARTESIAN_POINT('',(-14.5128825820,-20.3743963239,0.0000000000));
#1002=CARTESIAN_POINT('',(-14.5128825820,-19.1908214337,0.0000000000));

#1003=(
BOUNDED_CURVE()
B_SPLINE_CURVE(1,(#1004,#1005),.UNSPECIFIED.,.F.,.F.)
B_SPLINE_CURVE_WITH_KNOTS((2,2),(0.000,1.000),.UNSPECIFIED.)
CURVE()
GEOMETRIC_REPRESENTATION_ITEM()
RATIONAL_B_SPLINE_CURVE((1.0000000000,1.0000000000))
REPRESENTATION_ITEM('')
);
#1004=CARTESIAN_POINT('',(-8.4822867130,-19.7544285243,0.0000000000));
#1005=CARTESIAN_POINT('',(-10.5112722390,-19.7544285243,0.0000000000));

#1006=(
BOUNDED_CURVE()
B_SPLINE_CURVE(1,(#1007,#1008),.UNSPECIFIED.,.F.,.F.)
B_SPLINE_CURVE_WITH_KNOTS((2,2),(0.000,1.000),.UNSPECIFIED.)
CURVE()
GEOMETRIC_REPRESENTATION_ITEM()
RATIONAL_B_SPLINE_CURVE((1.0000000000,1.0000000000))
REPRESENTATION_ITEM('')
);
#1007=CARTESIAN_POINT('',(-12.4838970560,-19.7544285243,0.0000000000));
#1008=CARTESIAN_POINT('',(-14.5128825820,-19.7544285243,0.0000000000));

#1009=(
BOUNDED_CURVE()
B_SPLINE_CURVE(1,(#1010,#1011),.UNSPECIFIED.,.F.,.F.)
B_SPLINE_CURVE_WITH_KNOTS((2,2),(0.000,1.000),.UNSPECIFIED.)
CURVE()
GEOMETRIC_REPRESENTATION_ITEM()
RATIONAL_B_SPLINE_CURVE((1.0000000000,1.0000000000))
REPRESENTATION_ITEM('')
);
#1010=CARTESIAN_POINT('',(-14.5128825820,-19.7544285243,0.0000000000));
#1011=CARTESIAN_POINT('',(-13.7801933643,-19.9798713605,0.0000000000));

#1012=(
BOUNDED_CURVE()
B_SPLINE_CURVE(1,(#1013,#1014),.UNSPECIFIED.,.F.,.F.)
B_SPLINE_CURVE_WITH_KNOTS((2,2),(0.000,1.000),.UNSPECIFIED.)
CURVE()
GEOMETRIC_REPRESENTATION_ITEM()
RATIONAL_B_SPLINE_CURVE((1.0000000000,1.0000000000))
REPRESENTATION_ITEM('')
);
#1013=CARTESIAN_POINT('',(-8.4822867130,-19.7544285243,0.0000000000));
#1014=CARTESIAN_POINT('',(-9.2149759307,-19.5289856881,0.0000000000));

#1015=(
BOUNDED_CURVE()
B_SPLINE_CURVE(1,(#1016,#1017),.UNSPECIFIED.,.F.,.F.)
B_SPLINE_CURVE_WITH_KNOTS((2,2),(0.000,1.000),.UNSPECIFIED.)
CURVE()
GEOMETRIC_REPRESENTATION_ITEM()
RATIONAL_B_SPLINE_CURVE((1.0000000000,1.0000000000))
REPRESENTATION_ITEM('')
);
#1016=CARTESIAN_POINT('',(-8.4822867130,-19.7544285243,0.0000000000));
#1017=CARTESIAN_POINT('',(-9.2149759307,-19.9798713605,0.0000000000));

#1018=(
BOUNDED_CURVE()
B_SPLINE_CURVE(1,(#1019,#1020),.UNSPECIFIED.,.F.,.F.)
B_SPLINE_CURVE_WITH_KNOTS((2,2),(0.000,1.000),.UNSPECIFIED.)
CURVE()
GEOMETRIC_REPRESENTATION_ITEM()
RATIONAL_B_SPLINE_CURVE((1.0000000000,1.0000000000))
REPRESENTATION_ITEM('')
);
#1019=CARTESIAN_POINT('',(-14.5128825820,-19.7544285243,0.0000000000));
#1020=CARTESIAN_POINT('',(-13.7801933643,-19.5289856881,0.0000000000));

#1021=(
BOUNDED_CURVE()
B_SPLINE_CURVE(1,(#1022,#1023),.UNSPECIFIED.,.F.,.F.)
B_SPLINE_CURVE_WITH_KNOTS((2,2),(0.000,1.000),.UNSPECIFIED.)
CURVE()
GEOMETRIC_REPRESENTATION_ITEM()
RATIONAL_B_SPLINE_CURVE((1.0000000000,1.0000000000))
REPRESENTATION_ITEM('')
);
#1022=CARTESIAN_POINT('',(-12.2584542198,-19.7168547182,0.0000000000));
#1023=CARTESIAN_POINT('',(-12.2544219912,-19.6667862548,0.0000000000));

#1024=(
BOUNDED_CURVE()
B_SPLINE_CURVE(1,(#1025,#1026),.UNSPECIFIED.,.F.,.F.)
B_SPLINE_CURVE_WITH_KNOTS((2,2),(0.000,1.000),.UNSPECIFIED.)
CURVE()
GEOMETRIC_REPRESENTATION_ITEM()
RATIONAL_B_SPLINE_CURVE((1.0000000000,1.0000000000))
REPRESENTATION_ITEM('')
);
#1025=CARTESIAN_POINT('',(-12.2544219912,-19.6667862548,0.0000000000));
#1026=CARTESIAN_POINT('',(-12.2429916172,-19.6180348916,0.0000000000));

#1027=(
BOUNDED_CURVE()
B_SPLINE_CURVE(1,(#1028,#1029),.UNSPECIFIED.,.F.,.F.)
B_SPLINE_CURVE_WITH_KNOTS((2,2),(0.000,1.000),.UNSPECIFIED.)
CURVE()
GEOMETRIC_REPRESENTATION_ITEM()
RATIONAL_B_SPLINE_CURVE((1.0000000000,1.0000000000))
REPRESENTATION_ITEM('')
);
#1028=CARTESIAN_POINT('',(-12.2429916172,-19.6180348916,0.0000000000));
#1029=CARTESIAN_POINT('',(-12.2244528153,-19.5718362944,0.0000000000));

#1030=(
BOUNDED_CURVE()
B_SPLINE_CURVE(1,(#1031,#1032),.UNSPECIFIED.,.F.,.F.)
B_SPLINE_CURVE_WITH_KNOTS((2,2),(0.000,1.000),.UNSPECIFIED.)
CURVE()
GEOMETRIC_REPRESENTATION_ITEM()
RATIONAL_B_SPLINE_CURVE((1.0000000000,1.0000000000))
REPRESENTATION_ITEM('')
);
#1031=CARTESIAN_POINT('',(-12.2244528153,-19.5718362944,0.0000000000));
#1032=CARTESIAN_POINT('',(-12.1992754753,-19.5293614261,0.0000000000));

#1033=(
BOUNDED_CURVE()
B_SPLINE_CURVE(1,(#1034,#1035),.UNSPECIFIED.,.F.,.F.)
B_SPLINE_CURVE_WITH_KNOTS((2,2),(0.000,1.000),.UNSPECIFIED.)
CURVE()
GEOMETRIC_REPRESENTATION_ITEM()
RATIONAL_B_SPLINE_CURVE((1.0000000000,1.0000000000))
REPRESENTATION_ITEM('')
);
#1034=CARTESIAN_POINT('',(-12.1992754753,-19.5293614261,0.0000000000));
#1035=CARTESIAN_POINT('',(-12.1680977490,-19.4916868668,0.0000000000));

#1036=(
BOUNDED_CURVE()
B_SPLINE_CURVE(1,(#1037,#1038),.UNSPECIFIED.,.F.,.F.)
B_SPLINE_CURVE_WITH_KNOTS((2,2),(0.000,1.000),.UNSPECIFIED.)
CURVE()
GEOMETRIC_REPRESENTATION_ITEM()
RATIONAL_B_SPLINE_CURVE((1.0000000000,1.0000000000))
REPRESENTATION_ITEM('')
);
#1037=CARTESIAN_POINT('',(-12.1680977490,-19.4916868668,0.0000000000));
#1038=CARTESIAN_POINT('',(-12.1317098761,-19.4597675264,0.0000000000));

#1039=(
BOUNDED_CURVE()
B_SPLINE_CURVE(1,(#1040,#1041),.UNSPECIFIED.,.F.,.F.)
B_SPLINE_CURVE_WITH_KNOTS((2,2),(0.000,1.000),.UNSPECIFIED.)
CURVE()
GEOMETRIC_REPRESENTATION_ITEM()
RATIONAL_B_SPLINE_CURVE((1.0000000000,1.0000000000))
REPRESENTATION_ITEM('')
);
#1040=CARTESIAN_POINT('',(-12.1317098761,-19.4597675264,0.0000000000));
#1041=CARTESIAN_POINT('',(-12.0910341539,-19.4344124418,0.0000000000));

#1042=(
BOUNDED_CURVE()
B_SPLINE_CURVE(1,(#1043,#1044),.UNSPECIFIED.,.F.,.F.)
B_SPLINE_CURVE_WITH_KNOTS((2,2),(0.000,1.000),.UNSPECIFIED.)
CURVE()
GEOMETRIC_REPRESENTATION_ITEM()
RATIONAL_B_SPLINE_CURVE((1.0000000000,1.0000000000))
REPRESENTATION_ITEM('')
);
#1043=CARTESIAN_POINT('',(-12.0910341539,-19.4344124418,0.0000000000));
#1044=CARTESIAN_POINT('',(-12.0471015608,-19.4162642699,0.0000000000));

#1045=(
BOUNDED_CURVE()
B_SPLINE_CURVE(1,(#1046,#1047),.UNSPECIFIED.,.F.,.F.)
B_SPLINE_CURVE_WITH_KNOTS((2,2),(0.000,1.000),.UNSPECIFIED.)
CURVE()
GEOMETRIC_REPRESENTATION_ITEM()
RATIONAL_B_SPLINE_CURVE((1.0000000000,1.0000000000))
REPRESENTATION_ITEM('')
);
#1046=CARTESIAN_POINT('',(-11.7512078383,-20.0925927786,0.0000000000));
#1047=CARTESIAN_POINT('',(-11.7512078383,-20.0550189726,0.0000000000));

#1048=(
BOUNDED_CURVE()
B_SPLINE_CURVE(1,(#1049,#1050),.UNSPECIFIED.,.F.,.F.)
B_SPLINE_CURVE_WITH_KNOTS((2,2),(0.000,1.000),.UNSPECIFIED.)
CURVE()
GEOMETRIC_REPRESENTATION_ITEM()
RATIONAL_B_SPLINE_CURVE((1.0000000000,1.0000000000))
REPRESENTATION_ITEM('')
);
#1049=CARTESIAN_POINT('',(-6.3405797688,-26.0104672295,0.0000000000));
#1050=CARTESIAN_POINT('',(-7.4677939500,-26.0104672295,0.0000000000));

#1051=(
BOUNDED_CURVE()
B_SPLINE_CURVE(1,(#1052,#1053),.UNSPECIFIED.,.F.,.F.)
B_SPLINE_CURVE_WITH_KNOTS((2,2),(0.000,1.000),.UNSPECIFIED.)
CURVE()
GEOMETRIC_REPRESENTATION_ITEM()
RATIONAL_B_SPLINE_CURVE((1.0000000000,1.0000000000))
REPRESENTATION_ITEM('')
);
#1052=CARTESIAN_POINT('',(-12.4838970560,-20.9380034145,0.0000000000));
#1053=CARTESIAN_POINT('',(-12.4838970560,-19.8107892333,0.0000000000));

#1054=(
BOUNDED_CURVE()
B_SPLINE_CURVE(1,(#1055,#1056),.UNSPECIFIED.,.F.,.F.)
B_SPLINE_CURVE_WITH_KNOTS((2,2),(0.000,1.000),.UNSPECIFIED.)
CURVE()
GEOMETRIC_REPRESENTATION_ITEM()
RATIONAL_B_SPLINE_CURVE((1.0000000000,1.0000000000))
REPRESENTATION_ITEM('')
);
#1055=CARTESIAN_POINT('',(20.8252819964,8.7640902583,0.0000000000));
#1056=CARTESIAN_POINT('',(20.8252819964,8.0877617496,0.0000000000));

#1057=(
BOUNDED_CURVE()
B_SPLINE_CURVE(1,(#1058,#1059),.UNSPECIFIED.,.F.,.F.)
B_SPLINE_CURVE_WITH_KNOTS((2,2),(0.000,1.000),.UNSPECIFIED.)
CURVE()
GEOMETRIC_REPRESENTATION_ITEM()
RATIONAL_B_SPLINE_CURVE((1.0000000000,1.0000000000))
REPRESENTATION_ITEM('')
);
#1058=CARTESIAN_POINT('',(20.8252819964,8.0877617496,0.0000000000));
#1059=CARTESIAN_POINT('',(20.1489534877,8.0877617496,0.0000000000));

#1060=(
BOUNDED_CURVE()
B_SPLINE_CURVE(1,(#1061,#1062),.UNSPECIFIED.,.F.,.F.)
B_SPLINE_CURVE_WITH_KNOTS((2,2),(0.000,1.000),.UNSPECIFIED.)
CURVE()
GEOMETRIC_REPRESENTATION_ITEM()
RATIONAL_B_SPLINE_CURVE((1.0000000000,1.0000000000))
REPRESENTATION_ITEM('')
);
#1061=CARTESIAN_POINT('',(20.1489534877,8.0877617496,0.0000000000));
#1062=CARTESIAN_POINT('',(20.1489534877,8.7640902583,0.0000000000));

#1063=(
BOUNDED_CURVE()
B_SPLINE_CURVE(1,(#1064,#1065),.UNSPECIFIED.,.F.,.F.)
B_SPLINE_CURVE_WITH_KNOTS((2,2),(0.000,1.000),.UNSPECIFIED.)
CURVE()
GEOMETRIC_REPRESENTATION_ITEM()
RATIONAL_B_SPLINE_CURVE((1.0000000000,1.0000000000))
REPRESENTATION_ITEM('')
);
#1064=CARTESIAN_POINT('',(20.1489534877,8.7640902583,0.0000000000));
#1065=CARTESIAN_POINT('',(20.8252819964,8.7640902583,0.0000000000));

#1066=(
BOUNDED_CURVE()
B_SPLINE_CURVE(1,(#1067,#1068),.UNSPECIFIED.,.F.,.F.)
B_SPLINE_CURVE_WITH_KNOTS((2,2),(0.000,1.000),.UNSPECIFIED.)
CURVE()
GEOMETRIC_REPRESENTATION_ITEM()
RATIONAL_B_SPLINE_CURVE((1.0000000000,1.0000000000))
REPRESENTATION_ITEM('')
);
#1067=CARTESIAN_POINT('',(19.2471821428,10.3421901119,0.0000000000));
#1068=CARTESIAN_POINT('',(19.2471821428,9.6658616032,0.0000000000));

#1069=(
BOUNDED_CURVE()
B_SPLINE_CURVE(1,(#1070,#1071),.UNSPECIFIED.,.F.,.F.)
B_SPLINE_CURVE_WITH_KNOTS((2,2),(0.000,1.000),.UNSPECIFIED.)
CURVE()
GEOMETRIC_REPRESENTATION_ITEM()
RATIONAL_B_SPLINE_CURVE((1.0000000000,1.0000000000))
REPRESENTATION_ITEM('')
);
#1070=CARTESIAN_POINT('',(19.2471821428,9.6658616032,0.0000000000));
#1071=CARTESIAN_POINT('',(18.5708536341,9.6658616032,0.0000000000));

#1072=(
BOUNDED_CURVE()
B_SPLINE_CURVE(1,(#1073,#1074),.UNSPECIFIED.,.F.,.F.)
B_SPLINE_CURVE_WITH_KNOTS((2,2),(0.000,1.000),.UNSPECIFIED.)
CURVE()
GEOMETRIC_REPRESENTATION_ITEM()
RATIONAL_B_SPLINE_CURVE((1.0000000000,1.0000000000))
REPRESENTATION_ITEM('')
);
#1073=CARTESIAN_POINT('',(18.5708536341,9.6658616032,0.0000000000));
#1074=CARTESIAN_POINT('',(18.5708536341,10.3421901119,0.0000000000));

#1075=(
BOUNDED_CURVE()
B_SPLINE_CURVE(1,(#1076,#1077),.UNSPECIFIED.,.F.,.F.)
B_SPLINE_CURVE_WITH_KNOTS((2,2),(0.000,1.000),.UNSPECIFIED.)
CURVE()
GEOMETRIC_REPRESENTATION_ITEM()
RATIONAL_B_SPLINE_CURVE((1.0000000000,1.0000000000))
REPRESENTATION_ITEM('')
);
#1076=CARTESIAN_POINT('',(18.5708536341,10.3421901119,0.0000000000));
#1077=CARTESIAN_POINT('',(19.2471821428,10.3421901119,0.0000000000));

#1078=(
BOUNDED_CURVE()
B_SPLINE_CURVE(1,(#1079,#1080),.UNSPECIFIED.,.F.,.F.)
B_SPLINE_CURVE_WITH_KNOTS((2,2),(0.000,1.000),.UNSPECIFIED.)
CURVE()
GEOMETRIC_REPRESENTATION_ITEM()
RATIONAL_B_SPLINE_CURVE((1.0000000000,1.0000000000))
REPRESENTATION_ITEM('')
);
#1079=CARTESIAN_POINT('',(19.2471821428,16.3164252718,0.0000000000));
#1080=CARTESIAN_POINT('',(19.2471821428,15.6400967632,0.0000000000));

#1081=(
BOUNDED_CURVE()
B_SPLINE_CURVE(1,(#1082,#1083),.UNSPECIFIED.,.F.,.F.)
B_SPLINE_CURVE_WITH_KNOTS((2,2),(0.000,1.000),.UNSPECIFIED.)
CURVE()
GEOMETRIC_REPRESENTATION_ITEM()
RATIONAL_B_SPLINE_CURVE((1.0000000000,1.0000000000))
REPRESENTATION_ITEM('')
);
#1082=CARTESIAN_POINT('',(19.2471821428,15.6400967632,0.0000000000));
#1083=CARTESIAN_POINT('',(18.5708536341,15.6400967632,0.0000000000));

#1084=(
BOUNDED_CURVE()
B_SPLINE_CURVE(1,(#1085,#1086),.UNSPECIFIED.,.F.,.F.)
B_SPLINE_CURVE_WITH_KNOTS((2,2),(0.000,1.000),.UNSPECIFIED.)
CURVE()
GEOMETRIC_REPRESENTATION_ITEM()
RATIONAL_B_SPLINE_CURVE((1.0000000000,1.0000000000))
REPRESENTATION_ITEM('')
);
#1085=CARTESIAN_POINT('',(18.5708536341,15.6400967632,0.0000000000));
#1086=CARTESIAN_POINT('',(18.5708536341,16.3164252718,0.0000000000));

#1087=(
BOUNDED_CURVE()
B_SPLINE_CURVE(1,(#1088,#1089),.UNSPECIFIED.,.F.,.F.)
B_SPLINE_CURVE_WITH_KNOTS((2,2),(0.000,1.000),.UNSPECIFIED.)
CURVE()
GEOMETRIC_REPRESENTATION_ITEM()
RATIONAL_B_SPLINE_CURVE((1.0000000000,1.0000000000))
REPRESENTATION_ITEM('')
);
#1088=CARTESIAN_POINT('',(18.5708536341,16.3164252718,0.0000000000));
#1089=CARTESIAN_POINT('',(19.2471821428,16.3164252718,0.0000000000));

#1090=(
BOUNDED_CURVE()
B_SPLINE_CURVE(1,(#1091,#1092),.UNSPECIFIED.,.F.,.F.)
B_SPLINE_CURVE_WITH_KNOTS((2,2),(0.000,1.000),.UNSPECIFIED.)
CURVE()
GEOMETRIC_REPRESENTATION_ITEM()
RATIONAL_B_SPLINE_CURVE((1.0000000000,1.0000000000))
REPRESENTATION_ITEM('')
);
#1091=CARTESIAN_POINT('',(14.5128825820,7.7777778498,0.0000000000));
#1092=CARTESIAN_POINT('',(14.5300433961,7.8568616516,0.0000000000));

#1093=(
BOUNDED_CURVE()
B_SPLINE_CURVE(1,(#1094,#1095),.UNSPECIFIED.,.F.,.F.)
B_SPLINE_CURVE_WITH_KNOTS((2,2),(0.000,1.000),.UNSPECIFIED.)
CURVE()
GEOMETRIC_REPRESENTATION_ITEM()
RATIONAL_B_SPLINE_CURVE((1.0000000000,1.0000000000))
REPRESENTATION_ITEM('')
);
#1094=CARTESIAN_POINT('',(14.5300433961,7.8568616516,0.0000000000));
#1095=CARTESIAN_POINT('',(14.5789132600,7.9239056615,0.0000000000));

#1096=(
BOUNDED_CURVE()
B_SPLINE_CURVE(1,(#1097,#1098),.UNSPECIFIED.,.F.,.F.)
B_SPLINE_CURVE_WITH_KNOTS((2,2),(0.000,1.000),.UNSPECIFIED.)
CURVE()
GEOMETRIC_REPRESENTATION_ITEM()
RATIONAL_B_SPLINE_CURVE((1.0000000000,1.0000000000))
REPRESENTATION_ITEM('')
);
#1097=CARTESIAN_POINT('',(14.5789132600,7.9239056615,0.0000000000));
#1098=CARTESIAN_POINT('',(14.6520521799,7.9687030367,0.0000000000));

#1099=(
BOUNDED_CURVE()
B_SPLINE_CURVE(1,(#1100,#1101),.UNSPECIFIED.,.F.,.F.)
B_SPLINE_CURVE_WITH_KNOTS((2,2),(0.000,1.000),.UNSPECIFIED.)
CURVE()
GEOMETRIC_REPRESENTATION_ITEM()
RATIONAL_B_SPLINE_CURVE((1.0000000000,1.0000000000))
REPRESENTATION_ITEM('')
);
#1100=CARTESIAN_POINT('',(14.6520521799,7.9687030367,0.0000000000));
#1101=CARTESIAN_POINT('',(14.7383254183,7.9844337830,0.0000000000));

#1102=(
BOUNDED_CURVE()
B_SPLINE_CURVE(1,(#1103,#1104),.UNSPECIFIED.,.F.,.F.)
B_SPLINE_CURVE_WITH_KNOTS((2,2),(0.000,1.000),.UNSPECIFIED.)
CURVE()
GEOMETRIC_REPRESENTATION_ITEM()
RATIONAL_B_SPLINE_CURVE((1.0000000000,1.0000000000))
REPRESENTATION_ITEM('')
);
#1103=CARTESIAN_POINT('',(14.7383254183,7.9844337830,0.0000000000));
#1104=CARTESIAN_POINT('',(14.8245986566,7.9687030367,0.0000000000));

#1105=(
BOUNDED_CURVE()
B_SPLINE_CURVE(1,(#1106,#1107),.UNSPECIFIED.,.F.,.F.)
B_SPLINE_CURVE_WITH_KNOTS((2,2),(0.000,1.000),.UNSPECIFIED.)
CURVE()
GEOMETRIC_REPRESENTATION_ITEM()
RATIONAL_B_SPLINE_CURVE((1.0000000000,1.0000000000))
REPRESENTATION_ITEM('')
);
#1106=CARTESIAN_POINT('',(14.8245986566,7.9687030367,0.0000000000));
#1107=CARTESIAN_POINT('',(14.8977375765,7.9239056615,0.0000000000));

#1108=(
BOUNDED_CURVE()
B_SPLINE_CURVE(1,(#1109,#1110),.UNSPECIFIED.,.F.,.F.)
B_SPLINE_CURVE_WITH_KNOTS((2,2),(0.000,1.000),.UNSPECIFIED.)
CURVE()
GEOMETRIC_REPRESENTATION_ITEM()
RATIONAL_B_SPLINE_CURVE((1.0000000000,1.0000000000))
REPRESENTATION_ITEM('')
);
#1109=CARTESIAN_POINT('',(14.8977375765,7.9239056615,0.0000000000));
#1110=CARTESIAN_POINT('',(14.9466074404,7.8568616516,0.0000000000));

#1111=(
BOUNDED_CURVE()
B_SPLINE_CURVE(1,(#1112,#1113),.UNSPECIFIED.,.F.,.F.)
B_SPLINE_CURVE_WITH_KNOTS((2,2),(0.000,1.000),.UNSPECIFIED.)
CURVE()
GEOMETRIC_REPRESENTATION_ITEM()
RATIONAL_B_SPLINE_CURVE((1.0000000000,1.0000000000))
REPRESENTATION_ITEM('')
);
#1112=CARTESIAN_POINT('',(14.9466074404,7.8568616516,0.0000000000));
#1113=CARTESIAN_POINT('',(14.9637682545,7.7777778498,0.0000000000));

#1114=(
BOUNDED_CURVE()
B_SPLINE_CURVE(1,(#1115,#1116),.UNSPECIFIED.,.F.,.F.)
B_SPLINE_CURVE_WITH_KNOTS((2,2),(0.000,1.000),.UNSPECIFIED.)
CURVE()
GEOMETRIC_REPRESENTATION_ITEM()
RATIONAL_B_SPLINE_CURVE((1.0000000000,1.0000000000))
REPRESENTATION_ITEM('')
);
#1115=CARTESIAN_POINT('',(14.9637682545,7.7777778498,0.0000000000));
#1116=CARTESIAN_POINT('',(14.9466074404,7.6986940479,0.0000000000));

#1117=(
BOUNDED_CURVE()
B_SPLINE_CURVE(1,(#1118,#1119),.UNSPECIFIED.,.F.,.F.)
B_SPLINE_CURVE_WITH_KNOTS((2,2),(0.000,1.000),.UNSPECIFIED.)
CURVE()
GEOMETRIC_REPRESENTATION_ITEM()
RATIONAL_B_SPLINE_CURVE((1.0000000000,1.0000000000))
REPRESENTATION_ITEM('')
);
#1118=CARTESIAN_POINT('',(14.9466074404,7.6986940479,0.0000000000));
#1119=CARTESIAN_POINT('',(14.8977375765,7.6316500380,0.0000000000));

#1120=(
BOUNDED_CURVE()
B_SPLINE_CURVE(1,(#1121,#1122),.UNSPECIFIED.,.F.,.F.)
B_SPLINE_CURVE_WITH_KNOTS((2,2),(0.000,1.000),.UNSPECIFIED.)
CURVE()
GEOMETRIC_REPRESENTATION_ITEM()
RATIONAL_B_SPLINE_CURVE((1.0000000000,1.0000000000))
REPRESENTATION_ITEM('')
);
#1121=CARTESIAN_POINT('',(14.8977375765,7.6316500380,0.0000000000));
#1122=CARTESIAN_POINT('',(14.8245986566,7.5868526628,0.0000000000));

#1123=(
BOUNDED_CURVE()
B_SPLINE_CURVE(1,(#1124,#1125),.UNSPECIFIED.,.F.,.F.)
B_SPLINE_CURVE_WITH_KNOTS((2,2),(0.000,1.000),.UNSPECIFIED.)
CURVE()
GEOMETRIC_REPRESENTATION_ITEM()
RATIONAL_B_SPLINE_CURVE((1.0000000000,1.0000000000))
REPRESENTATION_ITEM('')
);
#1124=CARTESIAN_POINT('',(14.8245986566,7.5868526628,0.0000000000));
#1125=CARTESIAN_POINT('',(14.7383254183,7.5711219166,0.0000000000));

#1126=(
BOUNDED_CURVE()
B_SPLINE_CURVE(1,(#1127,#1128),.UNSPECIFIED.,.F.,.F.)
B_SPLINE_CURVE_WITH_KNOTS((2,2),(0.000,1.000),.UNSPECIFIED.)
CURVE()
GEOMETRIC_REPRESENTATION_ITEM()
RATIONAL_B_SPLINE_CURVE((1.0000000000,1.0000000000))
REPRESENTATION_ITEM('')
);
#1127=CARTESIAN_POINT('',(14.7383254183,7.5711219166,0.0000000000));
#1128=CARTESIAN_POINT('',(14.6520521799,7.5868526628,0.0000000000));

#1129=(
BOUNDED_CURVE()
B_SPLINE_CURVE(1,(#1130,#1131),.UNSPECIFIED.,.F.,.F.)
B_SPLINE_CURVE_WITH_KNOTS((2,2),(0.000,1.000),.UNSPECIFIED.)
CURVE()
GEOMETRIC_REPRESENTATION_ITEM()
RATIONAL_B_SPLINE_CURVE((1.0000000000,1.0000000000))
REPRESENTATION_ITEM('')
);
#1130=CARTESIAN_POINT('',(14.6520521799,7.5868526628,0.0000000000));
#1131=CARTESIAN_POINT('',(14.5789132600,7.6316500380,0.0000000000));

#1132=(
BOUNDED_CURVE()
B_SPLINE_CURVE(1,(#1133,#1134),.UNSPECIFIED.,.F.,.F.)
B_SPLINE_CURVE_WITH_KNOTS((2,2),(0.000,1.000),.UNSPECIFIED.)
CURVE()
GEOMETRIC_REPRESENTATION_ITEM()
RATIONAL_B_SPLINE_CURVE((1.0000000000,1.0000000000))
REPRESENTATION_ITEM('')
);
#1133=CARTESIAN_POINT('',(14.5789132600,7.6316500380,0.0000000000));
#1134=CARTESIAN_POINT('',(14.5300433961,7.6986940479,0.0000000000));

#1135=(
BOUNDED_CURVE()
B_SPLINE_CURVE(1,(#1136,#1137),.UNSPECIFIED.,.F.,.F.)
B_SPLINE_CURVE_WITH_KNOTS((2,2),(0.000,1.000),.UNSPECIFIED.)
CURVE()
GEOMETRIC_REPRESENTATION_ITEM()
RATIONAL_B_SPLINE_CURVE((1.0000000000,1.0000000000))
REPRESENTATION_ITEM('')
);
#1136=CARTESIAN_POINT('',(14.5300433961,7.6986940479,0.0000000000));
#1137=CARTESIAN_POINT('',(14.5128825820,7.7777778498,0.0000000000));

#1138=(
BOUNDED_CURVE()
B_SPLINE_CURVE(1,(#1139,#1140),.UNSPECIFIED.,.F.,.F.)
B_SPLINE_CURVE_WITH_KNOTS((2,2),(0.000,1.000),.UNSPECIFIED.)
CURVE()
GEOMETRIC_REPRESENTATION_ITEM()
RATIONAL_B_SPLINE_CURVE((1.0000000000,1.0000000000))
REPRESENTATION_ITEM('')
);
#1139=CARTESIAN_POINT('',(16.6404993489,8.0533190941,0.0000000000));
#1140=CARTESIAN_POINT('',(16.6709721563,7.9881298760,0.0000000000));

#1141=(
BOUNDED_CURVE()
B_SPLINE_CURVE(1,(#1142,#1143),.UNSPECIFIED.,.F.,.F.)
B_SPLINE_CURVE_WITH_KNOTS((2,2),(0.000,1.000),.UNSPECIFIED.)
CURVE()
GEOMETRIC_REPRESENTATION_ITEM()
RATIONAL_B_SPLINE_CURVE((1.0000000000,1.0000000000))
REPRESENTATION_ITEM('')
);
#1142=CARTESIAN_POINT('',(16.6709721563,7.9881298760,0.0000000000));
#1143=CARTESIAN_POINT('',(16.6930705929,7.9197885566,0.0000000000));

#1144=(
BOUNDED_CURVE()
B_SPLINE_CURVE(1,(#1145,#1146),.UNSPECIFIED.,.F.,.F.)
B_SPLINE_CURVE_WITH_KNOTS((2,2),(0.000,1.000),.UNSPECIFIED.)
CURVE()
GEOMETRIC_REPRESENTATION_ITEM()
RATIONAL_B_SPLINE_CURVE((1.0000000000,1.0000000000))
REPRESENTATION_ITEM('')
);
#1145=CARTESIAN_POINT('',(16.6930705929,7.9197885566,0.0000000000));
#1146=CARTESIAN_POINT('',(16.7064635164,7.8493192229,0.0000000000));

#1147=(
BOUNDED_CURVE()
B_SPLINE_CURVE(1,(#1148,#1149),.UNSPECIFIED.,.F.,.F.)
B_SPLINE_CURVE_WITH_KNOTS((2,2),(0.000,1.000),.UNSPECIFIED.)
CURVE()
GEOMETRIC_REPRESENTATION_ITEM()
RATIONAL_B_SPLINE_CURVE((1.0000000000,1.0000000000))
REPRESENTATION_ITEM('')
);
#1148=CARTESIAN_POINT('',(16.7064635164,7.8493192229,0.0000000000));
#1149=CARTESIAN_POINT('',(16.7109502352,7.7777778498,0.0000000000));

#1150=(
BOUNDED_CURVE()
B_SPLINE_CURVE(1,(#1151,#1152),.UNSPECIFIED.,.F.,.F.)
B_SPLINE_CURVE_WITH_KNOTS((2,2),(0.000,1.000),.UNSPECIFIED.)
CURVE()
GEOMETRIC_REPRESENTATION_ITEM()
RATIONAL_B_SPLINE_CURVE((1.0000000000,1.0000000000))
REPRESENTATION_ITEM('')
);
#1151=CARTESIAN_POINT('',(16.7109502352,7.7777778498,0.0000000000));
#1152=CARTESIAN_POINT('',(16.7064635164,7.7062364767,0.0000000000));

#1153=(
BOUNDED_CURVE()
B_SPLINE_CURVE(1,(#1154,#1155),.UNSPECIFIED.,.F.,.F.)
B_SPLINE_CURVE_WITH_KNOTS((2,2),(0.000,1.000),.UNSPECIFIED.)
CURVE()
GEOMETRIC_REPRESENTATION_ITEM()
RATIONAL_B_SPLINE_CURVE((1.0000000000,1.0000000000))
REPRESENTATION_ITEM('')
);
#1154=CARTESIAN_POINT('',(16.7064635164,7.7062364767,0.0000000000));
#1155=CARTESIAN_POINT('',(16.6930705929,7.6357671430,0.0000000000));

#1156=(
BOUNDED_CURVE()
B_SPLINE_CURVE(1,(#1157,#1158),.UNSPECIFIED.,.F.,.F.)
B_SPLINE_CURVE_WITH_KNOTS((2,2),(0.000,1.000),.UNSPECIFIED.)
CURVE()
GEOMETRIC_REPRESENTATION_ITEM()
RATIONAL_B_SPLINE_CURVE((1.0000000000,1.0000000000))
REPRESENTATION_ITEM('')
);
#1157=CARTESIAN_POINT('',(16.6930705929,7.6357671430,0.0000000000));
#1158=CARTESIAN_POINT('',(16.6709721563,7.5674258236,0.0000000000));

#1159=(
BOUNDED_CURVE()
B_SPLINE_CURVE(1,(#1160,#1161),.UNSPECIFIED.,.F.,.F.)
B_SPLINE_CURVE_WITH_KNOTS((2,2),(0.000,1.000),.UNSPECIFIED.)
CURVE()
GEOMETRIC_REPRESENTATION_ITEM()
RATIONAL_B_SPLINE_CURVE((1.0000000000,1.0000000000))
REPRESENTATION_ITEM('')
);
#1160=CARTESIAN_POINT('',(16.6709721563,7.5674258236,0.0000000000));
#1161=CARTESIAN_POINT('',(16.6404993489,7.5022366055,0.0000000000));

#1162=(
BOUNDED_CURVE()
B_SPLINE_CURVE(1,(#1163,#1164),.UNSPECIFIED.,.F.,.F.)
B_SPLINE_CURVE_WITH_KNOTS((2,2),(0.000,1.000),.UNSPECIFIED.)
CURVE()
GEOMETRIC_REPRESENTATION_ITEM()
RATIONAL_B_SPLINE_CURVE((1.0000000000,1.0000000000))
REPRESENTATION_ITEM('')
);
#1163=CARTESIAN_POINT('',(16.6404993489,7.5022366055,0.0000000000));
#1164=CARTESIAN_POINT('',(16.6264749938,7.4877920679,0.0000000000));

#1165=(
BOUNDED_CURVE()
B_SPLINE_CURVE(1,(#1166,#1167),.UNSPECIFIED.,.F.,.F.)
B_SPLINE_CURVE_WITH_KNOTS((2,2),(0.000,1.000),.UNSPECIFIED.)
CURVE()
GEOMETRIC_REPRESENTATION_ITEM()
RATIONAL_B_SPLINE_CURVE((1.0000000000,1.0000000000))
REPRESENTATION_ITEM('')
);
#1166=CARTESIAN_POINT('',(16.6264749938,7.4877920679,0.0000000000));
#1167=CARTESIAN_POINT('',(16.6094317053,7.4768844697,0.0000000000));

#1168=(
BOUNDED_CURVE()
B_SPLINE_CURVE(1,(#1169,#1170),.UNSPECIFIED.,.F.,.F.)
B_SPLINE_CURVE_WITH_KNOTS((2,2),(0.000,1.000),.UNSPECIFIED.)
CURVE()
GEOMETRIC_REPRESENTATION_ITEM()
RATIONAL_B_SPLINE_CURVE((1.0000000000,1.0000000000))
REPRESENTATION_ITEM('')
);
#1169=CARTESIAN_POINT('',(16.6094317053,7.4768844697,0.0000000000));
#1170=CARTESIAN_POINT('',(16.5902813337,7.4700973896,0.0000000000));

#1171=(
BOUNDED_CURVE()
B_SPLINE_CURVE(1,(#1172,#1173),.UNSPECIFIED.,.F.,.F.)
B_SPLINE_CURVE_WITH_KNOTS((2,2),(0.000,1.000),.UNSPECIFIED.)
CURVE()
GEOMETRIC_REPRESENTATION_ITEM()
RATIONAL_B_SPLINE_CURVE((1.0000000000,1.0000000000))
REPRESENTATION_ITEM('')
);
#1172=CARTESIAN_POINT('',(16.5902813337,7.4700973896,0.0000000000));
#1173=CARTESIAN_POINT('',(16.5700484626,7.4677939500,0.0000000000));

#1174=(
BOUNDED_CURVE()
B_SPLINE_CURVE(1,(#1175,#1176),.UNSPECIFIED.,.F.,.F.)
B_SPLINE_CURVE_WITH_KNOTS((2,2),(0.000,1.000),.UNSPECIFIED.)
CURVE()
GEOMETRIC_REPRESENTATION_ITEM()
RATIONAL_B_SPLINE_CURVE((1.0000000000,1.0000000000))
REPRESENTATION_ITEM('')
);
#1175=CARTESIAN_POINT('',(16.5700484626,7.4677939500,0.0000000000));
#1176=CARTESIAN_POINT('',(16.5498155915,7.4700973896,0.0000000000));

#1177=(
BOUNDED_CURVE()
B_SPLINE_CURVE(1,(#1178,#1179),.UNSPECIFIED.,.F.,.F.)
B_SPLINE_CURVE_WITH_KNOTS((2,2),(0.000,1.000),.UNSPECIFIED.)
CURVE()
GEOMETRIC_REPRESENTATION_ITEM()
RATIONAL_B_SPLINE_CURVE((1.0000000000,1.0000000000))
REPRESENTATION_ITEM('')
);
#1178=CARTESIAN_POINT('',(16.5498155915,7.4700973896,0.0000000000));
#1179=CARTESIAN_POINT('',(16.5306652199,7.4768844697,0.0000000000));

#1180=(
BOUNDED_CURVE()
B_SPLINE_CURVE(1,(#1181,#1182),.UNSPECIFIED.,.F.,.F.)
B_SPLINE_CURVE_WITH_KNOTS((2,2),(0.000,1.000),.UNSPECIFIED.)
CURVE()
GEOMETRIC_REPRESENTATION_ITEM()
RATIONAL_B_SPLINE_CURVE((1.0000000000,1.0000000000))
REPRESENTATION_ITEM('')
);
#1181=CARTESIAN_POINT('',(16.5306652199,7.4768844697,0.0000000000));
#1182=CARTESIAN_POINT('',(16.5136219313,7.4877920679,0.0000000000));

#1183=(
BOUNDED_CURVE()
B_SPLINE_CURVE(1,(#1184,#1185),.UNSPECIFIED.,.F.,.F.)
B_SPLINE_CURVE_WITH_KNOTS((2,2),(0.000,1.000),.UNSPECIFIED.)
CURVE()
GEOMETRIC_REPRESENTATION_ITEM()
RATIONAL_B_SPLINE_CURVE((1.0000000000,1.0000000000))
REPRESENTATION_ITEM('')
);
#1184=CARTESIAN_POINT('',(16.5136219313,7.4877920679,0.0000000000));
#1185=CARTESIAN_POINT('',(16.4995975763,7.5022366055,0.0000000000));

#1186=(
BOUNDED_CURVE()
B_SPLINE_CURVE(1,(#1187,#1188),.UNSPECIFIED.,.F.,.F.)
B_SPLINE_CURVE_WITH_KNOTS((2,2),(0.000,1.000),.UNSPECIFIED.)
CURVE()
GEOMETRIC_REPRESENTATION_ITEM()
RATIONAL_B_SPLINE_CURVE((1.0000000000,1.0000000000))
REPRESENTATION_ITEM('')
);
#1187=CARTESIAN_POINT('',(16.4995975763,7.5022366055,0.0000000000));
#1188=CARTESIAN_POINT('',(16.4691247689,7.5674258236,0.0000000000));

#1189=(
BOUNDED_CURVE()
B_SPLINE_CURVE(1,(#1190,#1191),.UNSPECIFIED.,.F.,.F.)
B_SPLINE_CURVE_WITH_KNOTS((2,2),(0.000,1.000),.UNSPECIFIED.)
CURVE()
GEOMETRIC_REPRESENTATION_ITEM()
RATIONAL_B_SPLINE_CURVE((1.0000000000,1.0000000000))
REPRESENTATION_ITEM('')
);
#1190=CARTESIAN_POINT('',(16.4691247689,7.5674258236,0.0000000000));
#1191=CARTESIAN_POINT('',(16.4470263322,7.6357671430,0.0000000000));

#1192=(
BOUNDED_CURVE()
B_SPLINE_CURVE(1,(#1193,#1194),.UNSPECIFIED.,.F.,.F.)
B_SPLINE_CURVE_WITH_KNOTS((2,2),(0.000,1.000),.UNSPECIFIED.)
CURVE()
GEOMETRIC_REPRESENTATION_ITEM()
RATIONAL_B_SPLINE_CURVE((1.0000000000,1.0000000000))
REPRESENTATION_ITEM('')
);
#1193=CARTESIAN_POINT('',(16.4470263322,7.6357671430,0.0000000000));
#1194=CARTESIAN_POINT('',(16.4336334088,7.7062364767,0.0000000000));

#1195=(
BOUNDED_CURVE()
B_SPLINE_CURVE(1,(#1196,#1197),.UNSPECIFIED.,.F.,.F.)
B_SPLINE_CURVE_WITH_KNOTS((2,2),(0.000,1.000),.UNSPECIFIED.)
CURVE()
GEOMETRIC_REPRESENTATION_ITEM()
RATIONAL_B_SPLINE_CURVE((1.0000000000,1.0000000000))
REPRESENTATION_ITEM('')
);
#1196=CARTESIAN_POINT('',(16.4336334088,7.7062364767,0.0000000000));
#1197=CARTESIAN_POINT('',(16.4291466900,7.7777778498,0.0000000000));

#1198=(
BOUNDED_CURVE()
B_SPLINE_CURVE(1,(#1199,#1200),.UNSPECIFIED.,.F.,.F.)
B_SPLINE_CURVE_WITH_KNOTS((2,2),(0.000,1.000),.UNSPECIFIED.)
CURVE()
GEOMETRIC_REPRESENTATION_ITEM()
RATIONAL_B_SPLINE_CURVE((1.0000000000,1.0000000000))
REPRESENTATION_ITEM('')
);
#1199=CARTESIAN_POINT('',(16.4291466900,7.7777778498,0.0000000000));
#1200=CARTESIAN_POINT('',(16.4336334088,7.8493192229,0.0000000000));

#1201=(
BOUNDED_CURVE()
B_SPLINE_CURVE(1,(#1202,#1203),.UNSPECIFIED.,.F.,.F.)
B_SPLINE_CURVE_WITH_KNOTS((2,2),(0.000,1.000),.UNSPECIFIED.)
CURVE()
GEOMETRIC_REPRESENTATION_ITEM()
RATIONAL_B_SPLINE_CURVE((1.0000000000,1.0000000000))
REPRESENTATION_ITEM('')
);
#1202=CARTESIAN_POINT('',(16.4336334088,7.8493192229,0.0000000000));
#1203=CARTESIAN_POINT('',(16.4470263322,7.9197885566,0.0000000000));

#1204=(
BOUNDED_CURVE()
B_SPLINE_CURVE(1,(#1205,#1206),.UNSPECIFIED.,.F.,.F.)
B_SPLINE_CURVE_WITH_KNOTS((2,2),(0.000,1.000),.UNSPECIFIED.)
CURVE()
GEOMETRIC_REPRESENTATION_ITEM()
RATIONAL_B_SPLINE_CURVE((1.0000000000,1.0000000000))
REPRESENTATION_ITEM('')
);
#1205=CARTESIAN_POINT('',(16.4470263322,7.9197885566,0.0000000000));
#1206=CARTESIAN_POINT('',(16.4691247689,7.9881298760,0.0000000000));

#1207=(
BOUNDED_CURVE()
B_SPLINE_CURVE(1,(#1208,#1209),.UNSPECIFIED.,.F.,.F.)
B_SPLINE_CURVE_WITH_KNOTS((2,2),(0.000,1.000),.UNSPECIFIED.)
CURVE()
GEOMETRIC_REPRESENTATION_ITEM()
RATIONAL_B_SPLINE_CURVE((1.0000000000,1.0000000000))
REPRESENTATION_ITEM('')
);
#1208=CARTESIAN_POINT('',(16.4691247689,7.9881298760,0.0000000000));
#1209=CARTESIAN_POINT('',(16.4995975763,8.0533190941,0.0000000000));

#1210=(
BOUNDED_CURVE()
B_SPLINE_CURVE(1,(#1211,#1212),.UNSPECIFIED.,.F.,.F.)
B_SPLINE_CURVE_WITH_KNOTS((2,2),(0.000,1.000),.UNSPECIFIED.)
CURVE()
GEOMETRIC_REPRESENTATION_ITEM()
RATIONAL_B_SPLINE_CURVE((1.0000000000,1.0000000000))
REPRESENTATION_ITEM('')
);
#1211=CARTESIAN_POINT('',(16.4995975763,8.0533190941,0.0000000000));
#1212=CARTESIAN_POINT('',(16.5136219313,8.0677636317,0.0000000000));

#1213=(
BOUNDED_CURVE()
B_SPLINE_CURVE(1,(#1214,#1215),.UNSPECIFIED.,.F.,.F.)
B_SPLINE_CURVE_WITH_KNOTS((2,2),(0.000,1.000),.UNSPECIFIED.)
CURVE()
GEOMETRIC_REPRESENTATION_ITEM()
RATIONAL_B_SPLINE_CURVE((1.0000000000,1.0000000000))
REPRESENTATION_ITEM('')
);
#1214=CARTESIAN_POINT('',(16.5136219313,8.0677636317,0.0000000000));
#1215=CARTESIAN_POINT('',(16.5306652199,8.0786712299,0.0000000000));

#1216=(
BOUNDED_CURVE()
B_SPLINE_CURVE(1,(#1217,#1218),.UNSPECIFIED.,.F.,.F.)
B_SPLINE_CURVE_WITH_KNOTS((2,2),(0.000,1.000),.UNSPECIFIED.)
CURVE()
GEOMETRIC_REPRESENTATION_ITEM()
RATIONAL_B_SPLINE_CURVE((1.0000000000,1.0000000000))
REPRESENTATION_ITEM('')
);
#1217=CARTESIAN_POINT('',(16.5306652199,8.0786712299,0.0000000000));
#1218=CARTESIAN_POINT('',(16.5498155915,8.0854583100,0.0000000000));

#1219=(
BOUNDED_CURVE()
B_SPLINE_CURVE(1,(#1220,#1221),.UNSPECIFIED.,.F.,.F.)
B_SPLINE_CURVE_WITH_KNOTS((2,2),(0.000,1.000),.UNSPECIFIED.)
CURVE()
GEOMETRIC_REPRESENTATION_ITEM()
RATIONAL_B_SPLINE_CURVE((1.0000000000,1.0000000000))
REPRESENTATION_ITEM('')
);
#1220=CARTESIAN_POINT('',(16.5498155915,8.0854583100,0.0000000000));
#1221=CARTESIAN_POINT('',(16.5700484626,8.0877617496,0.0000000000));

#1222=(
BOUNDED_CURVE()
B_SPLINE_CURVE(1,(#1223,#1224),.UNSPECIFIED.,.F.,.F.)
B_SPLINE_CURVE_WITH_KNOTS((2,2),(0.000,1.000),.UNSPECIFIED.)
CURVE()
GEOMETRIC_REPRESENTATION_ITEM()
RATIONAL_B_SPLINE_CURVE((1.0000000000,1.0000000000))
REPRESENTATION_ITEM('')
);
#1223=CARTESIAN_POINT('',(16.5700484626,8.0877617496,0.0000000000));
#1224=CARTESIAN_POINT('',(16.5902813337,8.0854583100,0.0000000000));

#1225=(
BOUNDED_CURVE()
B_SPLINE_CURVE(1,(#1226,#1227),.UNSPECIFIED.,.F.,.F.)
B_SPLINE_CURVE_WITH_KNOTS((2,2),(0.000,1.000),.UNSPECIFIED.)
CURVE()
GEOMETRIC_REPRESENTATION_ITEM()
RATIONAL_B_SPLINE_CURVE((1.0000000000,1.0000000000))
REPRESENTATION_ITEM('')
);
#1226=CARTESIAN_POINT('',(16.5902813337,8.0854583100,0.0000000000));
#1227=CARTESIAN_POINT('',(16.6094317053,8.0786712299,0.0000000000));

#1228=(
BOUNDED_CURVE()
B_SPLINE_CURVE(1,(#1229,#1230),.UNSPECIFIED.,.F.,.F.)
B_SPLINE_CURVE_WITH_KNOTS((2,2),(0.000,1.000),.UNSPECIFIED.)
CURVE()
GEOMETRIC_REPRESENTATION_ITEM()
RATIONAL_B_SPLINE_CURVE((1.0000000000,1.0000000000))
REPRESENTATION_ITEM('')
);
#1229=CARTESIAN_POINT('',(16.6094317053,8.0786712299,0.0000000000));
#1230=CARTESIAN_POINT('',(16.6264749938,8.0677636317,0.0000000000));

#1231=(
BOUNDED_CURVE()
B_SPLINE_CURVE(1,(#1232,#1233),.UNSPECIFIED.,.F.,.F.)
B_SPLINE_CURVE_WITH_KNOTS((2,2),(0.000,1.000),.UNSPECIFIED.)
CURVE()
GEOMETRIC_REPRESENTATION_ITEM()
RATIONAL_B_SPLINE_CURVE((1.0000000000,1.0000000000))
REPRESENTATION_ITEM('')
);
#1232=CARTESIAN_POINT('',(16.6264749938,8.0677636317,0.0000000000));
#1233=CARTESIAN_POINT('',(16.6404993489,8.0533190941,0.0000000000));

#1234=(
BOUNDED_CURVE()
B_SPLINE_CURVE(1,(#1235,#1236),.UNSPECIFIED.,.F.,.F.)
B_SPLINE_CURVE_WITH_KNOTS((2,2),(0.000,1.000),.UNSPECIFIED.)
CURVE()
GEOMETRIC_REPRESENTATION_ITEM()
RATIONAL_B_SPLINE_CURVE((1.0000000000,1.0000000000))
REPRESENTATION_ITEM('')
);
#1235=CARTESIAN_POINT('',(17.0491144896,13.1101271566,0.0000000000));
#1236=CARTESIAN_POINT('',(17.1900162622,13.1101271566,0.0000000000));

#1237=(
BOUNDED_CURVE()
B_SPLINE_CURVE(1,(#1238,#1239),.UNSPECIFIED.,.F.,.F.)
B_SPLINE_CURVE_WITH_KNOTS((2,2),(0.000,1.000),.UNSPECIFIED.)
CURVE()
GEOMETRIC_REPRESENTATION_ITEM()
RATIONAL_B_SPLINE_CURVE((1.0000000000,1.0000000000))
REPRESENTATION_ITEM('')
);
#1238=CARTESIAN_POINT('',(17.1900162622,13.1101271566,0.0000000000));
#1239=CARTESIAN_POINT('',(17.2174342783,13.1073159982,0.0000000000));

#1240=(
BOUNDED_CURVE()
B_SPLINE_CURVE(1,(#1241,#1242),.UNSPECIFIED.,.F.,.F.)
B_SPLINE_CURVE_WITH_KNOTS((2,2),(0.000,1.000),.UNSPECIFIED.)
CURVE()
GEOMETRIC_REPRESENTATION_ITEM()
RATIONAL_B_SPLINE_CURVE((1.0000000000,1.0000000000))
REPRESENTATION_ITEM('')
);
#1241=CARTESIAN_POINT('',(17.2174342783,13.1073159982,0.0000000000));
#1242=CARTESIAN_POINT('',(17.2437792394,13.0993751104,0.0000000000));

#1243=(
BOUNDED_CURVE()
B_SPLINE_CURVE(1,(#1244,#1245),.UNSPECIFIED.,.F.,.F.)
B_SPLINE_CURVE_WITH_KNOTS((2,2),(0.000,1.000),.UNSPECIFIED.)
CURVE()
GEOMETRIC_REPRESENTATION_ITEM()
RATIONAL_B_SPLINE_CURVE((1.0000000000,1.0000000000))
REPRESENTATION_ITEM('')
);
#1244=CARTESIAN_POINT('',(17.2437792394,13.0993751104,0.0000000000));
#1245=CARTESIAN_POINT('',(17.2680571520,13.0866041022,0.0000000000));

#1246=(
BOUNDED_CURVE()
B_SPLINE_CURVE(1,(#1247,#1248),.UNSPECIFIED.,.F.,.F.)
B_SPLINE_CURVE_WITH_KNOTS((2,2),(0.000,1.000),.UNSPECIFIED.)
CURVE()
GEOMETRIC_REPRESENTATION_ITEM()
RATIONAL_B_SPLINE_CURVE((1.0000000000,1.0000000000))
REPRESENTATION_ITEM('')
);
#1247=CARTESIAN_POINT('',(17.2680571520,13.0866041022,0.0000000000));
#1248=CARTESIAN_POINT('',(17.2893520119,13.0694848231,0.0000000000));

#1249=(
BOUNDED_CURVE()
B_SPLINE_CURVE(1,(#1250,#1251),.UNSPECIFIED.,.F.,.F.)
B_SPLINE_CURVE_WITH_KNOTS((2,2),(0.000,1.000),.UNSPECIFIED.)
CURVE()
GEOMETRIC_REPRESENTATION_ITEM()
RATIONAL_B_SPLINE_CURVE((1.0000000000,1.0000000000))
REPRESENTATION_ITEM('')
);
#1250=CARTESIAN_POINT('',(17.2893520119,13.0694848231,0.0000000000));
#1251=CARTESIAN_POINT('',(17.3068603656,13.0486631823,0.0000000000));

#1252=(
BOUNDED_CURVE()
B_SPLINE_CURVE(1,(#1253,#1254),.UNSPECIFIED.,.F.,.F.)
B_SPLINE_CURVE_WITH_KNOTS((2,2),(0.000,1.000),.UNSPECIFIED.)
CURVE()
GEOMETRIC_REPRESENTATION_ITEM()
RATIONAL_B_SPLINE_CURVE((1.0000000000,1.0000000000))
REPRESENTATION_ITEM('')
);
#1253=CARTESIAN_POINT('',(17.3068603656,13.0486631823,0.0000000000));
#1254=CARTESIAN_POINT('',(17.3199216239,13.0249247789,0.0000000000));

#1255=(
BOUNDED_CURVE()
B_SPLINE_CURVE(1,(#1256,#1257),.UNSPECIFIED.,.F.,.F.)
B_SPLINE_CURVE_WITH_KNOTS((2,2),(0.000,1.000),.UNSPECIFIED.)
CURVE()
GEOMETRIC_REPRESENTATION_ITEM()
RATIONAL_B_SPLINE_CURVE((1.0000000000,1.0000000000))
REPRESENTATION_ITEM('')
);
#1256=CARTESIAN_POINT('',(17.3199216239,13.0249247789,0.0000000000));
#1257=CARTESIAN_POINT('',(17.3280429865,12.9991652613,0.0000000000));

#1258=(
BOUNDED_CURVE()
B_SPLINE_CURVE(1,(#1259,#1260),.UNSPECIFIED.,.F.,.F.)
B_SPLINE_CURVE_WITH_KNOTS((2,2),(0.000,1.000),.UNSPECIFIED.)
CURVE()
GEOMETRIC_REPRESENTATION_ITEM()
RATIONAL_B_SPLINE_CURVE((1.0000000000,1.0000000000))
REPRESENTATION_ITEM('')
);
#1259=CARTESIAN_POINT('',(17.3280429865,12.9991652613,0.0000000000));
#1260=CARTESIAN_POINT('',(17.3309180349,12.9723565345,0.0000000000));

#1261=(
BOUNDED_CURVE()
B_SPLINE_CURVE(1,(#1262,#1263),.UNSPECIFIED.,.F.,.F.)
B_SPLINE_CURVE_WITH_KNOTS((2,2),(0.000,1.000),.UNSPECIFIED.)
CURVE()
GEOMETRIC_REPRESENTATION_ITEM()
RATIONAL_B_SPLINE_CURVE((1.0000000000,1.0000000000))
REPRESENTATION_ITEM('')
);
#1262=CARTESIAN_POINT('',(17.3309180349,12.9723565345,0.0000000000));
#1263=CARTESIAN_POINT('',(17.3309180349,12.9034712234,0.0000000000));

#1264=(
BOUNDED_CURVE()
B_SPLINE_CURVE(1,(#1265,#1266),.UNSPECIFIED.,.F.,.F.)
B_SPLINE_CURVE_WITH_KNOTS((2,2),(0.000,1.000),.UNSPECIFIED.)
CURVE()
GEOMETRIC_REPRESENTATION_ITEM()
RATIONAL_B_SPLINE_CURVE((1.0000000000,1.0000000000))
REPRESENTATION_ITEM('')
);
#1265=CARTESIAN_POINT('',(17.3309180349,12.9034712234,0.0000000000));
#1266=CARTESIAN_POINT('',(17.3201925260,12.8507486889,0.0000000000));

#1267=(
BOUNDED_CURVE()
B_SPLINE_CURVE(1,(#1268,#1269),.UNSPECIFIED.,.F.,.F.)
B_SPLINE_CURVE_WITH_KNOTS((2,2),(0.000,1.000),.UNSPECIFIED.)
CURVE()
GEOMETRIC_REPRESENTATION_ITEM()
RATIONAL_B_SPLINE_CURVE((1.0000000000,1.0000000000))
REPRESENTATION_ITEM('')
);
#1268=CARTESIAN_POINT('',(17.3201925260,12.8507486889,0.0000000000));
#1269=CARTESIAN_POINT('',(17.2896488611,12.8060526823,0.0000000000));

#1270=(
BOUNDED_CURVE()
B_SPLINE_CURVE(1,(#1271,#1272),.UNSPECIFIED.,.F.,.F.)
B_SPLINE_CURVE_WITH_KNOTS((2,2),(0.000,1.000),.UNSPECIFIED.)
CURVE()
GEOMETRIC_REPRESENTATION_ITEM()
RATIONAL_B_SPLINE_CURVE((1.0000000000,1.0000000000))
REPRESENTATION_ITEM('')
);
#1271=CARTESIAN_POINT('',(17.2896488611,12.8060526823,0.0000000000));
#1272=CARTESIAN_POINT('',(17.2439370362,12.7761877654,0.0000000000));

#1273=(
BOUNDED_CURVE()
B_SPLINE_CURVE(1,(#1274,#1275),.UNSPECIFIED.,.F.,.F.)
B_SPLINE_CURVE_WITH_KNOTS((2,2),(0.000,1.000),.UNSPECIFIED.)
CURVE()
GEOMETRIC_REPRESENTATION_ITEM()
RATIONAL_B_SPLINE_CURVE((1.0000000000,1.0000000000))
REPRESENTATION_ITEM('')
);
#1274=CARTESIAN_POINT('',(17.2439370362,12.7761877654,0.0000000000));
#1275=CARTESIAN_POINT('',(17.1900162622,12.7657006013,0.0000000000));

#1276=(
BOUNDED_CURVE()
B_SPLINE_CURVE(1,(#1277,#1278),.UNSPECIFIED.,.F.,.F.)
B_SPLINE_CURVE_WITH_KNOTS((2,2),(0.000,1.000),.UNSPECIFIED.)
CURVE()
GEOMETRIC_REPRESENTATION_ITEM()
RATIONAL_B_SPLINE_CURVE((1.0000000000,1.0000000000))
REPRESENTATION_ITEM('')
);
#1277=CARTESIAN_POINT('',(17.1900162622,12.7657006013,0.0000000000));
#1278=CARTESIAN_POINT('',(17.1360954882,12.7761877654,0.0000000000));

#1279=(
BOUNDED_CURVE()
B_SPLINE_CURVE(1,(#1280,#1281),.UNSPECIFIED.,.F.,.F.)
B_SPLINE_CURVE_WITH_KNOTS((2,2),(0.000,1.000),.UNSPECIFIED.)
CURVE()
GEOMETRIC_REPRESENTATION_ITEM()
RATIONAL_B_SPLINE_CURVE((1.0000000000,1.0000000000))
REPRESENTATION_ITEM('')
);
#1280=CARTESIAN_POINT('',(17.1360954882,12.7761877654,0.0000000000));
#1281=CARTESIAN_POINT('',(17.0903836633,12.8060526823,0.0000000000));

#1282=(
BOUNDED_CURVE()
B_SPLINE_CURVE(1,(#1283,#1284),.UNSPECIFIED.,.F.,.F.)
B_SPLINE_CURVE_WITH_KNOTS((2,2),(0.000,1.000),.UNSPECIFIED.)
CURVE()
GEOMETRIC_REPRESENTATION_ITEM()
RATIONAL_B_SPLINE_CURVE((1.0000000000,1.0000000000))
REPRESENTATION_ITEM('')
);
#1283=CARTESIAN_POINT('',(17.0903836633,12.8060526823,0.0000000000));
#1284=CARTESIAN_POINT('',(17.0598399984,12.8507486889,0.0000000000));

#1285=(
BOUNDED_CURVE()
B_SPLINE_CURVE(1,(#1286,#1287),.UNSPECIFIED.,.F.,.F.)
B_SPLINE_CURVE_WITH_KNOTS((2,2),(0.000,1.000),.UNSPECIFIED.)
CURVE()
GEOMETRIC_REPRESENTATION_ITEM()
RATIONAL_B_SPLINE_CURVE((1.0000000000,1.0000000000))
REPRESENTATION_ITEM('')
);
#1286=CARTESIAN_POINT('',(17.0598399984,12.8507486889,0.0000000000));
#1287=CARTESIAN_POINT('',(17.0491144896,12.9034712234,0.0000000000));

#1288=(
BOUNDED_CURVE()
B_SPLINE_CURVE(1,(#1289,#1290),.UNSPECIFIED.,.F.,.F.)
B_SPLINE_CURVE_WITH_KNOTS((2,2),(0.000,1.000),.UNSPECIFIED.)
CURVE()
GEOMETRIC_REPRESENTATION_ITEM()
RATIONAL_B_SPLINE_CURVE((1.0000000000,1.0000000000))
REPRESENTATION_ITEM('')
);
#1289=CARTESIAN_POINT('',(17.0491144896,12.9034712234,0.0000000000));
#1290=CARTESIAN_POINT('',(17.0491144896,13.1101271566,0.0000000000));

#1291=(
BOUNDED_CURVE()
B_SPLINE_CURVE(1,(#1292,#1293),.UNSPECIFIED.,.F.,.F.)
B_SPLINE_CURVE_WITH_KNOTS((2,2),(0.000,1.000),.UNSPECIFIED.)
CURVE()
GEOMETRIC_REPRESENTATION_ITEM()
RATIONAL_B_SPLINE_CURVE((1.0000000000,1.0000000000))
REPRESENTATION_ITEM('')
);
#1292=CARTESIAN_POINT('',(17.9931563663,13.3512257454,0.0000000000));
#1293=CARTESIAN_POINT('',(18.0236291736,13.2860365273,0.0000000000));

#1294=(
BOUNDED_CURVE()
B_SPLINE_CURVE(1,(#1295,#1296),.UNSPECIFIED.,.F.,.F.)
B_SPLINE_CURVE_WITH_KNOTS((2,2),(0.000,1.000),.UNSPECIFIED.)
CURVE()
GEOMETRIC_REPRESENTATION_ITEM()
RATIONAL_B_SPLINE_CURVE((1.0000000000,1.0000000000))
REPRESENTATION_ITEM('')
);
#1295=CARTESIAN_POINT('',(18.0236291736,13.2860365273,0.0000000000));
#1296=CARTESIAN_POINT('',(18.0457276103,13.2176952079,0.0000000000));

#1297=(
BOUNDED_CURVE()
B_SPLINE_CURVE(1,(#1298,#1299),.UNSPECIFIED.,.F.,.F.)
B_SPLINE_CURVE_WITH_KNOTS((2,2),(0.000,1.000),.UNSPECIFIED.)
CURVE()
GEOMETRIC_REPRESENTATION_ITEM()
RATIONAL_B_SPLINE_CURVE((1.0000000000,1.0000000000))
REPRESENTATION_ITEM('')
);
#1298=CARTESIAN_POINT('',(18.0457276103,13.2176952079,0.0000000000));
#1299=CARTESIAN_POINT('',(18.0591205338,13.1472258742,0.0000000000));

#1300=(
BOUNDED_CURVE()
B_SPLINE_CURVE(1,(#1301,#1302),.UNSPECIFIED.,.F.,.F.)
B_SPLINE_CURVE_WITH_KNOTS((2,2),(0.000,1.000),.UNSPECIFIED.)
CURVE()
GEOMETRIC_REPRESENTATION_ITEM()
RATIONAL_B_SPLINE_CURVE((1.0000000000,1.0000000000))
REPRESENTATION_ITEM('')
);
#1301=CARTESIAN_POINT('',(18.0591205338,13.1472258742,0.0000000000));
#1302=CARTESIAN_POINT('',(18.0636072526,13.0756845011,0.0000000000));

#1303=(
BOUNDED_CURVE()
B_SPLINE_CURVE(1,(#1304,#1305),.UNSPECIFIED.,.F.,.F.)
B_SPLINE_CURVE_WITH_KNOTS((2,2),(0.000,1.000),.UNSPECIFIED.)
CURVE()
GEOMETRIC_REPRESENTATION_ITEM()
RATIONAL_B_SPLINE_CURVE((1.0000000000,1.0000000000))
REPRESENTATION_ITEM('')
);
#1304=CARTESIAN_POINT('',(18.0636072526,13.0756845011,0.0000000000));
#1305=CARTESIAN_POINT('',(18.0591205338,13.0041431280,0.0000000000));

#1306=(
BOUNDED_CURVE()
B_SPLINE_CURVE(1,(#1307,#1308),.UNSPECIFIED.,.F.,.F.)
B_SPLINE_CURVE_WITH_KNOTS((2,2),(0.000,1.000),.UNSPECIFIED.)
CURVE()
GEOMETRIC_REPRESENTATION_ITEM()
RATIONAL_B_SPLINE_CURVE((1.0000000000,1.0000000000))
REPRESENTATION_ITEM('')
);
#1307=CARTESIAN_POINT('',(18.0591205338,13.0041431280,0.0000000000));
#1308=CARTESIAN_POINT('',(18.0457276103,12.9336737943,0.0000000000));

#1309=(
BOUNDED_CURVE()
B_SPLINE_CURVE(1,(#1310,#1311),.UNSPECIFIED.,.F.,.F.)
B_SPLINE_CURVE_WITH_KNOTS((2,2),(0.000,1.000),.UNSPECIFIED.)
CURVE()
GEOMETRIC_REPRESENTATION_ITEM()
RATIONAL_B_SPLINE_CURVE((1.0000000000,1.0000000000))
REPRESENTATION_ITEM('')
);
#1310=CARTESIAN_POINT('',(18.0457276103,12.9336737943,0.0000000000));
#1311=CARTESIAN_POINT('',(18.0236291736,12.8653324749,0.0000000000));

#1312=(
BOUNDED_CURVE()
B_SPLINE_CURVE(1,(#1313,#1314),.UNSPECIFIED.,.F.,.F.)
B_SPLINE_CURVE_WITH_KNOTS((2,2),(0.000,1.000),.UNSPECIFIED.)
CURVE()
GEOMETRIC_REPRESENTATION_ITEM()
RATIONAL_B_SPLINE_CURVE((1.0000000000,1.0000000000))
REPRESENTATION_ITEM('')
);
#1313=CARTESIAN_POINT('',(18.0236291736,12.8653324749,0.0000000000));
#1314=CARTESIAN_POINT('',(17.9931563663,12.8001432568,0.0000000000));

#1315=(
BOUNDED_CURVE()
B_SPLINE_CURVE(1,(#1316,#1317),.UNSPECIFIED.,.F.,.F.)
B_SPLINE_CURVE_WITH_KNOTS((2,2),(0.000,1.000),.UNSPECIFIED.)
CURVE()
GEOMETRIC_REPRESENTATION_ITEM()
RATIONAL_B_SPLINE_CURVE((1.0000000000,1.0000000000))
REPRESENTATION_ITEM('')
);
#1316=CARTESIAN_POINT('',(17.9931563663,12.8001432568,0.0000000000));
#1317=CARTESIAN_POINT('',(17.9791320112,12.7856987192,0.0000000000));

#1318=(
BOUNDED_CURVE()
B_SPLINE_CURVE(1,(#1319,#1320),.UNSPECIFIED.,.F.,.F.)
B_SPLINE_CURVE_WITH_KNOTS((2,2),(0.000,1.000),.UNSPECIFIED.)
CURVE()
GEOMETRIC_REPRESENTATION_ITEM()
RATIONAL_B_SPLINE_CURVE((1.0000000000,1.0000000000))
REPRESENTATION_ITEM('')
);
#1319=CARTESIAN_POINT('',(17.9791320112,12.7856987192,0.0000000000));
#1320=CARTESIAN_POINT('',(17.9620887227,12.7747911210,0.0000000000));

#1321=(
BOUNDED_CURVE()
B_SPLINE_CURVE(1,(#1322,#1323),.UNSPECIFIED.,.F.,.F.)
B_SPLINE_CURVE_WITH_KNOTS((2,2),(0.000,1.000),.UNSPECIFIED.)
CURVE()
GEOMETRIC_REPRESENTATION_ITEM()
RATIONAL_B_SPLINE_CURVE((1.0000000000,1.0000000000))
REPRESENTATION_ITEM('')
);
#1322=CARTESIAN_POINT('',(17.9620887227,12.7747911210,0.0000000000));
#1323=CARTESIAN_POINT('',(17.9429383511,12.7680040409,0.0000000000));

#1324=(
BOUNDED_CURVE()
B_SPLINE_CURVE(1,(#1325,#1326),.UNSPECIFIED.,.F.,.F.)
B_SPLINE_CURVE_WITH_KNOTS((2,2),(0.000,1.000),.UNSPECIFIED.)
CURVE()
GEOMETRIC_REPRESENTATION_ITEM()
RATIONAL_B_SPLINE_CURVE((1.0000000000,1.0000000000))
REPRESENTATION_ITEM('')
);
#1325=CARTESIAN_POINT('',(17.9429383511,12.7680040409,0.0000000000));
#1326=CARTESIAN_POINT('',(17.9227054799,12.7657006013,0.0000000000));

#1327=(
BOUNDED_CURVE()
B_SPLINE_CURVE(1,(#1328,#1329),.UNSPECIFIED.,.F.,.F.)
B_SPLINE_CURVE_WITH_KNOTS((2,2),(0.000,1.000),.UNSPECIFIED.)
CURVE()
GEOMETRIC_REPRESENTATION_ITEM()
RATIONAL_B_SPLINE_CURVE((1.0000000000,1.0000000000))
REPRESENTATION_ITEM('')
);
#1328=CARTESIAN_POINT('',(17.9227054799,12.7657006013,0.0000000000));
#1329=CARTESIAN_POINT('',(17.9024726088,12.7680040409,0.0000000000));

#1330=(
BOUNDED_CURVE()
B_SPLINE_CURVE(1,(#1331,#1332),.UNSPECIFIED.,.F.,.F.)
B_SPLINE_CURVE_WITH_KNOTS((2,2),(0.000,1.000),.UNSPECIFIED.)
CURVE()
GEOMETRIC_REPRESENTATION_ITEM()
RATIONAL_B_SPLINE_CURVE((1.0000000000,1.0000000000))
REPRESENTATION_ITEM('')
);
#1331=CARTESIAN_POINT('',(17.9024726088,12.7680040409,0.0000000000));
#1332=CARTESIAN_POINT('',(17.8833222372,12.7747911210,0.0000000000));

#1333=(
BOUNDED_CURVE()
B_SPLINE_CURVE(1,(#1334,#1335),.UNSPECIFIED.,.F.,.F.)
B_SPLINE_CURVE_WITH_KNOTS((2,2),(0.000,1.000),.UNSPECIFIED.)
CURVE()
GEOMETRIC_REPRESENTATION_ITEM()
RATIONAL_B_SPLINE_CURVE((1.0000000000,1.0000000000))
REPRESENTATION_ITEM('')
);
#1334=CARTESIAN_POINT('',(17.8833222372,12.7747911210,0.0000000000));
#1335=CARTESIAN_POINT('',(17.8662789487,12.7856987192,0.0000000000));

#1336=(
BOUNDED_CURVE()
B_SPLINE_CURVE(1,(#1337,#1338),.UNSPECIFIED.,.F.,.F.)
B_SPLINE_CURVE_WITH_KNOTS((2,2),(0.000,1.000),.UNSPECIFIED.)
CURVE()
GEOMETRIC_REPRESENTATION_ITEM()
RATIONAL_B_SPLINE_CURVE((1.0000000000,1.0000000000))
REPRESENTATION_ITEM('')
);
#1337=CARTESIAN_POINT('',(17.8662789487,12.7856987192,0.0000000000));
#1338=CARTESIAN_POINT('',(17.8522545936,12.8001432568,0.0000000000));

#1339=(
BOUNDED_CURVE()
B_SPLINE_CURVE(1,(#1340,#1341),.UNSPECIFIED.,.F.,.F.)
B_SPLINE_CURVE_WITH_KNOTS((2,2),(0.000,1.000),.UNSPECIFIED.)
CURVE()
GEOMETRIC_REPRESENTATION_ITEM()
RATIONAL_B_SPLINE_CURVE((1.0000000000,1.0000000000))
REPRESENTATION_ITEM('')
);
#1340=CARTESIAN_POINT('',(17.8522545936,12.8001432568,0.0000000000));
#1341=CARTESIAN_POINT('',(17.8217817863,12.8653324749,0.0000000000));

#1342=(
BOUNDED_CURVE()
B_SPLINE_CURVE(1,(#1343,#1344),.UNSPECIFIED.,.F.,.F.)
B_SPLINE_CURVE_WITH_KNOTS((2,2),(0.000,1.000),.UNSPECIFIED.)
CURVE()
GEOMETRIC_REPRESENTATION_ITEM()
RATIONAL_B_SPLINE_CURVE((1.0000000000,1.0000000000))
REPRESENTATION_ITEM('')
);
#1343=CARTESIAN_POINT('',(17.8217817863,12.8653324749,0.0000000000));
#1344=CARTESIAN_POINT('',(17.7996833496,12.9336737943,0.0000000000));

#1345=(
BOUNDED_CURVE()
B_SPLINE_CURVE(1,(#1346,#1347),.UNSPECIFIED.,.F.,.F.)
B_SPLINE_CURVE_WITH_KNOTS((2,2),(0.000,1.000),.UNSPECIFIED.)
CURVE()
GEOMETRIC_REPRESENTATION_ITEM()
RATIONAL_B_SPLINE_CURVE((1.0000000000,1.0000000000))
REPRESENTATION_ITEM('')
);
#1346=CARTESIAN_POINT('',(17.7996833496,12.9336737943,0.0000000000));
#1347=CARTESIAN_POINT('',(17.7862904261,13.0041431280,0.0000000000));

#1348=(
BOUNDED_CURVE()
B_SPLINE_CURVE(1,(#1349,#1350),.UNSPECIFIED.,.F.,.F.)
B_SPLINE_CURVE_WITH_KNOTS((2,2),(0.000,1.000),.UNSPECIFIED.)
CURVE()
GEOMETRIC_REPRESENTATION_ITEM()
RATIONAL_B_SPLINE_CURVE((1.0000000000,1.0000000000))
REPRESENTATION_ITEM('')
);
#1349=CARTESIAN_POINT('',(17.7862904261,13.0041431280,0.0000000000));
#1350=CARTESIAN_POINT('',(17.7818037073,13.0756845011,0.0000000000));

#1351=(
BOUNDED_CURVE()
B_SPLINE_CURVE(1,(#1352,#1353),.UNSPECIFIED.,.F.,.F.)
B_SPLINE_CURVE_WITH_KNOTS((2,2),(0.000,1.000),.UNSPECIFIED.)
CURVE()
GEOMETRIC_REPRESENTATION_ITEM()
RATIONAL_B_SPLINE_CURVE((1.0000000000,1.0000000000))
REPRESENTATION_ITEM('')
);
#1352=CARTESIAN_POINT('',(17.7818037073,13.0756845011,0.0000000000));
#1353=CARTESIAN_POINT('',(17.7862904261,13.1472258742,0.0000000000));

#1354=(
BOUNDED_CURVE()
B_SPLINE_CURVE(1,(#1355,#1356),.UNSPECIFIED.,.F.,.F.)
B_SPLINE_CURVE_WITH_KNOTS((2,2),(0.000,1.000),.UNSPECIFIED.)
CURVE()
GEOMETRIC_REPRESENTATION_ITEM()
RATIONAL_B_SPLINE_CURVE((1.0000000000,1.0000000000))
REPRESENTATION_ITEM('')
);
#1355=CARTESIAN_POINT('',(17.7862904261,13.1472258742,0.0000000000));
#1356=CARTESIAN_POINT('',(17.7996833496,13.2176952079,0.0000000000));

#1357=(
BOUNDED_CURVE()
B_SPLINE_CURVE(1,(#1358,#1359),.UNSPECIFIED.,.F.,.F.)
B_SPLINE_CURVE_WITH_KNOTS((2,2),(0.000,1.000),.UNSPECIFIED.)
CURVE()
GEOMETRIC_REPRESENTATION_ITEM()
RATIONAL_B_SPLINE_CURVE((1.0000000000,1.0000000000))
REPRESENTATION_ITEM('')
);
#1358=CARTESIAN_POINT('',(17.7996833496,13.2176952079,0.0000000000));
#1359=CARTESIAN_POINT('',(17.8217817863,13.2860365273,0.0000000000));

#1360=(
BOUNDED_CURVE()
B_SPLINE_CURVE(1,(#1361,#1362),.UNSPECIFIED.,.F.,.F.)
B_SPLINE_CURVE_WITH_KNOTS((2,2),(0.000,1.000),.UNSPECIFIED.)
CURVE()
GEOMETRIC_REPRESENTATION_ITEM()
RATIONAL_B_SPLINE_CURVE((1.0000000000,1.0000000000))
REPRESENTATION_ITEM('')
);
#1361=CARTESIAN_POINT('',(17.8217817863,13.2860365273,0.0000000000));
#1362=CARTESIAN_POINT('',(17.8522545936,13.3512257454,0.0000000000));

#1363=(
BOUNDED_CURVE()
B_SPLINE_CURVE(1,(#1364,#1365),.UNSPECIFIED.,.F.,.F.)
B_SPLINE_CURVE_WITH_KNOTS((2,2),(0.000,1.000),.UNSPECIFIED.)
CURVE()
GEOMETRIC_REPRESENTATION_ITEM()
RATIONAL_B_SPLINE_CURVE((1.0000000000,1.0000000000))
REPRESENTATION_ITEM('')
);
#1364=CARTESIAN_POINT('',(17.8522545936,13.3512257454,0.0000000000));
#1365=CARTESIAN_POINT('',(17.8662789487,13.3656702830,0.0000000000));

#1366=(
BOUNDED_CURVE()
B_SPLINE_CURVE(1,(#1367,#1368),.UNSPECIFIED.,.F.,.F.)
B_SPLINE_CURVE_WITH_KNOTS((2,2),(0.000,1.000),.UNSPECIFIED.)
CURVE()
GEOMETRIC_REPRESENTATION_ITEM()
RATIONAL_B_SPLINE_CURVE((1.0000000000,1.0000000000))
REPRESENTATION_ITEM('')
);
#1367=CARTESIAN_POINT('',(17.8662789487,13.3656702830,0.0000000000));
#1368=CARTESIAN_POINT('',(17.8833222372,13.3765778812,0.0000000000));

#1369=(
BOUNDED_CURVE()
B_SPLINE_CURVE(1,(#1370,#1371),.UNSPECIFIED.,.F.,.F.)
B_SPLINE_CURVE_WITH_KNOTS((2,2),(0.000,1.000),.UNSPECIFIED.)
CURVE()
GEOMETRIC_REPRESENTATION_ITEM()
RATIONAL_B_SPLINE_CURVE((1.0000000000,1.0000000000))
REPRESENTATION_ITEM('')
);
#1370=CARTESIAN_POINT('',(17.8833222372,13.3765778812,0.0000000000));
#1371=CARTESIAN_POINT('',(17.9024726088,13.3833649613,0.0000000000));

#1372=(
BOUNDED_CURVE()
B_SPLINE_CURVE(1,(#1373,#1374),.UNSPECIFIED.,.F.,.F.)
B_SPLINE_CURVE_WITH_KNOTS((2,2),(0.000,1.000),.UNSPECIFIED.)
CURVE()
GEOMETRIC_REPRESENTATION_ITEM()
RATIONAL_B_SPLINE_CURVE((1.0000000000,1.0000000000))
REPRESENTATION_ITEM('')
);
#1373=CARTESIAN_POINT('',(17.9024726088,13.3833649613,0.0000000000));
#1374=CARTESIAN_POINT('',(17.9227054799,13.3856684009,0.0000000000));

#1375=(
BOUNDED_CURVE()
B_SPLINE_CURVE(1,(#1376,#1377),.UNSPECIFIED.,.F.,.F.)
B_SPLINE_CURVE_WITH_KNOTS((2,2),(0.000,1.000),.UNSPECIFIED.)
CURVE()
GEOMETRIC_REPRESENTATION_ITEM()
RATIONAL_B_SPLINE_CURVE((1.0000000000,1.0000000000))
REPRESENTATION_ITEM('')
);
#1376=CARTESIAN_POINT('',(17.9227054799,13.3856684009,0.0000000000));
#1377=CARTESIAN_POINT('',(17.9429383511,13.3833649613,0.0000000000));

#1378=(
BOUNDED_CURVE()
B_SPLINE_CURVE(1,(#1379,#1380),.UNSPECIFIED.,.F.,.F.)
B_SPLINE_CURVE_WITH_KNOTS((2,2),(0.000,1.000),.UNSPECIFIED.)
CURVE()
GEOMETRIC_REPRESENTATION_ITEM()
RATIONAL_B_SPLINE_CURVE((1.0000000000,1.0000000000))
REPRESENTATION_ITEM('')
);
#1379=CARTESIAN_POINT('',(17.9429383511,13.3833649613,0.0000000000));
#1380=CARTESIAN_POINT('',(17.9620887227,13.3765778812,0.0000000000));

#1381=(
BOUNDED_CURVE()
B_SPLINE_CURVE(1,(#1382,#1383),.UNSPECIFIED.,.F.,.F.)
B_SPLINE_CURVE_WITH_KNOTS((2,2),(0.000,1.000),.UNSPECIFIED.)
CURVE()
GEOMETRIC_REPRESENTATION_ITEM()
RATIONAL_B_SPLINE_CURVE((1.0000000000,1.0000000000))
REPRESENTATION_ITEM('')
);
#1382=CARTESIAN_POINT('',(17.9620887227,13.3765778812,0.0000000000));
#1383=CARTESIAN_POINT('',(17.9791320112,13.3656702830,0.0000000000));

#1384=(
BOUNDED_CURVE()
B_SPLINE_CURVE(1,(#1385,#1386),.UNSPECIFIED.,.F.,.F.)
B_SPLINE_CURVE_WITH_KNOTS((2,2),(0.000,1.000),.UNSPECIFIED.)
CURVE()
GEOMETRIC_REPRESENTATION_ITEM()
RATIONAL_B_SPLINE_CURVE((1.0000000000,1.0000000000))
REPRESENTATION_ITEM('')
);
#1385=CARTESIAN_POINT('',(17.9791320112,13.3656702830,0.0000000000));
#1386=CARTESIAN_POINT('',(17.9931563663,13.3512257454,0.0000000000));

#1387=(
BOUNDED_CURVE()
B_SPLINE_CURVE(1,(#1388,#1389),.UNSPECIFIED.,.F.,.F.)
B_SPLINE_CURVE_WITH_KNOTS((2,2),(0.000,1.000),.UNSPECIFIED.)
CURVE()
GEOMETRIC_REPRESENTATION_ITEM()
RATIONAL_B_SPLINE_CURVE((1.0000000000,1.0000000000))
REPRESENTATION_ITEM('')
);
#1388=CARTESIAN_POINT('',(18.4863125705,13.3512257454,0.0000000000));
#1389=CARTESIAN_POINT('',(18.5228799393,13.2860365273,0.0000000000));

#1390=(
BOUNDED_CURVE()
B_SPLINE_CURVE(1,(#1391,#1392),.UNSPECIFIED.,.F.,.F.)
B_SPLINE_CURVE_WITH_KNOTS((2,2),(0.000,1.000),.UNSPECIFIED.)
CURVE()
GEOMETRIC_REPRESENTATION_ITEM()
RATIONAL_B_SPLINE_CURVE((1.0000000000,1.0000000000))
REPRESENTATION_ITEM('')
);
#1391=CARTESIAN_POINT('',(18.5228799393,13.2860365273,0.0000000000));
#1392=CARTESIAN_POINT('',(18.5493980633,13.2176952079,0.0000000000));

#1393=(
BOUNDED_CURVE()
B_SPLINE_CURVE(1,(#1394,#1395),.UNSPECIFIED.,.F.,.F.)
B_SPLINE_CURVE_WITH_KNOTS((2,2),(0.000,1.000),.UNSPECIFIED.)
CURVE()
GEOMETRIC_REPRESENTATION_ITEM()
RATIONAL_B_SPLINE_CURVE((1.0000000000,1.0000000000))
REPRESENTATION_ITEM('')
);
#1394=CARTESIAN_POINT('',(18.5493980633,13.2176952079,0.0000000000));
#1395=CARTESIAN_POINT('',(18.5654695715,13.1472258742,0.0000000000));

#1396=(
BOUNDED_CURVE()
B_SPLINE_CURVE(1,(#1397,#1398),.UNSPECIFIED.,.F.,.F.)
B_SPLINE_CURVE_WITH_KNOTS((2,2),(0.000,1.000),.UNSPECIFIED.)
CURVE()
GEOMETRIC_REPRESENTATION_ITEM()
RATIONAL_B_SPLINE_CURVE((1.0000000000,1.0000000000))
REPRESENTATION_ITEM('')
);
#1397=CARTESIAN_POINT('',(18.5654695715,13.1472258742,0.0000000000));
#1398=CARTESIAN_POINT('',(18.5708536341,13.0756845011,0.0000000000));

#1399=(
BOUNDED_CURVE()
B_SPLINE_CURVE(1,(#1400,#1401),.UNSPECIFIED.,.F.,.F.)
B_SPLINE_CURVE_WITH_KNOTS((2,2),(0.000,1.000),.UNSPECIFIED.)
CURVE()
GEOMETRIC_REPRESENTATION_ITEM()
RATIONAL_B_SPLINE_CURVE((1.0000000000,1.0000000000))
REPRESENTATION_ITEM('')
);
#1400=CARTESIAN_POINT('',(18.5708536341,13.0756845011,0.0000000000));
#1401=CARTESIAN_POINT('',(18.5654695715,13.0041431280,0.0000000000));

#1402=(
BOUNDED_CURVE()
B_SPLINE_CURVE(1,(#1403,#1404),.UNSPECIFIED.,.F.,.F.)
B_SPLINE_CURVE_WITH_KNOTS((2,2),(0.000,1.000),.UNSPECIFIED.)
CURVE()
GEOMETRIC_REPRESENTATION_ITEM()
RATIONAL_B_SPLINE_CURVE((1.0000000000,1.0000000000))
REPRESENTATION_ITEM('')
);
#1403=CARTESIAN_POINT('',(18.5654695715,13.0041431280,0.0000000000));
#1404=CARTESIAN_POINT('',(18.5493980633,12.9336737943,0.0000000000));

#1405=(
BOUNDED_CURVE()
B_SPLINE_CURVE(1,(#1406,#1407),.UNSPECIFIED.,.F.,.F.)
B_SPLINE_CURVE_WITH_KNOTS((2,2),(0.000,1.000),.UNSPECIFIED.)
CURVE()
GEOMETRIC_REPRESENTATION_ITEM()
RATIONAL_B_SPLINE_CURVE((1.0000000000,1.0000000000))
REPRESENTATION_ITEM('')
);
#1406=CARTESIAN_POINT('',(18.5493980633,12.9336737943,0.0000000000));
#1407=CARTESIAN_POINT('',(18.5228799393,12.8653324749,0.0000000000));

#1408=(
BOUNDED_CURVE()
B_SPLINE_CURVE(1,(#1409,#1410),.UNSPECIFIED.,.F.,.F.)
B_SPLINE_CURVE_WITH_KNOTS((2,2),(0.000,1.000),.UNSPECIFIED.)
CURVE()
GEOMETRIC_REPRESENTATION_ITEM()
RATIONAL_B_SPLINE_CURVE((1.0000000000,1.0000000000))
REPRESENTATION_ITEM('')
);
#1409=CARTESIAN_POINT('',(18.5228799393,12.8653324749,0.0000000000));
#1410=CARTESIAN_POINT('',(18.4863125705,12.8001432568,0.0000000000));

#1411=(
BOUNDED_CURVE()
B_SPLINE_CURVE(1,(#1412,#1413),.UNSPECIFIED.,.F.,.F.)
B_SPLINE_CURVE_WITH_KNOTS((2,2),(0.000,1.000),.UNSPECIFIED.)
CURVE()
GEOMETRIC_REPRESENTATION_ITEM()
RATIONAL_B_SPLINE_CURVE((1.0000000000,1.0000000000))
REPRESENTATION_ITEM('')
);
#1412=CARTESIAN_POINT('',(18.4863125705,12.8001432568,0.0000000000));
#1413=CARTESIAN_POINT('',(18.4694833444,12.7856987192,0.0000000000));

#1414=(
BOUNDED_CURVE()
B_SPLINE_CURVE(1,(#1415,#1416),.UNSPECIFIED.,.F.,.F.)
B_SPLINE_CURVE_WITH_KNOTS((2,2),(0.000,1.000),.UNSPECIFIED.)
CURVE()
GEOMETRIC_REPRESENTATION_ITEM()
RATIONAL_B_SPLINE_CURVE((1.0000000000,1.0000000000))
REPRESENTATION_ITEM('')
);
#1415=CARTESIAN_POINT('',(18.4694833444,12.7856987192,0.0000000000));
#1416=CARTESIAN_POINT('',(18.4490313982,12.7747911210,0.0000000000));

#1417=(
BOUNDED_CURVE()
B_SPLINE_CURVE(1,(#1418,#1419),.UNSPECIFIED.,.F.,.F.)
B_SPLINE_CURVE_WITH_KNOTS((2,2),(0.000,1.000),.UNSPECIFIED.)
CURVE()
GEOMETRIC_REPRESENTATION_ITEM()
RATIONAL_B_SPLINE_CURVE((1.0000000000,1.0000000000))
REPRESENTATION_ITEM('')
);
#1418=CARTESIAN_POINT('',(18.4490313982,12.7747911210,0.0000000000));
#1419=CARTESIAN_POINT('',(18.4260509523,12.7680040409,0.0000000000));

#1420=(
BOUNDED_CURVE()
B_SPLINE_CURVE(1,(#1421,#1422),.UNSPECIFIED.,.F.,.F.)
B_SPLINE_CURVE_WITH_KNOTS((2,2),(0.000,1.000),.UNSPECIFIED.)
CURVE()
GEOMETRIC_REPRESENTATION_ITEM()
RATIONAL_B_SPLINE_CURVE((1.0000000000,1.0000000000))
REPRESENTATION_ITEM('')
);
#1421=CARTESIAN_POINT('',(18.4260509523,12.7680040409,0.0000000000));
#1422=CARTESIAN_POINT('',(18.4017715069,12.7657006013,0.0000000000));

#1423=(
BOUNDED_CURVE()
B_SPLINE_CURVE(1,(#1424,#1425),.UNSPECIFIED.,.F.,.F.)
B_SPLINE_CURVE_WITH_KNOTS((2,2),(0.000,1.000),.UNSPECIFIED.)
CURVE()
GEOMETRIC_REPRESENTATION_ITEM()
RATIONAL_B_SPLINE_CURVE((1.0000000000,1.0000000000))
REPRESENTATION_ITEM('')
);
#1424=CARTESIAN_POINT('',(18.4017715069,12.7657006013,0.0000000000));
#1425=CARTESIAN_POINT('',(18.3774920616,12.7680040409,0.0000000000));

#1426=(
BOUNDED_CURVE()
B_SPLINE_CURVE(1,(#1427,#1428),.UNSPECIFIED.,.F.,.F.)
B_SPLINE_CURVE_WITH_KNOTS((2,2),(0.000,1.000),.UNSPECIFIED.)
CURVE()
GEOMETRIC_REPRESENTATION_ITEM()
RATIONAL_B_SPLINE_CURVE((1.0000000000,1.0000000000))
REPRESENTATION_ITEM('')
);
#1427=CARTESIAN_POINT('',(18.3774920616,12.7680040409,0.0000000000));
#1428=CARTESIAN_POINT('',(18.3545116157,12.7747911210,0.0000000000));

#1429=(
BOUNDED_CURVE()
B_SPLINE_CURVE(1,(#1430,#1431),.UNSPECIFIED.,.F.,.F.)
B_SPLINE_CURVE_WITH_KNOTS((2,2),(0.000,1.000),.UNSPECIFIED.)
CURVE()
GEOMETRIC_REPRESENTATION_ITEM()
RATIONAL_B_SPLINE_CURVE((1.0000000000,1.0000000000))
REPRESENTATION_ITEM('')
);
#1430=CARTESIAN_POINT('',(18.3545116157,12.7747911210,0.0000000000));
#1431=CARTESIAN_POINT('',(18.3340596694,12.7856987192,0.0000000000));

#1432=(
BOUNDED_CURVE()
B_SPLINE_CURVE(1,(#1433,#1434),.UNSPECIFIED.,.F.,.F.)
B_SPLINE_CURVE_WITH_KNOTS((2,2),(0.000,1.000),.UNSPECIFIED.)
CURVE()
GEOMETRIC_REPRESENTATION_ITEM()
RATIONAL_B_SPLINE_CURVE((1.0000000000,1.0000000000))
REPRESENTATION_ITEM('')
);
#1433=CARTESIAN_POINT('',(18.3340596694,12.7856987192,0.0000000000));
#1434=CARTESIAN_POINT('',(18.3172304433,12.8001432568,0.0000000000));

#1435=(
BOUNDED_CURVE()
B_SPLINE_CURVE(1,(#1436,#1437),.UNSPECIFIED.,.F.,.F.)
B_SPLINE_CURVE_WITH_KNOTS((2,2),(0.000,1.000),.UNSPECIFIED.)
CURVE()
GEOMETRIC_REPRESENTATION_ITEM()
RATIONAL_B_SPLINE_CURVE((1.0000000000,1.0000000000))
REPRESENTATION_ITEM('')
);
#1436=CARTESIAN_POINT('',(18.3172304433,12.8001432568,0.0000000000));
#1437=CARTESIAN_POINT('',(18.2806630745,12.8653324749,0.0000000000));

#1438=(
BOUNDED_CURVE()
B_SPLINE_CURVE(1,(#1439,#1440),.UNSPECIFIED.,.F.,.F.)
B_SPLINE_CURVE_WITH_KNOTS((2,2),(0.000,1.000),.UNSPECIFIED.)
CURVE()
GEOMETRIC_REPRESENTATION_ITEM()
RATIONAL_B_SPLINE_CURVE((1.0000000000,1.0000000000))
REPRESENTATION_ITEM('')
);
#1439=CARTESIAN_POINT('',(18.2806630745,12.8653324749,0.0000000000));
#1440=CARTESIAN_POINT('',(18.2541449505,12.9336737943,0.0000000000));

#1441=(
BOUNDED_CURVE()
B_SPLINE_CURVE(1,(#1442,#1443),.UNSPECIFIED.,.F.,.F.)
B_SPLINE_CURVE_WITH_KNOTS((2,2),(0.000,1.000),.UNSPECIFIED.)
CURVE()
GEOMETRIC_REPRESENTATION_ITEM()
RATIONAL_B_SPLINE_CURVE((1.0000000000,1.0000000000))
REPRESENTATION_ITEM('')
);
#1442=CARTESIAN_POINT('',(18.2541449505,12.9336737943,0.0000000000));
#1443=CARTESIAN_POINT('',(18.2380734423,13.0041431280,0.0000000000));

#1444=(
BOUNDED_CURVE()
B_SPLINE_CURVE(1,(#1445,#1446),.UNSPECIFIED.,.F.,.F.)
B_SPLINE_CURVE_WITH_KNOTS((2,2),(0.000,1.000),.UNSPECIFIED.)
CURVE()
GEOMETRIC_REPRESENTATION_ITEM()
RATIONAL_B_SPLINE_CURVE((1.0000000000,1.0000000000))
REPRESENTATION_ITEM('')
);
#1445=CARTESIAN_POINT('',(18.2380734423,13.0041431280,0.0000000000));
#1446=CARTESIAN_POINT('',(18.2326893798,13.0756845011,0.0000000000));

#1447=(
BOUNDED_CURVE()
B_SPLINE_CURVE(1,(#1448,#1449),.UNSPECIFIED.,.F.,.F.)
B_SPLINE_CURVE_WITH_KNOTS((2,2),(0.000,1.000),.UNSPECIFIED.)
CURVE()
GEOMETRIC_REPRESENTATION_ITEM()
RATIONAL_B_SPLINE_CURVE((1.0000000000,1.0000000000))
REPRESENTATION_ITEM('')
);
#1448=CARTESIAN_POINT('',(18.2326893798,13.0756845011,0.0000000000));
#1449=CARTESIAN_POINT('',(18.2380734423,13.1472258742,0.0000000000));

#1450=(
BOUNDED_CURVE()
B_SPLINE_CURVE(1,(#1451,#1452),.UNSPECIFIED.,.F.,.F.)
B_SPLINE_CURVE_WITH_KNOTS((2,2),(0.000,1.000),.UNSPECIFIED.)
CURVE()
GEOMETRIC_REPRESENTATION_ITEM()
RATIONAL_B_SPLINE_CURVE((1.0000000000,1.0000000000))
REPRESENTATION_ITEM('')
);
#1451=CARTESIAN_POINT('',(18.2380734423,13.1472258742,0.0000000000));
#1452=CARTESIAN_POINT('',(18.2541449505,13.2176952079,0.0000000000));

#1453=(
BOUNDED_CURVE()
B_SPLINE_CURVE(1,(#1454,#1455),.UNSPECIFIED.,.F.,.F.)
B_SPLINE_CURVE_WITH_KNOTS((2,2),(0.000,1.000),.UNSPECIFIED.)
CURVE()
GEOMETRIC_REPRESENTATION_ITEM()
RATIONAL_B_SPLINE_CURVE((1.0000000000,1.0000000000))
REPRESENTATION_ITEM('')
);
#1454=CARTESIAN_POINT('',(18.2541449505,13.2176952079,0.0000000000));
#1455=CARTESIAN_POINT('',(18.2806630745,13.2860365273,0.0000000000));

#1456=(
BOUNDED_CURVE()
B_SPLINE_CURVE(1,(#1457,#1458),.UNSPECIFIED.,.F.,.F.)
B_SPLINE_CURVE_WITH_KNOTS((2,2),(0.000,1.000),.UNSPECIFIED.)
CURVE()
GEOMETRIC_REPRESENTATION_ITEM()
RATIONAL_B_SPLINE_CURVE((1.0000000000,1.0000000000))
REPRESENTATION_ITEM('')
);
#1457=CARTESIAN_POINT('',(18.2806630745,13.2860365273,0.0000000000));
#1458=CARTESIAN_POINT('',(18.3172304433,13.3512257454,0.0000000000));

#1459=(
BOUNDED_CURVE()
B_SPLINE_CURVE(1,(#1460,#1461),.UNSPECIFIED.,.F.,.F.)
B_SPLINE_CURVE_WITH_KNOTS((2,2),(0.000,1.000),.UNSPECIFIED.)
CURVE()
GEOMETRIC_REPRESENTATION_ITEM()
RATIONAL_B_SPLINE_CURVE((1.0000000000,1.0000000000))
REPRESENTATION_ITEM('')
);
#1460=CARTESIAN_POINT('',(18.3172304433,13.3512257454,0.0000000000));
#1461=CARTESIAN_POINT('',(18.3340596694,13.3656702830,0.0000000000));

#1462=(
BOUNDED_CURVE()
B_SPLINE_CURVE(1,(#1463,#1464),.UNSPECIFIED.,.F.,.F.)
B_SPLINE_CURVE_WITH_KNOTS((2,2),(0.000,1.000),.UNSPECIFIED.)
CURVE()
GEOMETRIC_REPRESENTATION_ITEM()
RATIONAL_B_SPLINE_CURVE((1.0000000000,1.0000000000))
REPRESENTATION_ITEM('')
);
#1463=CARTESIAN_POINT('',(18.3340596694,13.3656702830,0.0000000000));
#1464=CARTESIAN_POINT('',(18.3545116157,13.3765778812,0.0000000000));

#1465=(
BOUNDED_CURVE()
B_SPLINE_CURVE(1,(#1466,#1467),.UNSPECIFIED.,.F.,.F.)
B_SPLINE_CURVE_WITH_KNOTS((2,2),(0.000,1.000),.UNSPECIFIED.)
CURVE()
GEOMETRIC_REPRESENTATION_ITEM()
RATIONAL_B_SPLINE_CURVE((1.0000000000,1.0000000000))
REPRESENTATION_ITEM('')
);
#1466=CARTESIAN_POINT('',(18.3545116157,13.3765778812,0.0000000000));
#1467=CARTESIAN_POINT('',(18.3774920616,13.3833649613,0.0000000000));

#1468=(
BOUNDED_CURVE()
B_SPLINE_CURVE(1,(#1469,#1470),.UNSPECIFIED.,.F.,.F.)
B_SPLINE_CURVE_WITH_KNOTS((2,2),(0.000,1.000),.UNSPECIFIED.)
CURVE()
GEOMETRIC_REPRESENTATION_ITEM()
RATIONAL_B_SPLINE_CURVE((1.0000000000,1.0000000000))
REPRESENTATION_ITEM('')
);
#1469=CARTESIAN_POINT('',(18.3774920616,13.3833649613,0.0000000000));
#1470=CARTESIAN_POINT('',(18.4017715069,13.3856684009,0.0000000000));

#1471=(
BOUNDED_CURVE()
B_SPLINE_CURVE(1,(#1472,#1473),.UNSPECIFIED.,.F.,.F.)
B_SPLINE_CURVE_WITH_KNOTS((2,2),(0.000,1.000),.UNSPECIFIED.)
CURVE()
GEOMETRIC_REPRESENTATION_ITEM()
RATIONAL_B_SPLINE_CURVE((1.0000000000,1.0000000000))
REPRESENTATION_ITEM('')
);
#1472=CARTESIAN_POINT('',(18.4017715069,13.3856684009,0.0000000000));
#1473=CARTESIAN_POINT('',(18.4260509523,13.3833649613,0.0000000000));

#1474=(
BOUNDED_CURVE()
B_SPLINE_CURVE(1,(#1475,#1476),.UNSPECIFIED.,.F.,.F.)
B_SPLINE_CURVE_WITH_KNOTS((2,2),(0.000,1.000),.UNSPECIFIED.)
CURVE()
GEOMETRIC_REPRESENTATION_ITEM()
RATIONAL_B_SPLINE_CURVE((1.0000000000,1.0000000000))
REPRESENTATION_ITEM('')
);
#1475=CARTESIAN_POINT('',(18.4260509523,13.3833649613,0.0000000000));
#1476=CARTESIAN_POINT('',(18.4490313982,13.3765778812,0.0000000000));

#1477=(
BOUNDED_CURVE()
B_SPLINE_CURVE(1,(#1478,#1479),.UNSPECIFIED.,.F.,.F.)
B_SPLINE_CURVE_WITH_KNOTS((2,2),(0.000,1.000),.UNSPECIFIED.)
CURVE()
GEOMETRIC_REPRESENTATION_ITEM()
RATIONAL_B_SPLINE_CURVE((1.0000000000,1.0000000000))
REPRESENTATION_ITEM('')
);
#1478=CARTESIAN_POINT('',(18.4490313982,13.3765778812,0.0000000000));
#1479=CARTESIAN_POINT('',(18.4694833444,13.3656702830,0.0000000000));

#1480=(
BOUNDED_CURVE()
B_SPLINE_CURVE(1,(#1481,#1482),.UNSPECIFIED.,.F.,.F.)
B_SPLINE_CURVE_WITH_KNOTS((2,2),(0.000,1.000),.UNSPECIFIED.)
CURVE()
GEOMETRIC_REPRESENTATION_ITEM()
RATIONAL_B_SPLINE_CURVE((1.0000000000,1.0000000000))
REPRESENTATION_ITEM('')
);
#1481=CARTESIAN_POINT('',(18.4694833444,13.3656702830,0.0000000000));
#1482=CARTESIAN_POINT('',(18.4863125705,13.3512257454,0.0000000000));

#1483=(
BOUNDED_CURVE()
B_SPLINE_CURVE(1,(#1484,#1485),.UNSPECIFIED.,.F.,.F.)
B_SPLINE_CURVE_WITH_KNOTS((2,2),(0.000,1.000),.UNSPECIFIED.)
CURVE()
GEOMETRIC_REPRESENTATION_ITEM()
RATIONAL_B_SPLINE_CURVE((1.0000000000,1.0000000000))
REPRESENTATION_ITEM('')
);
#1484=CARTESIAN_POINT('',(-6.5660226051,-27.6449277922,0.0000000000));
#1485=CARTESIAN_POINT('',(-6.5660226051,-28.3212563009,0.0000000000));

#1486=(
BOUNDED_CURVE()
B_SPLINE_CURVE(1,(#1487,#1488),.UNSPECIFIED.,.F.,.F.)
B_SPLINE_CURVE_WITH_KNOTS((2,2),(0.000,1.000),.UNSPECIFIED.)
CURVE()
GEOMETRIC_REPRESENTATION_ITEM()
RATIONAL_B_SPLINE_CURVE((1.0000000000,1.0000000000))
REPRESENTATION_ITEM('')
);
#1487=CARTESIAN_POINT('',(-6.5660226051,-28.3212563009,0.0000000000));
#1488=CARTESIAN_POINT('',(-7.2423511138,-28.3212563009,0.0000000000));

#1489=(
BOUNDED_CURVE()
B_SPLINE_CURVE(1,(#1490,#1491),.UNSPECIFIED.,.F.,.F.)
B_SPLINE_CURVE_WITH_KNOTS((2,2),(0.000,1.000),.UNSPECIFIED.)
CURVE()
GEOMETRIC_REPRESENTATION_ITEM()
RATIONAL_B_SPLINE_CURVE((1.0000000000,1.0000000000))
REPRESENTATION_ITEM('')
);
#1490=CARTESIAN_POINT('',(-7.2423511138,-28.3212563009,0.0000000000));
#1491=CARTESIAN_POINT('',(-7.2423511138,-27.6449277922,0.0000000000));

#1492=(
BOUNDED_CURVE()
B_SPLINE_CURVE(1,(#1493,#1494),.UNSPECIFIED.,.F.,.F.)
B_SPLINE_CURVE_WITH_KNOTS((2,2),(0.000,1.000),.UNSPECIFIED.)
CURVE()
GEOMETRIC_REPRESENTATION_ITEM()
RATIONAL_B_SPLINE_CURVE((1.0000000000,1.0000000000))
REPRESENTATION_ITEM('')
);
#1493=CARTESIAN_POINT('',(-7.2423511138,-27.6449277922,0.0000000000));
#1494=CARTESIAN_POINT('',(-6.5660226051,-27.6449277922,0.0000000000));

#1495=(
BOUNDED_CURVE()
B_SPLINE_CURVE(1,(#1496,#1497),.UNSPECIFIED.,.F.,.F.)
B_SPLINE_CURVE_WITH_KNOTS((2,2),(0.000,1.000),.UNSPECIFIED.)
CURVE()
GEOMETRIC_REPRESENTATION_ITEM()
RATIONAL_B_SPLINE_CURVE((1.0000000000,1.0000000000))
REPRESENTATION_ITEM('')
);
#1496=CARTESIAN_POINT('',(-14.1747183277,-20.0362320696,0.0000000000));
#1497=CARTESIAN_POINT('',(-14.1747183277,-20.7125605782,0.0000000000));

#1498=(
BOUNDED_CURVE()
B_SPLINE_CURVE(1,(#1499,#1500),.UNSPECIFIED.,.F.,.F.)
B_SPLINE_CURVE_WITH_KNOTS((2,2),(0.000,1.000),.UNSPECIFIED.)
CURVE()
GEOMETRIC_REPRESENTATION_ITEM()
RATIONAL_B_SPLINE_CURVE((1.0000000000,1.0000000000))
REPRESENTATION_ITEM('')
);
#1499=CARTESIAN_POINT('',(-14.1747183277,-20.7125605782,0.0000000000));
#1500=CARTESIAN_POINT('',(-14.8510468364,-20.7125605782,0.0000000000));

#1501=(
BOUNDED_CURVE()
B_SPLINE_CURVE(1,(#1502,#1503),.UNSPECIFIED.,.F.,.F.)
B_SPLINE_CURVE_WITH_KNOTS((2,2),(0.000,1.000),.UNSPECIFIED.)
CURVE()
GEOMETRIC_REPRESENTATION_ITEM()
RATIONAL_B_SPLINE_CURVE((1.0000000000,1.0000000000))
REPRESENTATION_ITEM('')
);
#1502=CARTESIAN_POINT('',(-14.8510468364,-20.7125605782,0.0000000000));
#1503=CARTESIAN_POINT('',(-14.8510468364,-20.0362320696,0.0000000000));

#1504=(
BOUNDED_CURVE()
B_SPLINE_CURVE(1,(#1505,#1506),.UNSPECIFIED.,.F.,.F.)
B_SPLINE_CURVE_WITH_KNOTS((2,2),(0.000,1.000),.UNSPECIFIED.)
CURVE()
GEOMETRIC_REPRESENTATION_ITEM()
RATIONAL_B_SPLINE_CURVE((1.0000000000,1.0000000000))
REPRESENTATION_ITEM('')
);
#1505=CARTESIAN_POINT('',(-14.8510468364,-20.0362320696,0.0000000000));
#1506=CARTESIAN_POINT('',(-14.1747183277,-20.0362320696,0.0000000000));

#1507=(
BOUNDED_CURVE()
B_SPLINE_CURVE(1,(#1508,#1509),.UNSPECIFIED.,.F.,.F.)
B_SPLINE_CURVE_WITH_KNOTS((2,2),(0.000,1.000),.UNSPECIFIED.)
CURVE()
GEOMETRIC_REPRESENTATION_ITEM()
RATIONAL_B_SPLINE_CURVE((1.0000000000,1.0000000000))
REPRESENTATION_ITEM('')
);
#1508=CARTESIAN_POINT('',(-6.5660226051,-21.6706926322,0.0000000000));
#1509=CARTESIAN_POINT('',(-6.5660226051,-22.3470211409,0.0000000000));

#1510=(
BOUNDED_CURVE()
B_SPLINE_CURVE(1,(#1511,#1512),.UNSPECIFIED.,.F.,.F.)
B_SPLINE_CURVE_WITH_KNOTS((2,2),(0.000,1.000),.UNSPECIFIED.)
CURVE()
GEOMETRIC_REPRESENTATION_ITEM()
RATIONAL_B_SPLINE_CURVE((1.0000000000,1.0000000000))
REPRESENTATION_ITEM('')
);
#1511=CARTESIAN_POINT('',(-6.5660226051,-22.3470211409,0.0000000000));
#1512=CARTESIAN_POINT('',(-7.2423511138,-22.3470211409,0.0000000000));

#1513=(
BOUNDED_CURVE()
B_SPLINE_CURVE(1,(#1514,#1515),.UNSPECIFIED.,.F.,.F.)
B_SPLINE_CURVE_WITH_KNOTS((2,2),(0.000,1.000),.UNSPECIFIED.)
CURVE()
GEOMETRIC_REPRESENTATION_ITEM()
RATIONAL_B_SPLINE_CURVE((1.0000000000,1.0000000000))
REPRESENTATION_ITEM('')
);
#1514=CARTESIAN_POINT('',(-7.2423511138,-22.3470211409,0.0000000000));
#1515=CARTESIAN_POINT('',(-7.2423511138,-21.6706926322,0.0000000000));

#1516=(
BOUNDED_CURVE()
B_SPLINE_CURVE(1,(#1517,#1518),.UNSPECIFIED.,.F.,.F.)
B_SPLINE_CURVE_WITH_KNOTS((2,2),(0.000,1.000),.UNSPECIFIED.)
CURVE()
GEOMETRIC_REPRESENTATION_ITEM()
RATIONAL_B_SPLINE_CURVE((1.0000000000,1.0000000000))
REPRESENTATION_ITEM('')
);
#1517=CARTESIAN_POINT('',(-7.2423511138,-21.6706926322,0.0000000000));
#1518=CARTESIAN_POINT('',(-6.5660226051,-21.6706926322,0.0000000000));

#1519=(
BOUNDED_CURVE()
B_SPLINE_CURVE(1,(#1520,#1521),.UNSPECIFIED.,.F.,.F.)
B_SPLINE_CURVE_WITH_KNOTS((2,2),(0.000,1.000),.UNSPECIFIED.)
CURVE()
GEOMETRIC_REPRESENTATION_ITEM()
RATIONAL_B_SPLINE_CURVE((1.0000000000,1.0000000000))
REPRESENTATION_ITEM('')
);
#1520=CARTESIAN_POINT('',(-12.2584542198,-19.7168547182,0.0000000000));
#1521=CARTESIAN_POINT('',(-12.1175524471,-19.7168547182,0.0000000000));

#1522=(
BOUNDED_CURVE()
B_SPLINE_CURVE(1,(#1523,#1524),.UNSPECIFIED.,.F.,.F.)
B_SPLINE_CURVE_WITH_KNOTS((2,2),(0.000,1.000),.UNSPECIFIED.)
CURVE()
GEOMETRIC_REPRESENTATION_ITEM()
RATIONAL_B_SPLINE_CURVE((1.0000000000,1.0000000000))
REPRESENTATION_ITEM('')
);
#1523=CARTESIAN_POINT('',(-12.1175524471,-19.7168547182,0.0000000000));
#1524=CARTESIAN_POINT('',(-12.0901344311,-19.7199214365,0.0000000000));

#1525=(
BOUNDED_CURVE()
B_SPLINE_CURVE(1,(#1526,#1527),.UNSPECIFIED.,.F.,.F.)
B_SPLINE_CURVE_WITH_KNOTS((2,2),(0.000,1.000),.UNSPECIFIED.)
CURVE()
GEOMETRIC_REPRESENTATION_ITEM()
RATIONAL_B_SPLINE_CURVE((1.0000000000,1.0000000000))
REPRESENTATION_ITEM('')
);
#1526=CARTESIAN_POINT('',(-12.0901344311,-19.7199214365,0.0000000000));
#1527=CARTESIAN_POINT('',(-12.0637894699,-19.7285842233,0.0000000000));

#1528=(
BOUNDED_CURVE()
B_SPLINE_CURVE(1,(#1529,#1530),.UNSPECIFIED.,.F.,.F.)
B_SPLINE_CURVE_WITH_KNOTS((2,2),(0.000,1.000),.UNSPECIFIED.)
CURVE()
GEOMETRIC_REPRESENTATION_ITEM()
RATIONAL_B_SPLINE_CURVE((1.0000000000,1.0000000000))
REPRESENTATION_ITEM('')
);
#1529=CARTESIAN_POINT('',(-12.0637894699,-19.7285842233,0.0000000000));
#1530=CARTESIAN_POINT('',(-12.0395115574,-19.7425162321,0.0000000000));

#1531=(
BOUNDED_CURVE()
B_SPLINE_CURVE(1,(#1532,#1533),.UNSPECIFIED.,.F.,.F.)
B_SPLINE_CURVE_WITH_KNOTS((2,2),(0.000,1.000),.UNSPECIFIED.)
CURVE()
GEOMETRIC_REPRESENTATION_ITEM()
RATIONAL_B_SPLINE_CURVE((1.0000000000,1.0000000000))
REPRESENTATION_ITEM('')
);
#1532=CARTESIAN_POINT('',(-12.0395115574,-19.7425162321,0.0000000000));
#1533=CARTESIAN_POINT('',(-12.0182166974,-19.7611918094,0.0000000000));

#1534=(
BOUNDED_CURVE()
B_SPLINE_CURVE(1,(#1535,#1536),.UNSPECIFIED.,.F.,.F.)
B_SPLINE_CURVE_WITH_KNOTS((2,2),(0.000,1.000),.UNSPECIFIED.)
CURVE()
GEOMETRIC_REPRESENTATION_ITEM()
RATIONAL_B_SPLINE_CURVE((1.0000000000,1.0000000000))
REPRESENTATION_ITEM('')
);
#1535=CARTESIAN_POINT('',(-12.0182166974,-19.7611918094,0.0000000000));
#1536=CARTESIAN_POINT('',(-12.0007083438,-19.7839063266,0.0000000000));

#1537=(
BOUNDED_CURVE()
B_SPLINE_CURVE(1,(#1538,#1539),.UNSPECIFIED.,.F.,.F.)
B_SPLINE_CURVE_WITH_KNOTS((2,2),(0.000,1.000),.UNSPECIFIED.)
CURVE()
GEOMETRIC_REPRESENTATION_ITEM()
RATIONAL_B_SPLINE_CURVE((1.0000000000,1.0000000000))
REPRESENTATION_ITEM('')
);
#1538=CARTESIAN_POINT('',(-12.0007083438,-19.7839063266,0.0000000000));
#1539=CARTESIAN_POINT('',(-11.9876470854,-19.8098027667,0.0000000000));

#1540=(
BOUNDED_CURVE()
B_SPLINE_CURVE(1,(#1541,#1542),.UNSPECIFIED.,.F.,.F.)
B_SPLINE_CURVE_WITH_KNOTS((2,2),(0.000,1.000),.UNSPECIFIED.)
CURVE()
GEOMETRIC_REPRESENTATION_ITEM()
RATIONAL_B_SPLINE_CURVE((1.0000000000,1.0000000000))
REPRESENTATION_ITEM('')
);
#1541=CARTESIAN_POINT('',(-11.9876470854,-19.8098027667,0.0000000000));
#1542=CARTESIAN_POINT('',(-11.9795257229,-19.8379040586,0.0000000000));

#1543=(
BOUNDED_CURVE()
B_SPLINE_CURVE(1,(#1544,#1545),.UNSPECIFIED.,.F.,.F.)
B_SPLINE_CURVE_WITH_KNOTS((2,2),(0.000,1.000),.UNSPECIFIED.)
CURVE()
GEOMETRIC_REPRESENTATION_ITEM()
RATIONAL_B_SPLINE_CURVE((1.0000000000,1.0000000000))
REPRESENTATION_ITEM('')
);
#1544=CARTESIAN_POINT('',(-11.9795257229,-19.8379040586,0.0000000000));
#1545=CARTESIAN_POINT('',(-11.9766506745,-19.8671499424,0.0000000000));

#1546=(
BOUNDED_CURVE()
B_SPLINE_CURVE(1,(#1547,#1548),.UNSPECIFIED.,.F.,.F.)
B_SPLINE_CURVE_WITH_KNOTS((2,2),(0.000,1.000),.UNSPECIFIED.)
CURVE()
GEOMETRIC_REPRESENTATION_ITEM()
RATIONAL_B_SPLINE_CURVE((1.0000000000,1.0000000000))
REPRESENTATION_ITEM('')
);
#1547=CARTESIAN_POINT('',(-11.9766506745,-19.8671499424,0.0000000000));
#1548=CARTESIAN_POINT('',(-11.9766506745,-19.9422975545,0.0000000000));

#1549=(
BOUNDED_CURVE()
B_SPLINE_CURVE(1,(#1550,#1551),.UNSPECIFIED.,.F.,.F.)
B_SPLINE_CURVE_WITH_KNOTS((2,2),(0.000,1.000),.UNSPECIFIED.)
CURVE()
GEOMETRIC_REPRESENTATION_ITEM()
RATIONAL_B_SPLINE_CURVE((1.0000000000,1.0000000000))
REPRESENTATION_ITEM('')
);
#1550=CARTESIAN_POINT('',(-11.9766506745,-19.9422975545,0.0000000000));
#1551=CARTESIAN_POINT('',(-11.9873761833,-19.9998130467,0.0000000000));

#1552=(
BOUNDED_CURVE()
B_SPLINE_CURVE(1,(#1553,#1554),.UNSPECIFIED.,.F.,.F.)
B_SPLINE_CURVE_WITH_KNOTS((2,2),(0.000,1.000),.UNSPECIFIED.)
CURVE()
GEOMETRIC_REPRESENTATION_ITEM()
RATIONAL_B_SPLINE_CURVE((1.0000000000,1.0000000000))
REPRESENTATION_ITEM('')
);
#1553=CARTESIAN_POINT('',(-11.9873761833,-19.9998130467,0.0000000000));
#1554=CARTESIAN_POINT('',(-12.0179198482,-20.0485723266,0.0000000000));

#1555=(
BOUNDED_CURVE()
B_SPLINE_CURVE(1,(#1556,#1557),.UNSPECIFIED.,.F.,.F.)
B_SPLINE_CURVE_WITH_KNOTS((2,2),(0.000,1.000),.UNSPECIFIED.)
CURVE()
GEOMETRIC_REPRESENTATION_ITEM()
RATIONAL_B_SPLINE_CURVE((1.0000000000,1.0000000000))
REPRESENTATION_ITEM('')
);
#1556=CARTESIAN_POINT('',(-12.0179198482,-20.0485723266,0.0000000000));
#1557=CARTESIAN_POINT('',(-12.0636316732,-20.0811522359,0.0000000000));

#1558=(
BOUNDED_CURVE()
B_SPLINE_CURVE(1,(#1559,#1560),.UNSPECIFIED.,.F.,.F.)
B_SPLINE_CURVE_WITH_KNOTS((2,2),(0.000,1.000),.UNSPECIFIED.)
CURVE()
GEOMETRIC_REPRESENTATION_ITEM()
RATIONAL_B_SPLINE_CURVE((1.0000000000,1.0000000000))
REPRESENTATION_ITEM('')
);
#1559=CARTESIAN_POINT('',(-12.0636316732,-20.0811522359,0.0000000000));
#1560=CARTESIAN_POINT('',(-12.1175524471,-20.0925927786,0.0000000000));

#1561=(
BOUNDED_CURVE()
B_SPLINE_CURVE(1,(#1562,#1563),.UNSPECIFIED.,.F.,.F.)
B_SPLINE_CURVE_WITH_KNOTS((2,2),(0.000,1.000),.UNSPECIFIED.)
CURVE()
GEOMETRIC_REPRESENTATION_ITEM()
RATIONAL_B_SPLINE_CURVE((1.0000000000,1.0000000000))
REPRESENTATION_ITEM('')
);
#1562=CARTESIAN_POINT('',(-12.1175524471,-20.0925927786,0.0000000000));
#1563=CARTESIAN_POINT('',(-12.1714732211,-20.0811522359,0.0000000000));

#1564=(
BOUNDED_CURVE()
B_SPLINE_CURVE(1,(#1565,#1566),.UNSPECIFIED.,.F.,.F.)
B_SPLINE_CURVE_WITH_KNOTS((2,2),(0.000,1.000),.UNSPECIFIED.)
CURVE()
GEOMETRIC_REPRESENTATION_ITEM()
RATIONAL_B_SPLINE_CURVE((1.0000000000,1.0000000000))
REPRESENTATION_ITEM('')
);
#1565=CARTESIAN_POINT('',(-12.1714732211,-20.0811522359,0.0000000000));
#1566=CARTESIAN_POINT('',(-12.2171850460,-20.0485723266,0.0000000000));

#1567=(
BOUNDED_CURVE()
B_SPLINE_CURVE(1,(#1568,#1569),.UNSPECIFIED.,.F.,.F.)
B_SPLINE_CURVE_WITH_KNOTS((2,2),(0.000,1.000),.UNSPECIFIED.)
CURVE()
GEOMETRIC_REPRESENTATION_ITEM()
RATIONAL_B_SPLINE_CURVE((1.0000000000,1.0000000000))
REPRESENTATION_ITEM('')
);
#1568=CARTESIAN_POINT('',(-12.2171850460,-20.0485723266,0.0000000000));
#1569=CARTESIAN_POINT('',(-12.2477287110,-19.9998130467,0.0000000000));

#1570=(
BOUNDED_CURVE()
B_SPLINE_CURVE(1,(#1571,#1572),.UNSPECIFIED.,.F.,.F.)
B_SPLINE_CURVE_WITH_KNOTS((2,2),(0.000,1.000),.UNSPECIFIED.)
CURVE()
GEOMETRIC_REPRESENTATION_ITEM()
RATIONAL_B_SPLINE_CURVE((1.0000000000,1.0000000000))
REPRESENTATION_ITEM('')
);
#1571=CARTESIAN_POINT('',(-12.2477287110,-19.9998130467,0.0000000000));
#1572=CARTESIAN_POINT('',(-12.2584542198,-19.9422975545,0.0000000000));

#1573=(
BOUNDED_CURVE()
B_SPLINE_CURVE(1,(#1574,#1575),.UNSPECIFIED.,.F.,.F.)
B_SPLINE_CURVE_WITH_KNOTS((2,2),(0.000,1.000),.UNSPECIFIED.)
CURVE()
GEOMETRIC_REPRESENTATION_ITEM()
RATIONAL_B_SPLINE_CURVE((1.0000000000,1.0000000000))
REPRESENTATION_ITEM('')
);
#1574=CARTESIAN_POINT('',(-12.2584542198,-19.9422975545,0.0000000000));
#1575=CARTESIAN_POINT('',(-12.2584542198,-19.7168547182,0.0000000000));

#1576=(
BOUNDED_CURVE()
B_SPLINE_CURVE(1,(#1577,#1578),.UNSPECIFIED.,.F.,.F.)
B_SPLINE_CURVE_WITH_KNOTS((2,2),(0.000,1.000),.UNSPECIFIED.)
CURVE()
GEOMETRIC_REPRESENTATION_ITEM()
RATIONAL_B_SPLINE_CURVE((1.0000000000,1.0000000000))
REPRESENTATION_ITEM('')
);
#1577=CARTESIAN_POINT('',(-11.3144123431,-19.4538380760,0.0000000000));
#1578=CARTESIAN_POINT('',(-11.2839395357,-19.5249535866,0.0000000000));

#1579=(
BOUNDED_CURVE()
B_SPLINE_CURVE(1,(#1580,#1581),.UNSPECIFIED.,.F.,.F.)
B_SPLINE_CURVE_WITH_KNOTS((2,2),(0.000,1.000),.UNSPECIFIED.)
CURVE()
GEOMETRIC_REPRESENTATION_ITEM()
RATIONAL_B_SPLINE_CURVE((1.0000000000,1.0000000000))
REPRESENTATION_ITEM('')
);
#1580=CARTESIAN_POINT('',(-11.2839395357,-19.5249535866,0.0000000000));
#1581=CARTESIAN_POINT('',(-11.2618410990,-19.5995077532,0.0000000000));

#1582=(
BOUNDED_CURVE()
B_SPLINE_CURVE(1,(#1583,#1584),.UNSPECIFIED.,.F.,.F.)
B_SPLINE_CURVE_WITH_KNOTS((2,2),(0.000,1.000),.UNSPECIFIED.)
CURVE()
GEOMETRIC_REPRESENTATION_ITEM()
RATIONAL_B_SPLINE_CURVE((1.0000000000,1.0000000000))
REPRESENTATION_ITEM('')
);
#1583=CARTESIAN_POINT('',(-11.2618410990,-19.5995077532,0.0000000000));
#1584=CARTESIAN_POINT('',(-11.2484481756,-19.6763833900,0.0000000000));

#1585=(
BOUNDED_CURVE()
B_SPLINE_CURVE(1,(#1586,#1587),.UNSPECIFIED.,.F.,.F.)
B_SPLINE_CURVE_WITH_KNOTS((2,2),(0.000,1.000),.UNSPECIFIED.)
CURVE()
GEOMETRIC_REPRESENTATION_ITEM()
RATIONAL_B_SPLINE_CURVE((1.0000000000,1.0000000000))
REPRESENTATION_ITEM('')
);
#1586=CARTESIAN_POINT('',(-11.2484481756,-19.6763833900,0.0000000000));
#1587=CARTESIAN_POINT('',(-11.2439614568,-19.7544285243,0.0000000000));

#1588=(
BOUNDED_CURVE()
B_SPLINE_CURVE(1,(#1589,#1590),.UNSPECIFIED.,.F.,.F.)
B_SPLINE_CURVE_WITH_KNOTS((2,2),(0.000,1.000),.UNSPECIFIED.)
CURVE()
GEOMETRIC_REPRESENTATION_ITEM()
RATIONAL_B_SPLINE_CURVE((1.0000000000,1.0000000000))
REPRESENTATION_ITEM('')
);
#1589=CARTESIAN_POINT('',(-11.2439614568,-19.7544285243,0.0000000000));
#1590=CARTESIAN_POINT('',(-11.2484481756,-19.8324736585,0.0000000000));

#1591=(
BOUNDED_CURVE()
B_SPLINE_CURVE(1,(#1592,#1593),.UNSPECIFIED.,.F.,.F.)
B_SPLINE_CURVE_WITH_KNOTS((2,2),(0.000,1.000),.UNSPECIFIED.)
CURVE()
GEOMETRIC_REPRESENTATION_ITEM()
RATIONAL_B_SPLINE_CURVE((1.0000000000,1.0000000000))
REPRESENTATION_ITEM('')
);
#1592=CARTESIAN_POINT('',(-11.2484481756,-19.8324736585,0.0000000000));
#1593=CARTESIAN_POINT('',(-11.2618410990,-19.9093492953,0.0000000000));

#1594=(
BOUNDED_CURVE()
B_SPLINE_CURVE(1,(#1595,#1596),.UNSPECIFIED.,.F.,.F.)
B_SPLINE_CURVE_WITH_KNOTS((2,2),(0.000,1.000),.UNSPECIFIED.)
CURVE()
GEOMETRIC_REPRESENTATION_ITEM()
RATIONAL_B_SPLINE_CURVE((1.0000000000,1.0000000000))
REPRESENTATION_ITEM('')
);
#1595=CARTESIAN_POINT('',(-11.2618410990,-19.9093492953,0.0000000000));
#1596=CARTESIAN_POINT('',(-11.2839395357,-19.9839034619,0.0000000000));

#1597=(
BOUNDED_CURVE()
B_SPLINE_CURVE(1,(#1598,#1599),.UNSPECIFIED.,.F.,.F.)
B_SPLINE_CURVE_WITH_KNOTS((2,2),(0.000,1.000),.UNSPECIFIED.)
CURVE()
GEOMETRIC_REPRESENTATION_ITEM()
RATIONAL_B_SPLINE_CURVE((1.0000000000,1.0000000000))
REPRESENTATION_ITEM('')
);
#1598=CARTESIAN_POINT('',(-11.2839395357,-19.9839034619,0.0000000000));
#1599=CARTESIAN_POINT('',(-11.3144123431,-20.0550189726,0.0000000000));

#1600=(
BOUNDED_CURVE()
B_SPLINE_CURVE(1,(#1601,#1602),.UNSPECIFIED.,.F.,.F.)
B_SPLINE_CURVE_WITH_KNOTS((2,2),(0.000,1.000),.UNSPECIFIED.)
CURVE()
GEOMETRIC_REPRESENTATION_ITEM()
RATIONAL_B_SPLINE_CURVE((1.0000000000,1.0000000000))
REPRESENTATION_ITEM('')
);
#1601=CARTESIAN_POINT('',(-11.3144123431,-20.0550189726,0.0000000000));
#1602=CARTESIAN_POINT('',(-11.3284366981,-20.0707766500,0.0000000000));

#1603=(
BOUNDED_CURVE()
B_SPLINE_CURVE(1,(#1604,#1605),.UNSPECIFIED.,.F.,.F.)
B_SPLINE_CURVE_WITH_KNOTS((2,2),(0.000,1.000),.UNSPECIFIED.)
CURVE()
GEOMETRIC_REPRESENTATION_ITEM()
RATIONAL_B_SPLINE_CURVE((1.0000000000,1.0000000000))
REPRESENTATION_ITEM('')
);
#1604=CARTESIAN_POINT('',(-11.3284366981,-20.0707766500,0.0000000000));
#1605=CARTESIAN_POINT('',(-11.3454799867,-20.0826758480,0.0000000000));

#1606=(
BOUNDED_CURVE()
B_SPLINE_CURVE(1,(#1607,#1608),.UNSPECIFIED.,.F.,.F.)
B_SPLINE_CURVE_WITH_KNOTS((2,2),(0.000,1.000),.UNSPECIFIED.)
CURVE()
GEOMETRIC_REPRESENTATION_ITEM()
RATIONAL_B_SPLINE_CURVE((1.0000000000,1.0000000000))
REPRESENTATION_ITEM('')
);
#1607=CARTESIAN_POINT('',(-11.3454799867,-20.0826758480,0.0000000000));
#1608=CARTESIAN_POINT('',(-11.3646303583,-20.0900799354,0.0000000000));

#1609=(
BOUNDED_CURVE()
B_SPLINE_CURVE(1,(#1610,#1611),.UNSPECIFIED.,.F.,.F.)
B_SPLINE_CURVE_WITH_KNOTS((2,2),(0.000,1.000),.UNSPECIFIED.)
CURVE()
GEOMETRIC_REPRESENTATION_ITEM()
RATIONAL_B_SPLINE_CURVE((1.0000000000,1.0000000000))
REPRESENTATION_ITEM('')
);
#1610=CARTESIAN_POINT('',(-11.3646303583,-20.0900799354,0.0000000000));
#1611=CARTESIAN_POINT('',(-11.3848632294,-20.0925927786,0.0000000000));

#1612=(
BOUNDED_CURVE()
B_SPLINE_CURVE(1,(#1613,#1614),.UNSPECIFIED.,.F.,.F.)
B_SPLINE_CURVE_WITH_KNOTS((2,2),(0.000,1.000),.UNSPECIFIED.)
CURVE()
GEOMETRIC_REPRESENTATION_ITEM()
RATIONAL_B_SPLINE_CURVE((1.0000000000,1.0000000000))
REPRESENTATION_ITEM('')
);
#1613=CARTESIAN_POINT('',(-11.3848632294,-20.0925927786,0.0000000000));
#1614=CARTESIAN_POINT('',(-11.4050961005,-20.0900799354,0.0000000000));

#1615=(
BOUNDED_CURVE()
B_SPLINE_CURVE(1,(#1616,#1617),.UNSPECIFIED.,.F.,.F.)
B_SPLINE_CURVE_WITH_KNOTS((2,2),(0.000,1.000),.UNSPECIFIED.)
CURVE()
GEOMETRIC_REPRESENTATION_ITEM()
RATIONAL_B_SPLINE_CURVE((1.0000000000,1.0000000000))
REPRESENTATION_ITEM('')
);
#1616=CARTESIAN_POINT('',(-11.4050961005,-20.0900799354,0.0000000000));
#1617=CARTESIAN_POINT('',(-11.4242464721,-20.0826758480,0.0000000000));

#1618=(
BOUNDED_CURVE()
B_SPLINE_CURVE(1,(#1619,#1620),.UNSPECIFIED.,.F.,.F.)
B_SPLINE_CURVE_WITH_KNOTS((2,2),(0.000,1.000),.UNSPECIFIED.)
CURVE()
GEOMETRIC_REPRESENTATION_ITEM()
RATIONAL_B_SPLINE_CURVE((1.0000000000,1.0000000000))
REPRESENTATION_ITEM('')
);
#1619=CARTESIAN_POINT('',(-11.4242464721,-20.0826758480,0.0000000000));
#1620=CARTESIAN_POINT('',(-11.4412897607,-20.0707766500,0.0000000000));

#1621=(
BOUNDED_CURVE()
B_SPLINE_CURVE(1,(#1622,#1623),.UNSPECIFIED.,.F.,.F.)
B_SPLINE_CURVE_WITH_KNOTS((2,2),(0.000,1.000),.UNSPECIFIED.)
CURVE()
GEOMETRIC_REPRESENTATION_ITEM()
RATIONAL_B_SPLINE_CURVE((1.0000000000,1.0000000000))
REPRESENTATION_ITEM('')
);
#1622=CARTESIAN_POINT('',(-11.4412897607,-20.0707766500,0.0000000000));
#1623=CARTESIAN_POINT('',(-11.4553141157,-20.0550189726,0.0000000000));

#1624=(
BOUNDED_CURVE()
B_SPLINE_CURVE(1,(#1625,#1626),.UNSPECIFIED.,.F.,.F.)
B_SPLINE_CURVE_WITH_KNOTS((2,2),(0.000,1.000),.UNSPECIFIED.)
CURVE()
GEOMETRIC_REPRESENTATION_ITEM()
RATIONAL_B_SPLINE_CURVE((1.0000000000,1.0000000000))
REPRESENTATION_ITEM('')
);
#1625=CARTESIAN_POINT('',(-11.4553141157,-20.0550189726,0.0000000000));
#1626=CARTESIAN_POINT('',(-11.4857869231,-19.9839034619,0.0000000000));

#1627=(
BOUNDED_CURVE()
B_SPLINE_CURVE(1,(#1628,#1629),.UNSPECIFIED.,.F.,.F.)
B_SPLINE_CURVE_WITH_KNOTS((2,2),(0.000,1.000),.UNSPECIFIED.)
CURVE()
GEOMETRIC_REPRESENTATION_ITEM()
RATIONAL_B_SPLINE_CURVE((1.0000000000,1.0000000000))
REPRESENTATION_ITEM('')
);
#1628=CARTESIAN_POINT('',(-11.4857869231,-19.9839034619,0.0000000000));
#1629=CARTESIAN_POINT('',(-11.5078853598,-19.9093492953,0.0000000000));

#1630=(
BOUNDED_CURVE()
B_SPLINE_CURVE(1,(#1631,#1632),.UNSPECIFIED.,.F.,.F.)
B_SPLINE_CURVE_WITH_KNOTS((2,2),(0.000,1.000),.UNSPECIFIED.)
CURVE()
GEOMETRIC_REPRESENTATION_ITEM()
RATIONAL_B_SPLINE_CURVE((1.0000000000,1.0000000000))
REPRESENTATION_ITEM('')
);
#1631=CARTESIAN_POINT('',(-11.5078853598,-19.9093492953,0.0000000000));
#1632=CARTESIAN_POINT('',(-11.5212782832,-19.8324736585,0.0000000000));

#1633=(
BOUNDED_CURVE()
B_SPLINE_CURVE(1,(#1634,#1635),.UNSPECIFIED.,.F.,.F.)
B_SPLINE_CURVE_WITH_KNOTS((2,2),(0.000,1.000),.UNSPECIFIED.)
CURVE()
GEOMETRIC_REPRESENTATION_ITEM()
RATIONAL_B_SPLINE_CURVE((1.0000000000,1.0000000000))
REPRESENTATION_ITEM('')
);
#1634=CARTESIAN_POINT('',(-11.5212782832,-19.8324736585,0.0000000000));
#1635=CARTESIAN_POINT('',(-11.5257650020,-19.7544285243,0.0000000000));

#1636=(
BOUNDED_CURVE()
B_SPLINE_CURVE(1,(#1637,#1638),.UNSPECIFIED.,.F.,.F.)
B_SPLINE_CURVE_WITH_KNOTS((2,2),(0.000,1.000),.UNSPECIFIED.)
CURVE()
GEOMETRIC_REPRESENTATION_ITEM()
RATIONAL_B_SPLINE_CURVE((1.0000000000,1.0000000000))
REPRESENTATION_ITEM('')
);
#1637=CARTESIAN_POINT('',(-11.5257650020,-19.7544285243,0.0000000000));
#1638=CARTESIAN_POINT('',(-11.5212782832,-19.6763833900,0.0000000000));

#1639=(
BOUNDED_CURVE()
B_SPLINE_CURVE(1,(#1640,#1641),.UNSPECIFIED.,.F.,.F.)
B_SPLINE_CURVE_WITH_KNOTS((2,2),(0.000,1.000),.UNSPECIFIED.)
CURVE()
GEOMETRIC_REPRESENTATION_ITEM()
RATIONAL_B_SPLINE_CURVE((1.0000000000,1.0000000000))
REPRESENTATION_ITEM('')
);
#1640=CARTESIAN_POINT('',(-11.5212782832,-19.6763833900,0.0000000000));
#1641=CARTESIAN_POINT('',(-11.5078853598,-19.5995077532,0.0000000000));

#1642=(
BOUNDED_CURVE()
B_SPLINE_CURVE(1,(#1643,#1644),.UNSPECIFIED.,.F.,.F.)
B_SPLINE_CURVE_WITH_KNOTS((2,2),(0.000,1.000),.UNSPECIFIED.)
CURVE()
GEOMETRIC_REPRESENTATION_ITEM()
RATIONAL_B_SPLINE_CURVE((1.0000000000,1.0000000000))
REPRESENTATION_ITEM('')
);
#1643=CARTESIAN_POINT('',(-11.5078853598,-19.5995077532,0.0000000000));
#1644=CARTESIAN_POINT('',(-11.4857869231,-19.5249535866,0.0000000000));

#1645=(
BOUNDED_CURVE()
B_SPLINE_CURVE(1,(#1646,#1647),.UNSPECIFIED.,.F.,.F.)
B_SPLINE_CURVE_WITH_KNOTS((2,2),(0.000,1.000),.UNSPECIFIED.)
CURVE()
GEOMETRIC_REPRESENTATION_ITEM()
RATIONAL_B_SPLINE_CURVE((1.0000000000,1.0000000000))
REPRESENTATION_ITEM('')
);
#1646=CARTESIAN_POINT('',(-11.4857869231,-19.5249535866,0.0000000000));
#1647=CARTESIAN_POINT('',(-11.4553141157,-19.4538380760,0.0000000000));

#1648=(
BOUNDED_CURVE()
B_SPLINE_CURVE(1,(#1649,#1650),.UNSPECIFIED.,.F.,.F.)
B_SPLINE_CURVE_WITH_KNOTS((2,2),(0.000,1.000),.UNSPECIFIED.)
CURVE()
GEOMETRIC_REPRESENTATION_ITEM()
RATIONAL_B_SPLINE_CURVE((1.0000000000,1.0000000000))
REPRESENTATION_ITEM('')
);
#1649=CARTESIAN_POINT('',(-11.4553141157,-19.4538380760,0.0000000000));
#1650=CARTESIAN_POINT('',(-11.4412897607,-19.4380803986,0.0000000000));

#1651=(
BOUNDED_CURVE()
B_SPLINE_CURVE(1,(#1652,#1653),.UNSPECIFIED.,.F.,.F.)
B_SPLINE_CURVE_WITH_KNOTS((2,2),(0.000,1.000),.UNSPECIFIED.)
CURVE()
GEOMETRIC_REPRESENTATION_ITEM()
RATIONAL_B_SPLINE_CURVE((1.0000000000,1.0000000000))
REPRESENTATION_ITEM('')
);
#1652=CARTESIAN_POINT('',(-11.4412897607,-19.4380803986,0.0000000000));
#1653=CARTESIAN_POINT('',(-11.4242464721,-19.4261812006,0.0000000000));

#1654=(
BOUNDED_CURVE()
B_SPLINE_CURVE(1,(#1655,#1656),.UNSPECIFIED.,.F.,.F.)
B_SPLINE_CURVE_WITH_KNOTS((2,2),(0.000,1.000),.UNSPECIFIED.)
CURVE()
GEOMETRIC_REPRESENTATION_ITEM()
RATIONAL_B_SPLINE_CURVE((1.0000000000,1.0000000000))
REPRESENTATION_ITEM('')
);
#1655=CARTESIAN_POINT('',(-11.4242464721,-19.4261812006,0.0000000000));
#1656=CARTESIAN_POINT('',(-11.4050961005,-19.4187771131,0.0000000000));

#1657=(
BOUNDED_CURVE()
B_SPLINE_CURVE(1,(#1658,#1659),.UNSPECIFIED.,.F.,.F.)
B_SPLINE_CURVE_WITH_KNOTS((2,2),(0.000,1.000),.UNSPECIFIED.)
CURVE()
GEOMETRIC_REPRESENTATION_ITEM()
RATIONAL_B_SPLINE_CURVE((1.0000000000,1.0000000000))
REPRESENTATION_ITEM('')
);
#1658=CARTESIAN_POINT('',(-11.4050961005,-19.4187771131,0.0000000000));
#1659=CARTESIAN_POINT('',(-11.3848632294,-19.4162642699,0.0000000000));

#1660=(
BOUNDED_CURVE()
B_SPLINE_CURVE(1,(#1661,#1662),.UNSPECIFIED.,.F.,.F.)
B_SPLINE_CURVE_WITH_KNOTS((2,2),(0.000,1.000),.UNSPECIFIED.)
CURVE()
GEOMETRIC_REPRESENTATION_ITEM()
RATIONAL_B_SPLINE_CURVE((1.0000000000,1.0000000000))
REPRESENTATION_ITEM('')
);
#1661=CARTESIAN_POINT('',(-11.3848632294,-19.4162642699,0.0000000000));
#1662=CARTESIAN_POINT('',(-11.3646303583,-19.4187771131,0.0000000000));

#1663=(
BOUNDED_CURVE()
B_SPLINE_CURVE(1,(#1664,#1665),.UNSPECIFIED.,.F.,.F.)
B_SPLINE_CURVE_WITH_KNOTS((2,2),(0.000,1.000),.UNSPECIFIED.)
CURVE()
GEOMETRIC_REPRESENTATION_ITEM()
RATIONAL_B_SPLINE_CURVE((1.0000000000,1.0000000000))
REPRESENTATION_ITEM('')
);
#1664=CARTESIAN_POINT('',(-11.3646303583,-19.4187771131,0.0000000000));
#1665=CARTESIAN_POINT('',(-11.3454799867,-19.4261812006,0.0000000000));

#1666=(
BOUNDED_CURVE()
B_SPLINE_CURVE(1,(#1667,#1668),.UNSPECIFIED.,.F.,.F.)
B_SPLINE_CURVE_WITH_KNOTS((2,2),(0.000,1.000),.UNSPECIFIED.)
CURVE()
GEOMETRIC_REPRESENTATION_ITEM()
RATIONAL_B_SPLINE_CURVE((1.0000000000,1.0000000000))
REPRESENTATION_ITEM('')
);
#1667=CARTESIAN_POINT('',(-11.3454799867,-19.4261812006,0.0000000000));
#1668=CARTESIAN_POINT('',(-11.3284366981,-19.4380803986,0.0000000000));

#1669=(
BOUNDED_CURVE()
B_SPLINE_CURVE(1,(#1670,#1671),.UNSPECIFIED.,.F.,.F.)
B_SPLINE_CURVE_WITH_KNOTS((2,2),(0.000,1.000),.UNSPECIFIED.)
CURVE()
GEOMETRIC_REPRESENTATION_ITEM()
RATIONAL_B_SPLINE_CURVE((1.0000000000,1.0000000000))
REPRESENTATION_ITEM('')
);
#1670=CARTESIAN_POINT('',(-11.3284366981,-19.4380803986,0.0000000000));
#1671=CARTESIAN_POINT('',(-11.3144123431,-19.4538380760,0.0000000000));

#1672=(
BOUNDED_CURVE()
B_SPLINE_CURVE(1,(#1673,#1674),.UNSPECIFIED.,.F.,.F.)
B_SPLINE_CURVE_WITH_KNOTS((2,2),(0.000,1.000),.UNSPECIFIED.)
CURVE()
GEOMETRIC_REPRESENTATION_ITEM()
RATIONAL_B_SPLINE_CURVE((1.0000000000,1.0000000000))
REPRESENTATION_ITEM('')
);
#1673=CARTESIAN_POINT('',(-10.8071659616,-19.4538380760,0.0000000000));
#1674=CARTESIAN_POINT('',(-10.7766931542,-19.5249535866,0.0000000000));

#1675=(
BOUNDED_CURVE()
B_SPLINE_CURVE(1,(#1676,#1677),.UNSPECIFIED.,.F.,.F.)
B_SPLINE_CURVE_WITH_KNOTS((2,2),(0.000,1.000),.UNSPECIFIED.)
CURVE()
GEOMETRIC_REPRESENTATION_ITEM()
RATIONAL_B_SPLINE_CURVE((1.0000000000,1.0000000000))
REPRESENTATION_ITEM('')
);
#1676=CARTESIAN_POINT('',(-10.7766931542,-19.5249535866,0.0000000000));
#1677=CARTESIAN_POINT('',(-10.7545947175,-19.5995077532,0.0000000000));

#1678=(
BOUNDED_CURVE()
B_SPLINE_CURVE(1,(#1679,#1680),.UNSPECIFIED.,.F.,.F.)
B_SPLINE_CURVE_WITH_KNOTS((2,2),(0.000,1.000),.UNSPECIFIED.)
CURVE()
GEOMETRIC_REPRESENTATION_ITEM()
RATIONAL_B_SPLINE_CURVE((1.0000000000,1.0000000000))
REPRESENTATION_ITEM('')
);
#1679=CARTESIAN_POINT('',(-10.7545947175,-19.5995077532,0.0000000000));
#1680=CARTESIAN_POINT('',(-10.7412017941,-19.6763833900,0.0000000000));

#1681=(
BOUNDED_CURVE()
B_SPLINE_CURVE(1,(#1682,#1683),.UNSPECIFIED.,.F.,.F.)
B_SPLINE_CURVE_WITH_KNOTS((2,2),(0.000,1.000),.UNSPECIFIED.)
CURVE()
GEOMETRIC_REPRESENTATION_ITEM()
RATIONAL_B_SPLINE_CURVE((1.0000000000,1.0000000000))
REPRESENTATION_ITEM('')
);
#1682=CARTESIAN_POINT('',(-10.7412017941,-19.6763833900,0.0000000000));
#1683=CARTESIAN_POINT('',(-10.7367150753,-19.7544285243,0.0000000000));

#1684=(
BOUNDED_CURVE()
B_SPLINE_CURVE(1,(#1685,#1686),.UNSPECIFIED.,.F.,.F.)
B_SPLINE_CURVE_WITH_KNOTS((2,2),(0.000,1.000),.UNSPECIFIED.)
CURVE()
GEOMETRIC_REPRESENTATION_ITEM()
RATIONAL_B_SPLINE_CURVE((1.0000000000,1.0000000000))
REPRESENTATION_ITEM('')
);
#1685=CARTESIAN_POINT('',(-10.7367150753,-19.7544285243,0.0000000000));
#1686=CARTESIAN_POINT('',(-10.7412017941,-19.8324736585,0.0000000000));

#1687=(
BOUNDED_CURVE()
B_SPLINE_CURVE(1,(#1688,#1689),.UNSPECIFIED.,.F.,.F.)
B_SPLINE_CURVE_WITH_KNOTS((2,2),(0.000,1.000),.UNSPECIFIED.)
CURVE()
GEOMETRIC_REPRESENTATION_ITEM()
RATIONAL_B_SPLINE_CURVE((1.0000000000,1.0000000000))
REPRESENTATION_ITEM('')
);
#1688=CARTESIAN_POINT('',(-10.7412017941,-19.8324736585,0.0000000000));
#1689=CARTESIAN_POINT('',(-10.7545947175,-19.9093492953,0.0000000000));

#1690=(
BOUNDED_CURVE()
B_SPLINE_CURVE(1,(#1691,#1692),.UNSPECIFIED.,.F.,.F.)
B_SPLINE_CURVE_WITH_KNOTS((2,2),(0.000,1.000),.UNSPECIFIED.)
CURVE()
GEOMETRIC_REPRESENTATION_ITEM()
RATIONAL_B_SPLINE_CURVE((1.0000000000,1.0000000000))
REPRESENTATION_ITEM('')
);
#1691=CARTESIAN_POINT('',(-10.7545947175,-19.9093492953,0.0000000000));
#1692=CARTESIAN_POINT('',(-10.7766931542,-19.9839034619,0.0000000000));

#1693=(
BOUNDED_CURVE()
B_SPLINE_CURVE(1,(#1694,#1695),.UNSPECIFIED.,.F.,.F.)
B_SPLINE_CURVE_WITH_KNOTS((2,2),(0.000,1.000),.UNSPECIFIED.)
CURVE()
GEOMETRIC_REPRESENTATION_ITEM()
RATIONAL_B_SPLINE_CURVE((1.0000000000,1.0000000000))
REPRESENTATION_ITEM('')
);
#1694=CARTESIAN_POINT('',(-10.7766931542,-19.9839034619,0.0000000000));
#1695=CARTESIAN_POINT('',(-10.8071659616,-20.0550189726,0.0000000000));

#1696=(
BOUNDED_CURVE()
B_SPLINE_CURVE(1,(#1697,#1698),.UNSPECIFIED.,.F.,.F.)
B_SPLINE_CURVE_WITH_KNOTS((2,2),(0.000,1.000),.UNSPECIFIED.)
CURVE()
GEOMETRIC_REPRESENTATION_ITEM()
RATIONAL_B_SPLINE_CURVE((1.0000000000,1.0000000000))
REPRESENTATION_ITEM('')
);
#1697=CARTESIAN_POINT('',(-10.8071659616,-20.0550189726,0.0000000000));
#1698=CARTESIAN_POINT('',(-10.8211903166,-20.0707766500,0.0000000000));

#1699=(
BOUNDED_CURVE()
B_SPLINE_CURVE(1,(#1700,#1701),.UNSPECIFIED.,.F.,.F.)
B_SPLINE_CURVE_WITH_KNOTS((2,2),(0.000,1.000),.UNSPECIFIED.)
CURVE()
GEOMETRIC_REPRESENTATION_ITEM()
RATIONAL_B_SPLINE_CURVE((1.0000000000,1.0000000000))
REPRESENTATION_ITEM('')
);
#1700=CARTESIAN_POINT('',(-10.8211903166,-20.0707766500,0.0000000000));
#1701=CARTESIAN_POINT('',(-10.8382336052,-20.0826758480,0.0000000000));

#1702=(
BOUNDED_CURVE()
B_SPLINE_CURVE(1,(#1703,#1704),.UNSPECIFIED.,.F.,.F.)
B_SPLINE_CURVE_WITH_KNOTS((2,2),(0.000,1.000),.UNSPECIFIED.)
CURVE()
GEOMETRIC_REPRESENTATION_ITEM()
RATIONAL_B_SPLINE_CURVE((1.0000000000,1.0000000000))
REPRESENTATION_ITEM('')
);
#1703=CARTESIAN_POINT('',(-10.8382336052,-20.0826758480,0.0000000000));
#1704=CARTESIAN_POINT('',(-10.8573839768,-20.0900799354,0.0000000000));

#1705=(
BOUNDED_CURVE()
B_SPLINE_CURVE(1,(#1706,#1707),.UNSPECIFIED.,.F.,.F.)
B_SPLINE_CURVE_WITH_KNOTS((2,2),(0.000,1.000),.UNSPECIFIED.)
CURVE()
GEOMETRIC_REPRESENTATION_ITEM()
RATIONAL_B_SPLINE_CURVE((1.0000000000,1.0000000000))
REPRESENTATION_ITEM('')
);
#1706=CARTESIAN_POINT('',(-10.8573839768,-20.0900799354,0.0000000000));
#1707=CARTESIAN_POINT('',(-10.8776168479,-20.0925927786,0.0000000000));

#1708=(
BOUNDED_CURVE()
B_SPLINE_CURVE(1,(#1709,#1710),.UNSPECIFIED.,.F.,.F.)
B_SPLINE_CURVE_WITH_KNOTS((2,2),(0.000,1.000),.UNSPECIFIED.)
CURVE()
GEOMETRIC_REPRESENTATION_ITEM()
RATIONAL_B_SPLINE_CURVE((1.0000000000,1.0000000000))
REPRESENTATION_ITEM('')
);
#1709=CARTESIAN_POINT('',(-10.8776168479,-20.0925927786,0.0000000000));
#1710=CARTESIAN_POINT('',(-10.8978497190,-20.0900799354,0.0000000000));

#1711=(
BOUNDED_CURVE()
B_SPLINE_CURVE(1,(#1712,#1713),.UNSPECIFIED.,.F.,.F.)
B_SPLINE_CURVE_WITH_KNOTS((2,2),(0.000,1.000),.UNSPECIFIED.)
CURVE()
GEOMETRIC_REPRESENTATION_ITEM()
RATIONAL_B_SPLINE_CURVE((1.0000000000,1.0000000000))
REPRESENTATION_ITEM('')
);
#1712=CARTESIAN_POINT('',(-10.8978497190,-20.0900799354,0.0000000000));
#1713=CARTESIAN_POINT('',(-10.9170000906,-20.0826758480,0.0000000000));

#1714=(
BOUNDED_CURVE()
B_SPLINE_CURVE(1,(#1715,#1716),.UNSPECIFIED.,.F.,.F.)
B_SPLINE_CURVE_WITH_KNOTS((2,2),(0.000,1.000),.UNSPECIFIED.)
CURVE()
GEOMETRIC_REPRESENTATION_ITEM()
RATIONAL_B_SPLINE_CURVE((1.0000000000,1.0000000000))
REPRESENTATION_ITEM('')
);
#1715=CARTESIAN_POINT('',(-10.9170000906,-20.0826758480,0.0000000000));
#1716=CARTESIAN_POINT('',(-10.9340433791,-20.0707766500,0.0000000000));

#1717=(
BOUNDED_CURVE()
B_SPLINE_CURVE(1,(#1718,#1719),.UNSPECIFIED.,.F.,.F.)
B_SPLINE_CURVE_WITH_KNOTS((2,2),(0.000,1.000),.UNSPECIFIED.)
CURVE()
GEOMETRIC_REPRESENTATION_ITEM()
RATIONAL_B_SPLINE_CURVE((1.0000000000,1.0000000000))
REPRESENTATION_ITEM('')
);
#1718=CARTESIAN_POINT('',(-10.9340433791,-20.0707766500,0.0000000000));
#1719=CARTESIAN_POINT('',(-10.9480677342,-20.0550189726,0.0000000000));

#1720=(
BOUNDED_CURVE()
B_SPLINE_CURVE(1,(#1721,#1722),.UNSPECIFIED.,.F.,.F.)
B_SPLINE_CURVE_WITH_KNOTS((2,2),(0.000,1.000),.UNSPECIFIED.)
CURVE()
GEOMETRIC_REPRESENTATION_ITEM()
RATIONAL_B_SPLINE_CURVE((1.0000000000,1.0000000000))
REPRESENTATION_ITEM('')
);
#1721=CARTESIAN_POINT('',(-10.9480677342,-20.0550189726,0.0000000000));
#1722=CARTESIAN_POINT('',(-10.9785405416,-19.9839034619,0.0000000000));

#1723=(
BOUNDED_CURVE()
B_SPLINE_CURVE(1,(#1724,#1725),.UNSPECIFIED.,.F.,.F.)
B_SPLINE_CURVE_WITH_KNOTS((2,2),(0.000,1.000),.UNSPECIFIED.)
CURVE()
GEOMETRIC_REPRESENTATION_ITEM()
RATIONAL_B_SPLINE_CURVE((1.0000000000,1.0000000000))
REPRESENTATION_ITEM('')
);
#1724=CARTESIAN_POINT('',(-10.9785405416,-19.9839034619,0.0000000000));
#1725=CARTESIAN_POINT('',(-11.0006389782,-19.9093492953,0.0000000000));

#1726=(
BOUNDED_CURVE()
B_SPLINE_CURVE(1,(#1727,#1728),.UNSPECIFIED.,.F.,.F.)
B_SPLINE_CURVE_WITH_KNOTS((2,2),(0.000,1.000),.UNSPECIFIED.)
CURVE()
GEOMETRIC_REPRESENTATION_ITEM()
RATIONAL_B_SPLINE_CURVE((1.0000000000,1.0000000000))
REPRESENTATION_ITEM('')
);
#1727=CARTESIAN_POINT('',(-11.0006389782,-19.9093492953,0.0000000000));
#1728=CARTESIAN_POINT('',(-11.0140319017,-19.8324736585,0.0000000000));

#1729=(
BOUNDED_CURVE()
B_SPLINE_CURVE(1,(#1730,#1731),.UNSPECIFIED.,.F.,.F.)
B_SPLINE_CURVE_WITH_KNOTS((2,2),(0.000,1.000),.UNSPECIFIED.)
CURVE()
GEOMETRIC_REPRESENTATION_ITEM()
RATIONAL_B_SPLINE_CURVE((1.0000000000,1.0000000000))
REPRESENTATION_ITEM('')
);
#1730=CARTESIAN_POINT('',(-11.0140319017,-19.8324736585,0.0000000000));
#1731=CARTESIAN_POINT('',(-11.0185186205,-19.7544285243,0.0000000000));

#1732=(
BOUNDED_CURVE()
B_SPLINE_CURVE(1,(#1733,#1734),.UNSPECIFIED.,.F.,.F.)
B_SPLINE_CURVE_WITH_KNOTS((2,2),(0.000,1.000),.UNSPECIFIED.)
CURVE()
GEOMETRIC_REPRESENTATION_ITEM()
RATIONAL_B_SPLINE_CURVE((1.0000000000,1.0000000000))
REPRESENTATION_ITEM('')
);
#1733=CARTESIAN_POINT('',(-11.0185186205,-19.7544285243,0.0000000000));
#1734=CARTESIAN_POINT('',(-11.0140319017,-19.6763833900,0.0000000000));

#1735=(
BOUNDED_CURVE()
B_SPLINE_CURVE(1,(#1736,#1737),.UNSPECIFIED.,.F.,.F.)
B_SPLINE_CURVE_WITH_KNOTS((2,2),(0.000,1.000),.UNSPECIFIED.)
CURVE()
GEOMETRIC_REPRESENTATION_ITEM()
RATIONAL_B_SPLINE_CURVE((1.0000000000,1.0000000000))
REPRESENTATION_ITEM('')
);
#1736=CARTESIAN_POINT('',(-11.0140319017,-19.6763833900,0.0000000000));
#1737=CARTESIAN_POINT('',(-11.0006389782,-19.5995077532,0.0000000000));

#1738=(
BOUNDED_CURVE()
B_SPLINE_CURVE(1,(#1739,#1740),.UNSPECIFIED.,.F.,.F.)
B_SPLINE_CURVE_WITH_KNOTS((2,2),(0.000,1.000),.UNSPECIFIED.)
CURVE()
GEOMETRIC_REPRESENTATION_ITEM()
RATIONAL_B_SPLINE_CURVE((1.0000000000,1.0000000000))
REPRESENTATION_ITEM('')
);
#1739=CARTESIAN_POINT('',(-11.0006389782,-19.5995077532,0.0000000000));
#1740=CARTESIAN_POINT('',(-10.9785405416,-19.5249535866,0.0000000000));

#1741=(
BOUNDED_CURVE()
B_SPLINE_CURVE(1,(#1742,#1743),.UNSPECIFIED.,.F.,.F.)
B_SPLINE_CURVE_WITH_KNOTS((2,2),(0.000,1.000),.UNSPECIFIED.)
CURVE()
GEOMETRIC_REPRESENTATION_ITEM()
RATIONAL_B_SPLINE_CURVE((1.0000000000,1.0000000000))
REPRESENTATION_ITEM('')
);
#1742=CARTESIAN_POINT('',(-10.9785405416,-19.5249535866,0.0000000000));
#1743=CARTESIAN_POINT('',(-10.9480677342,-19.4538380760,0.0000000000));

#1744=(
BOUNDED_CURVE()
B_SPLINE_CURVE(1,(#1745,#1746),.UNSPECIFIED.,.F.,.F.)
B_SPLINE_CURVE_WITH_KNOTS((2,2),(0.000,1.000),.UNSPECIFIED.)
CURVE()
GEOMETRIC_REPRESENTATION_ITEM()
RATIONAL_B_SPLINE_CURVE((1.0000000000,1.0000000000))
REPRESENTATION_ITEM('')
);
#1745=CARTESIAN_POINT('',(-10.9480677342,-19.4538380760,0.0000000000));
#1746=CARTESIAN_POINT('',(-10.9340433791,-19.4380803986,0.0000000000));

#1747=(
BOUNDED_CURVE()
B_SPLINE_CURVE(1,(#1748,#1749),.UNSPECIFIED.,.F.,.F.)
B_SPLINE_CURVE_WITH_KNOTS((2,2),(0.000,1.000),.UNSPECIFIED.)
CURVE()
GEOMETRIC_REPRESENTATION_ITEM()
RATIONAL_B_SPLINE_CURVE((1.0000000000,1.0000000000))
REPRESENTATION_ITEM('')
);
#1748=CARTESIAN_POINT('',(-10.9340433791,-19.4380803986,0.0000000000));
#1749=CARTESIAN_POINT('',(-10.9170000906,-19.4261812006,0.0000000000));

#1750=(
BOUNDED_CURVE()
B_SPLINE_CURVE(1,(#1751,#1752),.UNSPECIFIED.,.F.,.F.)
B_SPLINE_CURVE_WITH_KNOTS((2,2),(0.000,1.000),.UNSPECIFIED.)
CURVE()
GEOMETRIC_REPRESENTATION_ITEM()
RATIONAL_B_SPLINE_CURVE((1.0000000000,1.0000000000))
REPRESENTATION_ITEM('')
);
#1751=CARTESIAN_POINT('',(-10.9170000906,-19.4261812006,0.0000000000));
#1752=CARTESIAN_POINT('',(-10.8978497190,-19.4187771131,0.0000000000));

#1753=(
BOUNDED_CURVE()
B_SPLINE_CURVE(1,(#1754,#1755),.UNSPECIFIED.,.F.,.F.)
B_SPLINE_CURVE_WITH_KNOTS((2,2),(0.000,1.000),.UNSPECIFIED.)
CURVE()
GEOMETRIC_REPRESENTATION_ITEM()
RATIONAL_B_SPLINE_CURVE((1.0000000000,1.0000000000))
REPRESENTATION_ITEM('')
);
#1754=CARTESIAN_POINT('',(-10.8978497190,-19.4187771131,0.0000000000));
#1755=CARTESIAN_POINT('',(-10.8776168479,-19.4162642699,0.0000000000));

#1756=(
BOUNDED_CURVE()
B_SPLINE_CURVE(1,(#1757,#1758),.UNSPECIFIED.,.F.,.F.)
B_SPLINE_CURVE_WITH_KNOTS((2,2),(0.000,1.000),.UNSPECIFIED.)
CURVE()
GEOMETRIC_REPRESENTATION_ITEM()
RATIONAL_B_SPLINE_CURVE((1.0000000000,1.0000000000))
REPRESENTATION_ITEM('')
);
#1757=CARTESIAN_POINT('',(-10.8776168479,-19.4162642699,0.0000000000));
#1758=CARTESIAN_POINT('',(-10.8573839768,-19.4187771131,0.0000000000));

#1759=(
BOUNDED_CURVE()
B_SPLINE_CURVE(1,(#1760,#1761),.UNSPECIFIED.,.F.,.F.)
B_SPLINE_CURVE_WITH_KNOTS((2,2),(0.000,1.000),.UNSPECIFIED.)
CURVE()
GEOMETRIC_REPRESENTATION_ITEM()
RATIONAL_B_SPLINE_CURVE((1.0000000000,1.0000000000))
REPRESENTATION_ITEM('')
);
#1760=CARTESIAN_POINT('',(-10.8573839768,-19.4187771131,0.0000000000));
#1761=CARTESIAN_POINT('',(-10.8382336052,-19.4261812006,0.0000000000));

#1762=(
BOUNDED_CURVE()
B_SPLINE_CURVE(1,(#1763,#1764),.UNSPECIFIED.,.F.,.F.)
B_SPLINE_CURVE_WITH_KNOTS((2,2),(0.000,1.000),.UNSPECIFIED.)
CURVE()
GEOMETRIC_REPRESENTATION_ITEM()
RATIONAL_B_SPLINE_CURVE((1.0000000000,1.0000000000))
REPRESENTATION_ITEM('')
);
#1763=CARTESIAN_POINT('',(-10.8382336052,-19.4261812006,0.0000000000));
#1764=CARTESIAN_POINT('',(-10.8211903166,-19.4380803986,0.0000000000));

#1765=(
BOUNDED_CURVE()
B_SPLINE_CURVE(1,(#1766,#1767),.UNSPECIFIED.,.F.,.F.)
B_SPLINE_CURVE_WITH_KNOTS((2,2),(0.000,1.000),.UNSPECIFIED.)
CURVE()
GEOMETRIC_REPRESENTATION_ITEM()
RATIONAL_B_SPLINE_CURVE((1.0000000000,1.0000000000))
REPRESENTATION_ITEM('')
);
#1766=CARTESIAN_POINT('',(-10.8211903166,-19.4380803986,0.0000000000));
#1767=CARTESIAN_POINT('',(-10.8071659616,-19.4538380760,0.0000000000));

#1768=GEOMETRIC_CURVE_SET('curves',(#200,#204,#208,#212,#216,#219,#222,#225,#228,#231,#234,#237,#240,#243,#246,#249,#252,#255,#258,#261,#264,#267,#270,#273,#276,#279,#282,#285,#288,#291,#294,#297,#300,#303,#306,#309,#312,#315,#318,#321,#324,#327,#330,#333,#336,#339,#342,#345,#348,#351,#354,#357,#360,#363,#366,#369,#372,#375,#378,#381,#384,#387,#390,#393,#396,#399,#402,#405,#408,#411,#414,#417,#420,#423,#426,#429,#432,#435,#438,#441,#444,#447,#450,#453,#456,#459,#462,#465,#468,#471,#474,#477,#480,#483,#486,#489,#492,#495,#498,#501,#504,#507,#510,#513,#516,#519,#522,#525,#528,#531,#534,#537,#540,#543,#546,#549,#552,#555,#558,#561,#564,#567,#570,#573,#576,#579,#582,#585,#588,#591,#594,#597,#600,#603,#606,#609,#612,#615,#618,#621,#624,#627,#630,#633,#636,#640,#644,#648,#652,#655,#658,#661,#664,#667,#670,#673,#676,#679,#682,#685,#688,#691,#694,#697,#700,#703,#706,#709,#712,#715,#718,#721,#724,#727,#730,#733,#736,#739,#742,#745,#748,#751,#754,#757,#760,#763,#766,#769,#772,#775,#778,#781,#784,#787,#790,#793,#796,#799,#802,#805,#808,#811,#814,#817,#820,#823,#826,#829,#832,#835,#838,#841,#844,#847,#850,#853,#856,#859,#862,#865,#868,#871,#874,#877,#880,#883,#886,#889,#892,#895,#898,#901,#904,#907,#910,#913,#916,#919,#922,#925,#928,#931,#934,#937,#940,#943,#946,#949,#952,#955,#958,#961,#964,#967,#970,#973,#976,#979,#982,#985,#988,#991,#994,#997,#1000,#1003,#1006,#1009,#1012,#1015,#1018,#1021,#1024,#1027,#1030,#1033,#1036,#1039,#1042,#1045,#1048,#1051,#1054,#1057,#1060,#1063,#1066,#1069,#1072,#1075,#1078,#1081,#1084,#1087,#1090,#1093,#1096,#1099,#1102,#1105,#1108,#1111,#1114,#1117,#1120,#1123,#1126,#1129,#1132,#1135,#1138,#1141,#1144,#1147,#1150,#1153,#1156,#1159,#1162,#1165,#1168,#1171,#1174,#1177,#1180,#1183,#1186,#1189,#1192,#1195,#1198,#1201,#1204,#1207,#1210,#1213,#1216,#1219,#1222,#1225,#1228,#1231,#1234,#1237,#1240,#1243,#1246,#1249,#1252,#1255,#1258,#1261,#1264,#1267,#1270,#1273,#1276,#1279,#1282,#1285,#1288,#1291,#1294,#1297,#1300,#1303,#1306,#1309,#1312,#1315,#1318,#1321,#1324,#1327,#1330,#1333,#1336,#1339,#1342,#1345,#1348,#1351,#1354,#1357,#1360,#1363,#1366,#1369,#1372,#1375,#1378,#1381,#1384,#1387,#1390,#1393,#1396,#1399,#1402,#1405,#1408,#1411,#1414,#1417,#1420,#1423,#1426,#1429,#1432,#1435,#1438,#1441,#1444,#1447,#1450,#1453,#1456,#1459,#1462,#1465,#1468,#1471,#1474,#1477,#1480,#1483,#1486,#1489,#1492,#1495,#1498,#1501,#1504,#1507,#1510,#1513,#1516,#1519,#1522,#1525,#1528,#1531,#1534,#1537,#1540,#1543,#1546,#1549,#1552,#1555,#1558,#1561,#1564,#1567,#1570,#1573,#1576,#1579,#1582,#1585,#1588,#1591,#1594,#1597,#1600,#1603,#1606,#1609,#1612,#1615,#1618,#1621,#1624,#1627,#1630,#1633,#1636,#1639,#1642,#1645,#1648,#1651,#1654,#1657,#1660,#1663,#1666,#1669,#1672,#1675,#1678,#1681,#1684,#1687,#1690,#1693,#1696,#1699,#1702,#1705,#1708,#1711,#1714,#1717,#1720,#1723,#1726,#1729,#1732,#1735,#1738,#1741,#1744,#1747,#1750,#1753,#1756,#1759,#1762,#1765));
#1769=GEOMETRICALLY_BOUNDED_WIREFRAME_SHAPE_REPRESENTATION('',(#1768,#170),#168);
#1770=SHAPE_REPRESENTATION_RELATIONSHIP($,$,#169,#1769);

ENDSEC;

END-ISO-10303-21;
