ISO-10303-21;
HEADER;

FILE_DESCRIPTION((''), '2;1');

FILE_NAME(
    'output_file',
    '2009-06-07T17:44:47-07:00',
    (''),
    (''),
    'SolveSpace',
    '',
    ''
);

FILE_SCHEMA (('CONFIG_CONTROL_DESIGN'));
ENDSEC;

DATA;

/**********************************************************
 * This defines the units and tolerances for the file. It
 * is always the same, independent of the actual data.
 **********************************************************/
#158=(
LENGTH_UNIT()
NAMED_UNIT(*)
SI_UNIT(.MILLI.,.METRE.)
);
#161=(
NAMED_UNIT(*)
PLANE_ANGLE_UNIT()
SI_UNIT($,.RADIAN.)
);
#166=(
NAMED_UNIT(*)
SI_UNIT($,.STERADIAN.)
SOLID_ANGLE_UNIT()
);
#167=UNCERTAINTY_MEASURE_WITH_UNIT(LENGTH_MEASURE(0.001),#158,
'DISTANCE_ACCURACY_VALUE',
'string');
#168=(
GEOMETRIC_REPRESENTATION_CONTEXT(3)
GLOBAL_UNCERTAINTY_ASSIGNED_CONTEXT((#167))
GLOBAL_UNIT_ASSIGNED_CONTEXT((#166,#161,#158))
REPRESENTATION_CONTEXT('ID1','3D')
);
#169=SHAPE_REPRESENTATION('',(#170),#168);
#170=AXIS2_PLACEMENT_3D('',#173,#171,#172);
#171=DIRECTION('',(0.,0.,1.));
#172=DIRECTION('',(1.,0.,0.));
#173=CARTESIAN_POINT('',(0.,0.,0.));

#200=(
BOUNDED_CURVE()
B_SPLINE_CURVE(2,(#201,#202,#203),.UNSPECIFIED.,.F.,.F.)
B_SPLINE_CURVE_WITH_KNOTS((3,3),(0.000,1.000),.UNSPECIFIED.)
CURVE()
GEOMETRIC_REPRESENTATION_ITEM()
RATIONAL_B_SPLINE_CURVE((1.0000000000,0.7071067812,1.0000000000))
REPRESENTATION_ITEM('')
);
#201=CARTESIAN_POINT('',(43.9740710007,14.5683230718,0.0000000000));
#202=CARTESIAN_POINT('',(43.9740710007,16.0683230718,0.0000000000));
#203=CARTESIAN_POINT('',(42.4740710007,16.0683230718,0.0000000000));

#204=(
BOUNDED_CURVE()
B_SPLINE_CURVE(2,(#205,#206,#207),.UNSPECIFIED.,.F.,.F.)
B_SPLINE_CURVE_WITH_KNOTS((3,3),(0.000,1.000),.UNSPECIFIED.)
CURVE()
GEOMETRIC_REPRESENTATION_ITEM()
RATIONAL_B_SPLINE_CURVE((1.0000000000,0.7071067812,1.0000000000))
REPRESENTATION_ITEM('')
);
#205=CARTESIAN_POINT('',(42.4740710007,16.0683230718,0.0000000000));
#206=CARTESIAN_POINT('',(40.9740710007,16.0683230718,0.0000000000));
#207=CARTESIAN_POINT('',(40.9740710007,14.5683230718,0.0000000000));

#208=(
BOUNDED_CURVE()
B_SPLINE_CURVE(2,(#209,#210,#211),.UNSPECIFIED.,.F.,.F.)
B_SPLINE_CURVE_WITH_KNOTS((3,3),(0.000,1.000),.UNSPECIFIED.)
CURVE()
GEOMETRIC_REPRESENTATION_ITEM()
RATIONAL_B_SPLINE_CURVE((1.0000000000,0.7071067812,1.0000000000))
REPRESENTATION_ITEM('')
);
#209=CARTESIAN_POINT('',(40.9740710007,14.5683230718,0.0000000000));
#210=CARTESIAN_POINT('',(40.9740710007,13.0683230718,0.0000000000));
#211=CARTESIAN_POINT('',(42.4740710007,13.0683230718,0.0000000000));

#212=(
BOUNDED_CURVE()
B_SPLINE_CURVE(2,(#213,#214,#215),.UNSPECIFIED.,.F.,.F.)
B_SPLINE_CURVE_WITH_KNOTS((3,3),(0.000,1.000),.UNSPECIFIED.)
CURVE()
GEOMETRIC_REPRESENTATION_ITEM()
RATIONAL_B_SPLINE_CURVE((1.0000000000,0.7071067812,1.0000000000))
REPRESENTATION_ITEM('')
);
#213=CARTESIAN_POINT('',(42.4740710007,13.0683230718,0.0000000000));
#214=CARTESIAN_POINT('',(43.9740710007,13.0683230718,0.0000000000));
#215=CARTESIAN_POINT('',(43.9740710007,14.5683230718,0.0000000000));

#216=(
BOUNDED_CURVE()
B_SPLINE_CURVE(2,(#217,#218,#219),.UNSPECIFIED.,.F.,.F.)
B_SPLINE_CURVE_WITH_KNOTS((3,3),(0.000,1.000),.UNSPECIFIED.)
CURVE()
GEOMETRIC_REPRESENTATION_ITEM()
RATIONAL_B_SPLINE_CURVE((1.0000000000,0.7071067812,1.0000000000))
REPRESENTATION_ITEM('')
);
#217=CARTESIAN_POINT('',(43.9740710007,-16.4316769282,0.0000000000));
#218=CARTESIAN_POINT('',(43.9740710007,-14.9316769282,0.0000000000));
#219=CARTESIAN_POINT('',(42.4740710007,-14.9316769282,0.0000000000));

#220=(
BOUNDED_CURVE()
B_SPLINE_CURVE(2,(#221,#222,#223),.UNSPECIFIED.,.F.,.F.)
B_SPLINE_CURVE_WITH_KNOTS((3,3),(0.000,1.000),.UNSPECIFIED.)
CURVE()
GEOMETRIC_REPRESENTATION_ITEM()
RATIONAL_B_SPLINE_CURVE((1.0000000000,0.7071067812,1.0000000000))
REPRESENTATION_ITEM('')
);
#221=CARTESIAN_POINT('',(42.4740710007,-14.9316769282,0.0000000000));
#222=CARTESIAN_POINT('',(40.9740710007,-14.9316769282,0.0000000000));
#223=CARTESIAN_POINT('',(40.9740710007,-16.4316769282,0.0000000000));

#224=(
BOUNDED_CURVE()
B_SPLINE_CURVE(2,(#225,#226,#227),.UNSPECIFIED.,.F.,.F.)
B_SPLINE_CURVE_WITH_KNOTS((3,3),(0.000,1.000),.UNSPECIFIED.)
CURVE()
GEOMETRIC_REPRESENTATION_ITEM()
RATIONAL_B_SPLINE_CURVE((1.0000000000,0.7071067812,1.0000000000))
REPRESENTATION_ITEM('')
);
#225=CARTESIAN_POINT('',(40.9740710007,-16.4316769282,0.0000000000));
#226=CARTESIAN_POINT('',(40.9740710007,-17.9316769282,0.0000000000));
#227=CARTESIAN_POINT('',(42.4740710007,-17.9316769282,0.0000000000));

#228=(
BOUNDED_CURVE()
B_SPLINE_CURVE(2,(#229,#230,#231),.UNSPECIFIED.,.F.,.F.)
B_SPLINE_CURVE_WITH_KNOTS((3,3),(0.000,1.000),.UNSPECIFIED.)
CURVE()
GEOMETRIC_REPRESENTATION_ITEM()
RATIONAL_B_SPLINE_CURVE((1.0000000000,0.7071067812,1.0000000000))
REPRESENTATION_ITEM('')
);
#229=CARTESIAN_POINT('',(42.4740710007,-17.9316769282,0.0000000000));
#230=CARTESIAN_POINT('',(43.9740710007,-17.9316769282,0.0000000000));
#231=CARTESIAN_POINT('',(43.9740710007,-16.4316769282,0.0000000000));

#232=(
BOUNDED_CURVE()
B_SPLINE_CURVE(2,(#233,#234,#235),.UNSPECIFIED.,.F.,.F.)
B_SPLINE_CURVE_WITH_KNOTS((3,3),(0.000,1.000),.UNSPECIFIED.)
CURVE()
GEOMETRIC_REPRESENTATION_ITEM()
RATIONAL_B_SPLINE_CURVE((1.0000000000,0.7071067812,1.0000000000))
REPRESENTATION_ITEM('')
);
#233=CARTESIAN_POINT('',(-31.0259289993,14.5683230718,0.0000000000));
#234=CARTESIAN_POINT('',(-31.0259289993,16.0683230718,0.0000000000));
#235=CARTESIAN_POINT('',(-32.5259289993,16.0683230718,0.0000000000));

#236=(
BOUNDED_CURVE()
B_SPLINE_CURVE(2,(#237,#238,#239),.UNSPECIFIED.,.F.,.F.)
B_SPLINE_CURVE_WITH_KNOTS((3,3),(0.000,1.000),.UNSPECIFIED.)
CURVE()
GEOMETRIC_REPRESENTATION_ITEM()
RATIONAL_B_SPLINE_CURVE((1.0000000000,0.7071067812,1.0000000000))
REPRESENTATION_ITEM('')
);
#237=CARTESIAN_POINT('',(-32.5259289993,16.0683230718,0.0000000000));
#238=CARTESIAN_POINT('',(-34.0259289993,16.0683230718,0.0000000000));
#239=CARTESIAN_POINT('',(-34.0259289993,14.5683230718,0.0000000000));

#240=(
BOUNDED_CURVE()
B_SPLINE_CURVE(2,(#241,#242,#243),.UNSPECIFIED.,.F.,.F.)
B_SPLINE_CURVE_WITH_KNOTS((3,3),(0.000,1.000),.UNSPECIFIED.)
CURVE()
GEOMETRIC_REPRESENTATION_ITEM()
RATIONAL_B_SPLINE_CURVE((1.0000000000,0.7071067812,1.0000000000))
REPRESENTATION_ITEM('')
);
#241=CARTESIAN_POINT('',(-34.0259289993,14.5683230718,0.0000000000));
#242=CARTESIAN_POINT('',(-34.0259289993,13.0683230718,0.0000000000));
#243=CARTESIAN_POINT('',(-32.5259289993,13.0683230718,0.0000000000));

#244=(
BOUNDED_CURVE()
B_SPLINE_CURVE(2,(#245,#246,#247),.UNSPECIFIED.,.F.,.F.)
B_SPLINE_CURVE_WITH_KNOTS((3,3),(0.000,1.000),.UNSPECIFIED.)
CURVE()
GEOMETRIC_REPRESENTATION_ITEM()
RATIONAL_B_SPLINE_CURVE((1.0000000000,0.7071067812,1.0000000000))
REPRESENTATION_ITEM('')
);
#245=CARTESIAN_POINT('',(-32.5259289993,13.0683230718,0.0000000000));
#246=CARTESIAN_POINT('',(-31.0259289993,13.0683230718,0.0000000000));
#247=CARTESIAN_POINT('',(-31.0259289993,14.5683230718,0.0000000000));

#248=(
BOUNDED_CURVE()
B_SPLINE_CURVE(1,(#249,#250),.UNSPECIFIED.,.F.,.F.)
B_SPLINE_CURVE_WITH_KNOTS((2,2),(0.000,1.000),.UNSPECIFIED.)
CURVE()
GEOMETRIC_REPRESENTATION_ITEM()
RATIONAL_B_SPLINE_CURVE((1.0000000000,1.0000000000))
REPRESENTATION_ITEM('')
);
#249=CARTESIAN_POINT('',(5.3567951074,-17.6693653346,0.0000000000));
#250=CARTESIAN_POINT('',(5.3441305686,-17.6551355381,0.0000000000));

#251=(
BOUNDED_CURVE()
B_SPLINE_CURVE(1,(#252,#253),.UNSPECIFIED.,.F.,.F.)
B_SPLINE_CURVE_WITH_KNOTS((2,2),(0.000,1.000),.UNSPECIFIED.)
CURVE()
GEOMETRIC_REPRESENTATION_ITEM()
RATIONAL_B_SPLINE_CURVE((1.0000000000,1.0000000000))
REPRESENTATION_ITEM('')
);
#252=CARTESIAN_POINT('',(5.3441305686,-17.6551355381,0.0000000000));
#253=CARTESIAN_POINT('',(5.3287398152,-17.6443900989,0.0000000000));

#254=(
BOUNDED_CURVE()
B_SPLINE_CURVE(1,(#255,#256),.UNSPECIFIED.,.F.,.F.)
B_SPLINE_CURVE_WITH_KNOTS((2,2),(0.000,1.000),.UNSPECIFIED.)
CURVE()
GEOMETRIC_REPRESENTATION_ITEM()
RATIONAL_B_SPLINE_CURVE((1.0000000000,1.0000000000))
REPRESENTATION_ITEM('')
);
#255=CARTESIAN_POINT('',(5.3287398152,-17.6443900989,0.0000000000));
#256=CARTESIAN_POINT('',(5.3114462837,-17.6377039195,0.0000000000));

#257=(
BOUNDED_CURVE()
B_SPLINE_CURVE(1,(#258,#259),.UNSPECIFIED.,.F.,.F.)
B_SPLINE_CURVE_WITH_KNOTS((2,2),(0.000,1.000),.UNSPECIFIED.)
CURVE()
GEOMETRIC_REPRESENTATION_ITEM()
RATIONAL_B_SPLINE_CURVE((1.0000000000,1.0000000000))
REPRESENTATION_ITEM('')
);
#258=CARTESIAN_POINT('',(5.3114462837,-17.6377039195,0.0000000000));
#259=CARTESIAN_POINT('',(5.2931752131,-17.6354347243,0.0000000000));

#260=(
BOUNDED_CURVE()
B_SPLINE_CURVE(1,(#261,#262),.UNSPECIFIED.,.F.,.F.)
B_SPLINE_CURVE_WITH_KNOTS((2,2),(0.000,1.000),.UNSPECIFIED.)
CURVE()
GEOMETRIC_REPRESENTATION_ITEM()
RATIONAL_B_SPLINE_CURVE((1.0000000000,1.0000000000))
REPRESENTATION_ITEM('')
);
#261=CARTESIAN_POINT('',(5.2931752131,-17.6354347243,0.0000000000));
#262=CARTESIAN_POINT('',(5.2749041424,-17.6377039195,0.0000000000));

#263=(
BOUNDED_CURVE()
B_SPLINE_CURVE(1,(#264,#265),.UNSPECIFIED.,.F.,.F.)
B_SPLINE_CURVE_WITH_KNOTS((2,2),(0.000,1.000),.UNSPECIFIED.)
CURVE()
GEOMETRIC_REPRESENTATION_ITEM()
RATIONAL_B_SPLINE_CURVE((1.0000000000,1.0000000000))
REPRESENTATION_ITEM('')
);
#264=CARTESIAN_POINT('',(5.2749041424,-17.6377039195,0.0000000000));
#265=CARTESIAN_POINT('',(5.2576106109,-17.6443900989,0.0000000000));

#266=(
BOUNDED_CURVE()
B_SPLINE_CURVE(1,(#267,#268),.UNSPECIFIED.,.F.,.F.)
B_SPLINE_CURVE_WITH_KNOTS((2,2),(0.000,1.000),.UNSPECIFIED.)
CURVE()
GEOMETRIC_REPRESENTATION_ITEM()
RATIONAL_B_SPLINE_CURVE((1.0000000000,1.0000000000))
REPRESENTATION_ITEM('')
);
#267=CARTESIAN_POINT('',(5.2576106109,-17.6443900989,0.0000000000));
#268=CARTESIAN_POINT('',(5.2422198575,-17.6551355381,0.0000000000));

#269=(
BOUNDED_CURVE()
B_SPLINE_CURVE(1,(#270,#271),.UNSPECIFIED.,.F.,.F.)
B_SPLINE_CURVE_WITH_KNOTS((2,2),(0.000,1.000),.UNSPECIFIED.)
CURVE()
GEOMETRIC_REPRESENTATION_ITEM()
RATIONAL_B_SPLINE_CURVE((1.0000000000,1.0000000000))
REPRESENTATION_ITEM('')
);
#270=CARTESIAN_POINT('',(5.2422198575,-17.6551355381,0.0000000000));
#271=CARTESIAN_POINT('',(5.2295553187,-17.6693653346,0.0000000000));

#272=(
BOUNDED_CURVE()
B_SPLINE_CURVE(1,(#273,#274),.UNSPECIFIED.,.F.,.F.)
B_SPLINE_CURVE_WITH_KNOTS((2,2),(0.000,1.000),.UNSPECIFIED.)
CURVE()
GEOMETRIC_REPRESENTATION_ITEM()
RATIONAL_B_SPLINE_CURVE((1.0000000000,1.0000000000))
REPRESENTATION_ITEM('')
);
#273=CARTESIAN_POINT('',(5.2295553187,-17.6693653346,0.0000000000));
#274=CARTESIAN_POINT('',(5.2020371867,-17.7335854106,0.0000000000));

#275=(
BOUNDED_CURVE()
B_SPLINE_CURVE(1,(#276,#277),.UNSPECIFIED.,.F.,.F.)
B_SPLINE_CURVE_WITH_KNOTS((2,2),(0.000,1.000),.UNSPECIFIED.)
CURVE()
GEOMETRIC_REPRESENTATION_ITEM()
RATIONAL_B_SPLINE_CURVE((1.0000000000,1.0000000000))
REPRESENTATION_ITEM('')
);
#276=CARTESIAN_POINT('',(5.2020371867,-17.7335854106,0.0000000000));
#277=CARTESIAN_POINT('',(5.1820814377,-17.8009107269,0.0000000000));

#278=(
BOUNDED_CURVE()
B_SPLINE_CURVE(1,(#279,#280),.UNSPECIFIED.,.F.,.F.)
B_SPLINE_CURVE_WITH_KNOTS((2,2),(0.000,1.000),.UNSPECIFIED.)
CURVE()
GEOMETRIC_REPRESENTATION_ITEM()
RATIONAL_B_SPLINE_CURVE((1.0000000000,1.0000000000))
REPRESENTATION_ITEM('')
);
#279=CARTESIAN_POINT('',(5.1820814377,-17.8009107269,0.0000000000));
#280=CARTESIAN_POINT('',(5.1699871061,-17.8703324212,0.0000000000));

#281=(
BOUNDED_CURVE()
B_SPLINE_CURVE(1,(#282,#283),.UNSPECIFIED.,.F.,.F.)
B_SPLINE_CURVE_WITH_KNOTS((2,2),(0.000,1.000),.UNSPECIFIED.)
CURVE()
GEOMETRIC_REPRESENTATION_ITEM()
RATIONAL_B_SPLINE_CURVE((1.0000000000,1.0000000000))
REPRESENTATION_ITEM('')
);
#282=CARTESIAN_POINT('',(5.1699871061,-17.8703324212,0.0000000000));
#283=CARTESIAN_POINT('',(5.1659354243,-17.9408102173,0.0000000000));

#284=(
BOUNDED_CURVE()
B_SPLINE_CURVE(1,(#285,#286),.UNSPECIFIED.,.F.,.F.)
B_SPLINE_CURVE_WITH_KNOTS((2,2),(0.000,1.000),.UNSPECIFIED.)
CURVE()
GEOMETRIC_REPRESENTATION_ITEM()
RATIONAL_B_SPLINE_CURVE((1.0000000000,1.0000000000))
REPRESENTATION_ITEM('')
);
#285=CARTESIAN_POINT('',(5.1659354243,-17.9408102173,0.0000000000));
#286=CARTESIAN_POINT('',(5.1699871061,-18.0112880134,0.0000000000));

#287=(
BOUNDED_CURVE()
B_SPLINE_CURVE(1,(#288,#289),.UNSPECIFIED.,.F.,.F.)
B_SPLINE_CURVE_WITH_KNOTS((2,2),(0.000,1.000),.UNSPECIFIED.)
CURVE()
GEOMETRIC_REPRESENTATION_ITEM()
RATIONAL_B_SPLINE_CURVE((1.0000000000,1.0000000000))
REPRESENTATION_ITEM('')
);
#288=CARTESIAN_POINT('',(5.1699871061,-18.0112880134,0.0000000000));
#289=CARTESIAN_POINT('',(5.1820814377,-18.0807097077,0.0000000000));

#290=(
BOUNDED_CURVE()
B_SPLINE_CURVE(1,(#291,#292),.UNSPECIFIED.,.F.,.F.)
B_SPLINE_CURVE_WITH_KNOTS((2,2),(0.000,1.000),.UNSPECIFIED.)
CURVE()
GEOMETRIC_REPRESENTATION_ITEM()
RATIONAL_B_SPLINE_CURVE((1.0000000000,1.0000000000))
REPRESENTATION_ITEM('')
);
#291=CARTESIAN_POINT('',(5.1820814377,-18.0807097077,0.0000000000));
#292=CARTESIAN_POINT('',(5.2020371867,-18.1480350240,0.0000000000));

#293=(
BOUNDED_CURVE()
B_SPLINE_CURVE(1,(#294,#295),.UNSPECIFIED.,.F.,.F.)
B_SPLINE_CURVE_WITH_KNOTS((2,2),(0.000,1.000),.UNSPECIFIED.)
CURVE()
GEOMETRIC_REPRESENTATION_ITEM()
RATIONAL_B_SPLINE_CURVE((1.0000000000,1.0000000000))
REPRESENTATION_ITEM('')
);
#294=CARTESIAN_POINT('',(5.2020371867,-18.1480350240,0.0000000000));
#295=CARTESIAN_POINT('',(5.2295553187,-18.2122551000,0.0000000000));

#296=(
BOUNDED_CURVE()
B_SPLINE_CURVE(1,(#297,#298),.UNSPECIFIED.,.F.,.F.)
B_SPLINE_CURVE_WITH_KNOTS((2,2),(0.000,1.000),.UNSPECIFIED.)
CURVE()
GEOMETRIC_REPRESENTATION_ITEM()
RATIONAL_B_SPLINE_CURVE((1.0000000000,1.0000000000))
REPRESENTATION_ITEM('')
);
#297=CARTESIAN_POINT('',(5.2295553187,-18.2122551000,0.0000000000));
#298=CARTESIAN_POINT('',(5.2422198575,-18.2264848965,0.0000000000));

#299=(
BOUNDED_CURVE()
B_SPLINE_CURVE(1,(#300,#301),.UNSPECIFIED.,.F.,.F.)
B_SPLINE_CURVE_WITH_KNOTS((2,2),(0.000,1.000),.UNSPECIFIED.)
CURVE()
GEOMETRIC_REPRESENTATION_ITEM()
RATIONAL_B_SPLINE_CURVE((1.0000000000,1.0000000000))
REPRESENTATION_ITEM('')
);
#300=CARTESIAN_POINT('',(5.2422198575,-18.2264848965,0.0000000000));
#301=CARTESIAN_POINT('',(5.2576106109,-18.2372303358,0.0000000000));

#302=(
BOUNDED_CURVE()
B_SPLINE_CURVE(1,(#303,#304),.UNSPECIFIED.,.F.,.F.)
B_SPLINE_CURVE_WITH_KNOTS((2,2),(0.000,1.000),.UNSPECIFIED.)
CURVE()
GEOMETRIC_REPRESENTATION_ITEM()
RATIONAL_B_SPLINE_CURVE((1.0000000000,1.0000000000))
REPRESENTATION_ITEM('')
);
#303=CARTESIAN_POINT('',(5.2576106109,-18.2372303358,0.0000000000));
#304=CARTESIAN_POINT('',(5.2749041424,-18.2439165151,0.0000000000));

#305=(
BOUNDED_CURVE()
B_SPLINE_CURVE(1,(#306,#307),.UNSPECIFIED.,.F.,.F.)
B_SPLINE_CURVE_WITH_KNOTS((2,2),(0.000,1.000),.UNSPECIFIED.)
CURVE()
GEOMETRIC_REPRESENTATION_ITEM()
RATIONAL_B_SPLINE_CURVE((1.0000000000,1.0000000000))
REPRESENTATION_ITEM('')
);
#306=CARTESIAN_POINT('',(5.2749041424,-18.2439165151,0.0000000000));
#307=CARTESIAN_POINT('',(5.2931752131,-18.2461857104,0.0000000000));

#308=(
BOUNDED_CURVE()
B_SPLINE_CURVE(1,(#309,#310),.UNSPECIFIED.,.F.,.F.)
B_SPLINE_CURVE_WITH_KNOTS((2,2),(0.000,1.000),.UNSPECIFIED.)
CURVE()
GEOMETRIC_REPRESENTATION_ITEM()
RATIONAL_B_SPLINE_CURVE((1.0000000000,1.0000000000))
REPRESENTATION_ITEM('')
);
#309=CARTESIAN_POINT('',(5.2931752131,-18.2461857104,0.0000000000));
#310=CARTESIAN_POINT('',(5.3114462837,-18.2439165151,0.0000000000));

#311=(
BOUNDED_CURVE()
B_SPLINE_CURVE(1,(#312,#313),.UNSPECIFIED.,.F.,.F.)
B_SPLINE_CURVE_WITH_KNOTS((2,2),(0.000,1.000),.UNSPECIFIED.)
CURVE()
GEOMETRIC_REPRESENTATION_ITEM()
RATIONAL_B_SPLINE_CURVE((1.0000000000,1.0000000000))
REPRESENTATION_ITEM('')
);
#312=CARTESIAN_POINT('',(5.3114462837,-18.2439165151,0.0000000000));
#313=CARTESIAN_POINT('',(5.3287398152,-18.2372303358,0.0000000000));

#314=(
BOUNDED_CURVE()
B_SPLINE_CURVE(1,(#315,#316),.UNSPECIFIED.,.F.,.F.)
B_SPLINE_CURVE_WITH_KNOTS((2,2),(0.000,1.000),.UNSPECIFIED.)
CURVE()
GEOMETRIC_REPRESENTATION_ITEM()
RATIONAL_B_SPLINE_CURVE((1.0000000000,1.0000000000))
REPRESENTATION_ITEM('')
);
#315=CARTESIAN_POINT('',(5.3287398152,-18.2372303358,0.0000000000));
#316=CARTESIAN_POINT('',(5.3441305686,-18.2264848965,0.0000000000));

#317=(
BOUNDED_CURVE()
B_SPLINE_CURVE(1,(#318,#319),.UNSPECIFIED.,.F.,.F.)
B_SPLINE_CURVE_WITH_KNOTS((2,2),(0.000,1.000),.UNSPECIFIED.)
CURVE()
GEOMETRIC_REPRESENTATION_ITEM()
RATIONAL_B_SPLINE_CURVE((1.0000000000,1.0000000000))
REPRESENTATION_ITEM('')
);
#318=CARTESIAN_POINT('',(5.3441305686,-18.2264848965,0.0000000000));
#319=CARTESIAN_POINT('',(5.3567951074,-18.2122551000,0.0000000000));

#320=(
BOUNDED_CURVE()
B_SPLINE_CURVE(1,(#321,#322),.UNSPECIFIED.,.F.,.F.)
B_SPLINE_CURVE_WITH_KNOTS((2,2),(0.000,1.000),.UNSPECIFIED.)
CURVE()
GEOMETRIC_REPRESENTATION_ITEM()
RATIONAL_B_SPLINE_CURVE((1.0000000000,1.0000000000))
REPRESENTATION_ITEM('')
);
#321=CARTESIAN_POINT('',(5.3567951074,-18.2122551000,0.0000000000));
#322=CARTESIAN_POINT('',(5.3843132394,-18.1480350240,0.0000000000));

#323=(
BOUNDED_CURVE()
B_SPLINE_CURVE(1,(#324,#325),.UNSPECIFIED.,.F.,.F.)
B_SPLINE_CURVE_WITH_KNOTS((2,2),(0.000,1.000),.UNSPECIFIED.)
CURVE()
GEOMETRIC_REPRESENTATION_ITEM()
RATIONAL_B_SPLINE_CURVE((1.0000000000,1.0000000000))
REPRESENTATION_ITEM('')
);
#324=CARTESIAN_POINT('',(5.3843132394,-18.1480350240,0.0000000000));
#325=CARTESIAN_POINT('',(5.4042689884,-18.0807097077,0.0000000000));

#326=(
BOUNDED_CURVE()
B_SPLINE_CURVE(1,(#327,#328),.UNSPECIFIED.,.F.,.F.)
B_SPLINE_CURVE_WITH_KNOTS((2,2),(0.000,1.000),.UNSPECIFIED.)
CURVE()
GEOMETRIC_REPRESENTATION_ITEM()
RATIONAL_B_SPLINE_CURVE((1.0000000000,1.0000000000))
REPRESENTATION_ITEM('')
);
#327=CARTESIAN_POINT('',(5.4042689884,-18.0807097077,0.0000000000));
#328=CARTESIAN_POINT('',(5.4163633200,-18.0112880134,0.0000000000));

#329=(
BOUNDED_CURVE()
B_SPLINE_CURVE(1,(#330,#331),.UNSPECIFIED.,.F.,.F.)
B_SPLINE_CURVE_WITH_KNOTS((2,2),(0.000,1.000),.UNSPECIFIED.)
CURVE()
GEOMETRIC_REPRESENTATION_ITEM()
RATIONAL_B_SPLINE_CURVE((1.0000000000,1.0000000000))
REPRESENTATION_ITEM('')
);
#330=CARTESIAN_POINT('',(5.4163633200,-18.0112880134,0.0000000000));
#331=CARTESIAN_POINT('',(5.4204150018,-17.9408102173,0.0000000000));

#332=(
BOUNDED_CURVE()
B_SPLINE_CURVE(1,(#333,#334),.UNSPECIFIED.,.F.,.F.)
B_SPLINE_CURVE_WITH_KNOTS((2,2),(0.000,1.000),.UNSPECIFIED.)
CURVE()
GEOMETRIC_REPRESENTATION_ITEM()
RATIONAL_B_SPLINE_CURVE((1.0000000000,1.0000000000))
REPRESENTATION_ITEM('')
);
#333=CARTESIAN_POINT('',(5.4204150018,-17.9408102173,0.0000000000));
#334=CARTESIAN_POINT('',(5.4163633200,-17.8703324212,0.0000000000));

#335=(
BOUNDED_CURVE()
B_SPLINE_CURVE(1,(#336,#337),.UNSPECIFIED.,.F.,.F.)
B_SPLINE_CURVE_WITH_KNOTS((2,2),(0.000,1.000),.UNSPECIFIED.)
CURVE()
GEOMETRIC_REPRESENTATION_ITEM()
RATIONAL_B_SPLINE_CURVE((1.0000000000,1.0000000000))
REPRESENTATION_ITEM('')
);
#336=CARTESIAN_POINT('',(5.4163633200,-17.8703324212,0.0000000000));
#337=CARTESIAN_POINT('',(5.4042689884,-17.8009107269,0.0000000000));

#338=(
BOUNDED_CURVE()
B_SPLINE_CURVE(1,(#339,#340),.UNSPECIFIED.,.F.,.F.)
B_SPLINE_CURVE_WITH_KNOTS((2,2),(0.000,1.000),.UNSPECIFIED.)
CURVE()
GEOMETRIC_REPRESENTATION_ITEM()
RATIONAL_B_SPLINE_CURVE((1.0000000000,1.0000000000))
REPRESENTATION_ITEM('')
);
#339=CARTESIAN_POINT('',(5.4042689884,-17.8009107269,0.0000000000));
#340=CARTESIAN_POINT('',(5.3843132394,-17.7335854106,0.0000000000));

#341=(
BOUNDED_CURVE()
B_SPLINE_CURVE(1,(#342,#343),.UNSPECIFIED.,.F.,.F.)
B_SPLINE_CURVE_WITH_KNOTS((2,2),(0.000,1.000),.UNSPECIFIED.)
CURVE()
GEOMETRIC_REPRESENTATION_ITEM()
RATIONAL_B_SPLINE_CURVE((1.0000000000,1.0000000000))
REPRESENTATION_ITEM('')
);
#342=CARTESIAN_POINT('',(5.3843132394,-17.7335854106,0.0000000000));
#343=CARTESIAN_POINT('',(5.3567951074,-17.6693653346,0.0000000000));

#344=(
BOUNDED_CURVE()
B_SPLINE_CURVE(1,(#345,#346),.UNSPECIFIED.,.F.,.F.)
B_SPLINE_CURVE_WITH_KNOTS((2,2),(0.000,1.000),.UNSPECIFIED.)
CURVE()
GEOMETRIC_REPRESENTATION_ITEM()
RATIONAL_B_SPLINE_CURVE((1.0000000000,1.0000000000))
REPRESENTATION_ITEM('')
);
#345=CARTESIAN_POINT('',(5.8148583470,-17.6693653346,0.0000000000));
#346=CARTESIAN_POINT('',(5.8021938082,-17.6551355381,0.0000000000));

#347=(
BOUNDED_CURVE()
B_SPLINE_CURVE(1,(#348,#349),.UNSPECIFIED.,.F.,.F.)
B_SPLINE_CURVE_WITH_KNOTS((2,2),(0.000,1.000),.UNSPECIFIED.)
CURVE()
GEOMETRIC_REPRESENTATION_ITEM()
RATIONAL_B_SPLINE_CURVE((1.0000000000,1.0000000000))
REPRESENTATION_ITEM('')
);
#348=CARTESIAN_POINT('',(5.8021938082,-17.6551355381,0.0000000000));
#349=CARTESIAN_POINT('',(5.7868030548,-17.6443900989,0.0000000000));

#350=(
BOUNDED_CURVE()
B_SPLINE_CURVE(1,(#351,#352),.UNSPECIFIED.,.F.,.F.)
B_SPLINE_CURVE_WITH_KNOTS((2,2),(0.000,1.000),.UNSPECIFIED.)
CURVE()
GEOMETRIC_REPRESENTATION_ITEM()
RATIONAL_B_SPLINE_CURVE((1.0000000000,1.0000000000))
REPRESENTATION_ITEM('')
);
#351=CARTESIAN_POINT('',(5.7868030548,-17.6443900989,0.0000000000));
#352=CARTESIAN_POINT('',(5.7695095233,-17.6377039195,0.0000000000));

#353=(
BOUNDED_CURVE()
B_SPLINE_CURVE(1,(#354,#355),.UNSPECIFIED.,.F.,.F.)
B_SPLINE_CURVE_WITH_KNOTS((2,2),(0.000,1.000),.UNSPECIFIED.)
CURVE()
GEOMETRIC_REPRESENTATION_ITEM()
RATIONAL_B_SPLINE_CURVE((1.0000000000,1.0000000000))
REPRESENTATION_ITEM('')
);
#354=CARTESIAN_POINT('',(5.7695095233,-17.6377039195,0.0000000000));
#355=CARTESIAN_POINT('',(5.7512384526,-17.6354347243,0.0000000000));

#356=(
BOUNDED_CURVE()
B_SPLINE_CURVE(1,(#357,#358),.UNSPECIFIED.,.F.,.F.)
B_SPLINE_CURVE_WITH_KNOTS((2,2),(0.000,1.000),.UNSPECIFIED.)
CURVE()
GEOMETRIC_REPRESENTATION_ITEM()
RATIONAL_B_SPLINE_CURVE((1.0000000000,1.0000000000))
REPRESENTATION_ITEM('')
);
#357=CARTESIAN_POINT('',(5.7512384526,-17.6354347243,0.0000000000));
#358=CARTESIAN_POINT('',(5.7329673820,-17.6377039195,0.0000000000));

#359=(
BOUNDED_CURVE()
B_SPLINE_CURVE(1,(#360,#361),.UNSPECIFIED.,.F.,.F.)
B_SPLINE_CURVE_WITH_KNOTS((2,2),(0.000,1.000),.UNSPECIFIED.)
CURVE()
GEOMETRIC_REPRESENTATION_ITEM()
RATIONAL_B_SPLINE_CURVE((1.0000000000,1.0000000000))
REPRESENTATION_ITEM('')
);
#360=CARTESIAN_POINT('',(5.7329673820,-17.6377039195,0.0000000000));
#361=CARTESIAN_POINT('',(5.7156738505,-17.6443900989,0.0000000000));

#362=(
BOUNDED_CURVE()
B_SPLINE_CURVE(1,(#363,#364),.UNSPECIFIED.,.F.,.F.)
B_SPLINE_CURVE_WITH_KNOTS((2,2),(0.000,1.000),.UNSPECIFIED.)
CURVE()
GEOMETRIC_REPRESENTATION_ITEM()
RATIONAL_B_SPLINE_CURVE((1.0000000000,1.0000000000))
REPRESENTATION_ITEM('')
);
#363=CARTESIAN_POINT('',(5.7156738505,-17.6443900989,0.0000000000));
#364=CARTESIAN_POINT('',(5.7002830971,-17.6551355381,0.0000000000));

#365=(
BOUNDED_CURVE()
B_SPLINE_CURVE(1,(#366,#367),.UNSPECIFIED.,.F.,.F.)
B_SPLINE_CURVE_WITH_KNOTS((2,2),(0.000,1.000),.UNSPECIFIED.)
CURVE()
GEOMETRIC_REPRESENTATION_ITEM()
RATIONAL_B_SPLINE_CURVE((1.0000000000,1.0000000000))
REPRESENTATION_ITEM('')
);
#366=CARTESIAN_POINT('',(5.7002830971,-17.6551355381,0.0000000000));
#367=CARTESIAN_POINT('',(5.6876185583,-17.6693653346,0.0000000000));

#368=(
BOUNDED_CURVE()
B_SPLINE_CURVE(1,(#369,#370),.UNSPECIFIED.,.F.,.F.)
B_SPLINE_CURVE_WITH_KNOTS((2,2),(0.000,1.000),.UNSPECIFIED.)
CURVE()
GEOMETRIC_REPRESENTATION_ITEM()
RATIONAL_B_SPLINE_CURVE((1.0000000000,1.0000000000))
REPRESENTATION_ITEM('')
);
#369=CARTESIAN_POINT('',(5.6876185583,-17.6693653346,0.0000000000));
#370=CARTESIAN_POINT('',(5.6601004263,-17.7335854106,0.0000000000));

#371=(
BOUNDED_CURVE()
B_SPLINE_CURVE(1,(#372,#373),.UNSPECIFIED.,.F.,.F.)
B_SPLINE_CURVE_WITH_KNOTS((2,2),(0.000,1.000),.UNSPECIFIED.)
CURVE()
GEOMETRIC_REPRESENTATION_ITEM()
RATIONAL_B_SPLINE_CURVE((1.0000000000,1.0000000000))
REPRESENTATION_ITEM('')
);
#372=CARTESIAN_POINT('',(5.6601004263,-17.7335854106,0.0000000000));
#373=CARTESIAN_POINT('',(5.6401446773,-17.8009107269,0.0000000000));

#374=(
BOUNDED_CURVE()
B_SPLINE_CURVE(1,(#375,#376),.UNSPECIFIED.,.F.,.F.)
B_SPLINE_CURVE_WITH_KNOTS((2,2),(0.000,1.000),.UNSPECIFIED.)
CURVE()
GEOMETRIC_REPRESENTATION_ITEM()
RATIONAL_B_SPLINE_CURVE((1.0000000000,1.0000000000))
REPRESENTATION_ITEM('')
);
#375=CARTESIAN_POINT('',(5.6401446773,-17.8009107269,0.0000000000));
#376=CARTESIAN_POINT('',(5.6280503457,-17.8703324212,0.0000000000));

#377=(
BOUNDED_CURVE()
B_SPLINE_CURVE(1,(#378,#379),.UNSPECIFIED.,.F.,.F.)
B_SPLINE_CURVE_WITH_KNOTS((2,2),(0.000,1.000),.UNSPECIFIED.)
CURVE()
GEOMETRIC_REPRESENTATION_ITEM()
RATIONAL_B_SPLINE_CURVE((1.0000000000,1.0000000000))
REPRESENTATION_ITEM('')
);
#378=CARTESIAN_POINT('',(5.6280503457,-17.8703324212,0.0000000000));
#379=CARTESIAN_POINT('',(5.6239986639,-17.9408102173,0.0000000000));

#380=(
BOUNDED_CURVE()
B_SPLINE_CURVE(1,(#381,#382),.UNSPECIFIED.,.F.,.F.)
B_SPLINE_CURVE_WITH_KNOTS((2,2),(0.000,1.000),.UNSPECIFIED.)
CURVE()
GEOMETRIC_REPRESENTATION_ITEM()
RATIONAL_B_SPLINE_CURVE((1.0000000000,1.0000000000))
REPRESENTATION_ITEM('')
);
#381=CARTESIAN_POINT('',(5.6239986639,-17.9408102173,0.0000000000));
#382=CARTESIAN_POINT('',(5.6280503457,-18.0112880134,0.0000000000));

#383=(
BOUNDED_CURVE()
B_SPLINE_CURVE(1,(#384,#385),.UNSPECIFIED.,.F.,.F.)
B_SPLINE_CURVE_WITH_KNOTS((2,2),(0.000,1.000),.UNSPECIFIED.)
CURVE()
GEOMETRIC_REPRESENTATION_ITEM()
RATIONAL_B_SPLINE_CURVE((1.0000000000,1.0000000000))
REPRESENTATION_ITEM('')
);
#384=CARTESIAN_POINT('',(5.6280503457,-18.0112880134,0.0000000000));
#385=CARTESIAN_POINT('',(5.6401446773,-18.0807097077,0.0000000000));

#386=(
BOUNDED_CURVE()
B_SPLINE_CURVE(1,(#387,#388),.UNSPECIFIED.,.F.,.F.)
B_SPLINE_CURVE_WITH_KNOTS((2,2),(0.000,1.000),.UNSPECIFIED.)
CURVE()
GEOMETRIC_REPRESENTATION_ITEM()
RATIONAL_B_SPLINE_CURVE((1.0000000000,1.0000000000))
REPRESENTATION_ITEM('')
);
#387=CARTESIAN_POINT('',(5.6401446773,-18.0807097077,0.0000000000));
#388=CARTESIAN_POINT('',(5.6601004263,-18.1480350240,0.0000000000));

#389=(
BOUNDED_CURVE()
B_SPLINE_CURVE(1,(#390,#391),.UNSPECIFIED.,.F.,.F.)
B_SPLINE_CURVE_WITH_KNOTS((2,2),(0.000,1.000),.UNSPECIFIED.)
CURVE()
GEOMETRIC_REPRESENTATION_ITEM()
RATIONAL_B_SPLINE_CURVE((1.0000000000,1.0000000000))
REPRESENTATION_ITEM('')
);
#390=CARTESIAN_POINT('',(5.6601004263,-18.1480350240,0.0000000000));
#391=CARTESIAN_POINT('',(5.6876185583,-18.2122551000,0.0000000000));

#392=(
BOUNDED_CURVE()
B_SPLINE_CURVE(1,(#393,#394),.UNSPECIFIED.,.F.,.F.)
B_SPLINE_CURVE_WITH_KNOTS((2,2),(0.000,1.000),.UNSPECIFIED.)
CURVE()
GEOMETRIC_REPRESENTATION_ITEM()
RATIONAL_B_SPLINE_CURVE((1.0000000000,1.0000000000))
REPRESENTATION_ITEM('')
);
#393=CARTESIAN_POINT('',(5.6876185583,-18.2122551000,0.0000000000));
#394=CARTESIAN_POINT('',(5.7002830971,-18.2264848965,0.0000000000));

#395=(
BOUNDED_CURVE()
B_SPLINE_CURVE(1,(#396,#397),.UNSPECIFIED.,.F.,.F.)
B_SPLINE_CURVE_WITH_KNOTS((2,2),(0.000,1.000),.UNSPECIFIED.)
CURVE()
GEOMETRIC_REPRESENTATION_ITEM()
RATIONAL_B_SPLINE_CURVE((1.0000000000,1.0000000000))
REPRESENTATION_ITEM('')
);
#396=CARTESIAN_POINT('',(5.7002830971,-18.2264848965,0.0000000000));
#397=CARTESIAN_POINT('',(5.7156738505,-18.2372303358,0.0000000000));

#398=(
BOUNDED_CURVE()
B_SPLINE_CURVE(1,(#399,#400),.UNSPECIFIED.,.F.,.F.)
B_SPLINE_CURVE_WITH_KNOTS((2,2),(0.000,1.000),.UNSPECIFIED.)
CURVE()
GEOMETRIC_REPRESENTATION_ITEM()
RATIONAL_B_SPLINE_CURVE((1.0000000000,1.0000000000))
REPRESENTATION_ITEM('')
);
#399=CARTESIAN_POINT('',(5.7156738505,-18.2372303358,0.0000000000));
#400=CARTESIAN_POINT('',(5.7329673820,-18.2439165151,0.0000000000));

#401=(
BOUNDED_CURVE()
B_SPLINE_CURVE(1,(#402,#403),.UNSPECIFIED.,.F.,.F.)
B_SPLINE_CURVE_WITH_KNOTS((2,2),(0.000,1.000),.UNSPECIFIED.)
CURVE()
GEOMETRIC_REPRESENTATION_ITEM()
RATIONAL_B_SPLINE_CURVE((1.0000000000,1.0000000000))
REPRESENTATION_ITEM('')
);
#402=CARTESIAN_POINT('',(5.7329673820,-18.2439165151,0.0000000000));
#403=CARTESIAN_POINT('',(5.7512384526,-18.2461857104,0.0000000000));

#404=(
BOUNDED_CURVE()
B_SPLINE_CURVE(1,(#405,#406),.UNSPECIFIED.,.F.,.F.)
B_SPLINE_CURVE_WITH_KNOTS((2,2),(0.000,1.000),.UNSPECIFIED.)
CURVE()
GEOMETRIC_REPRESENTATION_ITEM()
RATIONAL_B_SPLINE_CURVE((1.0000000000,1.0000000000))
REPRESENTATION_ITEM('')
);
#405=CARTESIAN_POINT('',(5.7512384526,-18.2461857104,0.0000000000));
#406=CARTESIAN_POINT('',(5.7695095233,-18.2439165151,0.0000000000));

#407=(
BOUNDED_CURVE()
B_SPLINE_CURVE(1,(#408,#409),.UNSPECIFIED.,.F.,.F.)
B_SPLINE_CURVE_WITH_KNOTS((2,2),(0.000,1.000),.UNSPECIFIED.)
CURVE()
GEOMETRIC_REPRESENTATION_ITEM()
RATIONAL_B_SPLINE_CURVE((1.0000000000,1.0000000000))
REPRESENTATION_ITEM('')
);
#408=CARTESIAN_POINT('',(5.7695095233,-18.2439165151,0.0000000000));
#409=CARTESIAN_POINT('',(5.7868030548,-18.2372303358,0.0000000000));

#410=(
BOUNDED_CURVE()
B_SPLINE_CURVE(1,(#411,#412),.UNSPECIFIED.,.F.,.F.)
B_SPLINE_CURVE_WITH_KNOTS((2,2),(0.000,1.000),.UNSPECIFIED.)
CURVE()
GEOMETRIC_REPRESENTATION_ITEM()
RATIONAL_B_SPLINE_CURVE((1.0000000000,1.0000000000))
REPRESENTATION_ITEM('')
);
#411=CARTESIAN_POINT('',(5.7868030548,-18.2372303358,0.0000000000));
#412=CARTESIAN_POINT('',(5.8021938082,-18.2264848965,0.0000000000));

#413=(
BOUNDED_CURVE()
B_SPLINE_CURVE(1,(#414,#415),.UNSPECIFIED.,.F.,.F.)
B_SPLINE_CURVE_WITH_KNOTS((2,2),(0.000,1.000),.UNSPECIFIED.)
CURVE()
GEOMETRIC_REPRESENTATION_ITEM()
RATIONAL_B_SPLINE_CURVE((1.0000000000,1.0000000000))
REPRESENTATION_ITEM('')
);
#414=CARTESIAN_POINT('',(5.8021938082,-18.2264848965,0.0000000000));
#415=CARTESIAN_POINT('',(5.8148583470,-18.2122551000,0.0000000000));

#416=(
BOUNDED_CURVE()
B_SPLINE_CURVE(1,(#417,#418),.UNSPECIFIED.,.F.,.F.)
B_SPLINE_CURVE_WITH_KNOTS((2,2),(0.000,1.000),.UNSPECIFIED.)
CURVE()
GEOMETRIC_REPRESENTATION_ITEM()
RATIONAL_B_SPLINE_CURVE((1.0000000000,1.0000000000))
REPRESENTATION_ITEM('')
);
#417=CARTESIAN_POINT('',(5.8148583470,-18.2122551000,0.0000000000));
#418=CARTESIAN_POINT('',(5.8423764790,-18.1480350240,0.0000000000));

#419=(
BOUNDED_CURVE()
B_SPLINE_CURVE(1,(#420,#421),.UNSPECIFIED.,.F.,.F.)
B_SPLINE_CURVE_WITH_KNOTS((2,2),(0.000,1.000),.UNSPECIFIED.)
CURVE()
GEOMETRIC_REPRESENTATION_ITEM()
RATIONAL_B_SPLINE_CURVE((1.0000000000,1.0000000000))
REPRESENTATION_ITEM('')
);
#420=CARTESIAN_POINT('',(5.8423764790,-18.1480350240,0.0000000000));
#421=CARTESIAN_POINT('',(5.8623322280,-18.0807097077,0.0000000000));

#422=(
BOUNDED_CURVE()
B_SPLINE_CURVE(1,(#423,#424),.UNSPECIFIED.,.F.,.F.)
B_SPLINE_CURVE_WITH_KNOTS((2,2),(0.000,1.000),.UNSPECIFIED.)
CURVE()
GEOMETRIC_REPRESENTATION_ITEM()
RATIONAL_B_SPLINE_CURVE((1.0000000000,1.0000000000))
REPRESENTATION_ITEM('')
);
#423=CARTESIAN_POINT('',(5.8623322280,-18.0807097077,0.0000000000));
#424=CARTESIAN_POINT('',(5.8744265596,-18.0112880134,0.0000000000));

#425=(
BOUNDED_CURVE()
B_SPLINE_CURVE(1,(#426,#427),.UNSPECIFIED.,.F.,.F.)
B_SPLINE_CURVE_WITH_KNOTS((2,2),(0.000,1.000),.UNSPECIFIED.)
CURVE()
GEOMETRIC_REPRESENTATION_ITEM()
RATIONAL_B_SPLINE_CURVE((1.0000000000,1.0000000000))
REPRESENTATION_ITEM('')
);
#426=CARTESIAN_POINT('',(5.8744265596,-18.0112880134,0.0000000000));
#427=CARTESIAN_POINT('',(5.8784782414,-17.9408102173,0.0000000000));

#428=(
BOUNDED_CURVE()
B_SPLINE_CURVE(1,(#429,#430),.UNSPECIFIED.,.F.,.F.)
B_SPLINE_CURVE_WITH_KNOTS((2,2),(0.000,1.000),.UNSPECIFIED.)
CURVE()
GEOMETRIC_REPRESENTATION_ITEM()
RATIONAL_B_SPLINE_CURVE((1.0000000000,1.0000000000))
REPRESENTATION_ITEM('')
);
#429=CARTESIAN_POINT('',(5.8784782414,-17.9408102173,0.0000000000));
#430=CARTESIAN_POINT('',(5.8744265596,-17.8703324212,0.0000000000));

#431=(
BOUNDED_CURVE()
B_SPLINE_CURVE(1,(#432,#433),.UNSPECIFIED.,.F.,.F.)
B_SPLINE_CURVE_WITH_KNOTS((2,2),(0.000,1.000),.UNSPECIFIED.)
CURVE()
GEOMETRIC_REPRESENTATION_ITEM()
RATIONAL_B_SPLINE_CURVE((1.0000000000,1.0000000000))
REPRESENTATION_ITEM('')
);
#432=CARTESIAN_POINT('',(5.8744265596,-17.8703324212,0.0000000000));
#433=CARTESIAN_POINT('',(5.8623322280,-17.8009107269,0.0000000000));

#434=(
BOUNDED_CURVE()
B_SPLINE_CURVE(1,(#435,#436),.UNSPECIFIED.,.F.,.F.)
B_SPLINE_CURVE_WITH_KNOTS((2,2),(0.000,1.000),.UNSPECIFIED.)
CURVE()
GEOMETRIC_REPRESENTATION_ITEM()
RATIONAL_B_SPLINE_CURVE((1.0000000000,1.0000000000))
REPRESENTATION_ITEM('')
);
#435=CARTESIAN_POINT('',(5.8623322280,-17.8009107269,0.0000000000));
#436=CARTESIAN_POINT('',(5.8423764790,-17.7335854106,0.0000000000));

#437=(
BOUNDED_CURVE()
B_SPLINE_CURVE(1,(#438,#439),.UNSPECIFIED.,.F.,.F.)
B_SPLINE_CURVE_WITH_KNOTS((2,2),(0.000,1.000),.UNSPECIFIED.)
CURVE()
GEOMETRIC_REPRESENTATION_ITEM()
RATIONAL_B_SPLINE_CURVE((1.0000000000,1.0000000000))
REPRESENTATION_ITEM('')
);
#438=CARTESIAN_POINT('',(5.8423764790,-17.7335854106,0.0000000000));
#439=CARTESIAN_POINT('',(5.8148583470,-17.6693653346,0.0000000000));

#440=(
BOUNDED_CURVE()
B_SPLINE_CURVE(1,(#441,#442),.UNSPECIFIED.,.F.,.F.)
B_SPLINE_CURVE_WITH_KNOTS((2,2),(0.000,1.000),.UNSPECIFIED.)
CURVE()
GEOMETRIC_REPRESENTATION_ITEM()
RATIONAL_B_SPLINE_CURVE((1.0000000000,1.0000000000))
REPRESENTATION_ITEM('')
);
#441=CARTESIAN_POINT('',(-39.1262350484,-2.2479029350,0.0000000000));
#442=CARTESIAN_POINT('',(-39.1388995873,-2.2336731386,0.0000000000));

#443=(
BOUNDED_CURVE()
B_SPLINE_CURVE(1,(#444,#445),.UNSPECIFIED.,.F.,.F.)
B_SPLINE_CURVE_WITH_KNOTS((2,2),(0.000,1.000),.UNSPECIFIED.)
CURVE()
GEOMETRIC_REPRESENTATION_ITEM()
RATIONAL_B_SPLINE_CURVE((1.0000000000,1.0000000000))
REPRESENTATION_ITEM('')
);
#444=CARTESIAN_POINT('',(-39.1388995873,-2.2336731386,0.0000000000));
#445=CARTESIAN_POINT('',(-39.1542903406,-2.2229276993,0.0000000000));

#446=(
BOUNDED_CURVE()
B_SPLINE_CURVE(1,(#447,#448),.UNSPECIFIED.,.F.,.F.)
B_SPLINE_CURVE_WITH_KNOTS((2,2),(0.000,1.000),.UNSPECIFIED.)
CURVE()
GEOMETRIC_REPRESENTATION_ITEM()
RATIONAL_B_SPLINE_CURVE((1.0000000000,1.0000000000))
REPRESENTATION_ITEM('')
);
#447=CARTESIAN_POINT('',(-39.1542903406,-2.2229276993,0.0000000000));
#448=CARTESIAN_POINT('',(-39.1715838721,-2.2162415200,0.0000000000));

#449=(
BOUNDED_CURVE()
B_SPLINE_CURVE(1,(#450,#451),.UNSPECIFIED.,.F.,.F.)
B_SPLINE_CURVE_WITH_KNOTS((2,2),(0.000,1.000),.UNSPECIFIED.)
CURVE()
GEOMETRIC_REPRESENTATION_ITEM()
RATIONAL_B_SPLINE_CURVE((1.0000000000,1.0000000000))
REPRESENTATION_ITEM('')
);
#450=CARTESIAN_POINT('',(-39.1715838721,-2.2162415200,0.0000000000));
#451=CARTESIAN_POINT('',(-39.1898549428,-2.2139723247,0.0000000000));

#452=(
BOUNDED_CURVE()
B_SPLINE_CURVE(1,(#453,#454),.UNSPECIFIED.,.F.,.F.)
B_SPLINE_CURVE_WITH_KNOTS((2,2),(0.000,1.000),.UNSPECIFIED.)
CURVE()
GEOMETRIC_REPRESENTATION_ITEM()
RATIONAL_B_SPLINE_CURVE((1.0000000000,1.0000000000))
REPRESENTATION_ITEM('')
);
#453=CARTESIAN_POINT('',(-39.1898549428,-2.2139723247,0.0000000000));
#454=CARTESIAN_POINT('',(-39.2081260135,-2.2162415200,0.0000000000));

#455=(
BOUNDED_CURVE()
B_SPLINE_CURVE(1,(#456,#457),.UNSPECIFIED.,.F.,.F.)
B_SPLINE_CURVE_WITH_KNOTS((2,2),(0.000,1.000),.UNSPECIFIED.)
CURVE()
GEOMETRIC_REPRESENTATION_ITEM()
RATIONAL_B_SPLINE_CURVE((1.0000000000,1.0000000000))
REPRESENTATION_ITEM('')
);
#456=CARTESIAN_POINT('',(-39.2081260135,-2.2162415200,0.0000000000));
#457=CARTESIAN_POINT('',(-39.2254195449,-2.2229276993,0.0000000000));

#458=(
BOUNDED_CURVE()
B_SPLINE_CURVE(1,(#459,#460),.UNSPECIFIED.,.F.,.F.)
B_SPLINE_CURVE_WITH_KNOTS((2,2),(0.000,1.000),.UNSPECIFIED.)
CURVE()
GEOMETRIC_REPRESENTATION_ITEM()
RATIONAL_B_SPLINE_CURVE((1.0000000000,1.0000000000))
REPRESENTATION_ITEM('')
);
#459=CARTESIAN_POINT('',(-39.2254195449,-2.2229276993,0.0000000000));
#460=CARTESIAN_POINT('',(-39.2408102983,-2.2336731386,0.0000000000));

#461=(
BOUNDED_CURVE()
B_SPLINE_CURVE(1,(#462,#463),.UNSPECIFIED.,.F.,.F.)
B_SPLINE_CURVE_WITH_KNOTS((2,2),(0.000,1.000),.UNSPECIFIED.)
CURVE()
GEOMETRIC_REPRESENTATION_ITEM()
RATIONAL_B_SPLINE_CURVE((1.0000000000,1.0000000000))
REPRESENTATION_ITEM('')
);
#462=CARTESIAN_POINT('',(-39.2408102983,-2.2336731386,0.0000000000));
#463=CARTESIAN_POINT('',(-39.2534748372,-2.2479029350,0.0000000000));

#464=(
BOUNDED_CURVE()
B_SPLINE_CURVE(1,(#465,#466),.UNSPECIFIED.,.F.,.F.)
B_SPLINE_CURVE_WITH_KNOTS((2,2),(0.000,1.000),.UNSPECIFIED.)
CURVE()
GEOMETRIC_REPRESENTATION_ITEM()
RATIONAL_B_SPLINE_CURVE((1.0000000000,1.0000000000))
REPRESENTATION_ITEM('')
);
#465=CARTESIAN_POINT('',(-39.2534748372,-2.2479029350,0.0000000000));
#466=CARTESIAN_POINT('',(-39.2809929691,-2.3121230111,0.0000000000));

#467=(
BOUNDED_CURVE()
B_SPLINE_CURVE(1,(#468,#469),.UNSPECIFIED.,.F.,.F.)
B_SPLINE_CURVE_WITH_KNOTS((2,2),(0.000,1.000),.UNSPECIFIED.)
CURVE()
GEOMETRIC_REPRESENTATION_ITEM()
RATIONAL_B_SPLINE_CURVE((1.0000000000,1.0000000000))
REPRESENTATION_ITEM('')
);
#468=CARTESIAN_POINT('',(-39.2809929691,-2.3121230111,0.0000000000));
#469=CARTESIAN_POINT('',(-39.3009487182,-2.3794483274,0.0000000000));

#470=(
BOUNDED_CURVE()
B_SPLINE_CURVE(1,(#471,#472),.UNSPECIFIED.,.F.,.F.)
B_SPLINE_CURVE_WITH_KNOTS((2,2),(0.000,1.000),.UNSPECIFIED.)
CURVE()
GEOMETRIC_REPRESENTATION_ITEM()
RATIONAL_B_SPLINE_CURVE((1.0000000000,1.0000000000))
REPRESENTATION_ITEM('')
);
#471=CARTESIAN_POINT('',(-39.3009487182,-2.3794483274,0.0000000000));
#472=CARTESIAN_POINT('',(-39.3130430497,-2.4488700217,0.0000000000));

#473=(
BOUNDED_CURVE()
B_SPLINE_CURVE(1,(#474,#475),.UNSPECIFIED.,.F.,.F.)
B_SPLINE_CURVE_WITH_KNOTS((2,2),(0.000,1.000),.UNSPECIFIED.)
CURVE()
GEOMETRIC_REPRESENTATION_ITEM()
RATIONAL_B_SPLINE_CURVE((1.0000000000,1.0000000000))
REPRESENTATION_ITEM('')
);
#474=CARTESIAN_POINT('',(-39.3130430497,-2.4488700217,0.0000000000));
#475=CARTESIAN_POINT('',(-39.3170947316,-2.5193478178,0.0000000000));

#476=(
BOUNDED_CURVE()
B_SPLINE_CURVE(1,(#477,#478),.UNSPECIFIED.,.F.,.F.)
B_SPLINE_CURVE_WITH_KNOTS((2,2),(0.000,1.000),.UNSPECIFIED.)
CURVE()
GEOMETRIC_REPRESENTATION_ITEM()
RATIONAL_B_SPLINE_CURVE((1.0000000000,1.0000000000))
REPRESENTATION_ITEM('')
);
#477=CARTESIAN_POINT('',(-39.3170947316,-2.5193478178,0.0000000000));
#478=CARTESIAN_POINT('',(-39.3130430497,-2.5898256138,0.0000000000));

#479=(
BOUNDED_CURVE()
B_SPLINE_CURVE(1,(#480,#481),.UNSPECIFIED.,.F.,.F.)
B_SPLINE_CURVE_WITH_KNOTS((2,2),(0.000,1.000),.UNSPECIFIED.)
CURVE()
GEOMETRIC_REPRESENTATION_ITEM()
RATIONAL_B_SPLINE_CURVE((1.0000000000,1.0000000000))
REPRESENTATION_ITEM('')
);
#480=CARTESIAN_POINT('',(-39.3130430497,-2.5898256138,0.0000000000));
#481=CARTESIAN_POINT('',(-39.3009487182,-2.6592473081,0.0000000000));

#482=(
BOUNDED_CURVE()
B_SPLINE_CURVE(1,(#483,#484),.UNSPECIFIED.,.F.,.F.)
B_SPLINE_CURVE_WITH_KNOTS((2,2),(0.000,1.000),.UNSPECIFIED.)
CURVE()
GEOMETRIC_REPRESENTATION_ITEM()
RATIONAL_B_SPLINE_CURVE((1.0000000000,1.0000000000))
REPRESENTATION_ITEM('')
);
#483=CARTESIAN_POINT('',(-39.3009487182,-2.6592473081,0.0000000000));
#484=CARTESIAN_POINT('',(-39.2809929691,-2.7265726244,0.0000000000));

#485=(
BOUNDED_CURVE()
B_SPLINE_CURVE(1,(#486,#487),.UNSPECIFIED.,.F.,.F.)
B_SPLINE_CURVE_WITH_KNOTS((2,2),(0.000,1.000),.UNSPECIFIED.)
CURVE()
GEOMETRIC_REPRESENTATION_ITEM()
RATIONAL_B_SPLINE_CURVE((1.0000000000,1.0000000000))
REPRESENTATION_ITEM('')
);
#486=CARTESIAN_POINT('',(-39.2809929691,-2.7265726244,0.0000000000));
#487=CARTESIAN_POINT('',(-39.2534748372,-2.7907927005,0.0000000000));

#488=(
BOUNDED_CURVE()
B_SPLINE_CURVE(1,(#489,#490),.UNSPECIFIED.,.F.,.F.)
B_SPLINE_CURVE_WITH_KNOTS((2,2),(0.000,1.000),.UNSPECIFIED.)
CURVE()
GEOMETRIC_REPRESENTATION_ITEM()
RATIONAL_B_SPLINE_CURVE((1.0000000000,1.0000000000))
REPRESENTATION_ITEM('')
);
#489=CARTESIAN_POINT('',(-39.2534748372,-2.7907927005,0.0000000000));
#490=CARTESIAN_POINT('',(-39.2408102983,-2.8050224969,0.0000000000));

#491=(
BOUNDED_CURVE()
B_SPLINE_CURVE(1,(#492,#493),.UNSPECIFIED.,.F.,.F.)
B_SPLINE_CURVE_WITH_KNOTS((2,2),(0.000,1.000),.UNSPECIFIED.)
CURVE()
GEOMETRIC_REPRESENTATION_ITEM()
RATIONAL_B_SPLINE_CURVE((1.0000000000,1.0000000000))
REPRESENTATION_ITEM('')
);
#492=CARTESIAN_POINT('',(-39.2408102983,-2.8050224969,0.0000000000));
#493=CARTESIAN_POINT('',(-39.2254195449,-2.8157679362,0.0000000000));

#494=(
BOUNDED_CURVE()
B_SPLINE_CURVE(1,(#495,#496),.UNSPECIFIED.,.F.,.F.)
B_SPLINE_CURVE_WITH_KNOTS((2,2),(0.000,1.000),.UNSPECIFIED.)
CURVE()
GEOMETRIC_REPRESENTATION_ITEM()
RATIONAL_B_SPLINE_CURVE((1.0000000000,1.0000000000))
REPRESENTATION_ITEM('')
);
#495=CARTESIAN_POINT('',(-39.2254195449,-2.8157679362,0.0000000000));
#496=CARTESIAN_POINT('',(-39.2081260135,-2.8224541155,0.0000000000));

#497=(
BOUNDED_CURVE()
B_SPLINE_CURVE(1,(#498,#499),.UNSPECIFIED.,.F.,.F.)
B_SPLINE_CURVE_WITH_KNOTS((2,2),(0.000,1.000),.UNSPECIFIED.)
CURVE()
GEOMETRIC_REPRESENTATION_ITEM()
RATIONAL_B_SPLINE_CURVE((1.0000000000,1.0000000000))
REPRESENTATION_ITEM('')
);
#498=CARTESIAN_POINT('',(-39.2081260135,-2.8224541155,0.0000000000));
#499=CARTESIAN_POINT('',(-39.1898549428,-2.8247233108,0.0000000000));

#500=(
BOUNDED_CURVE()
B_SPLINE_CURVE(1,(#501,#502),.UNSPECIFIED.,.F.,.F.)
B_SPLINE_CURVE_WITH_KNOTS((2,2),(0.000,1.000),.UNSPECIFIED.)
CURVE()
GEOMETRIC_REPRESENTATION_ITEM()
RATIONAL_B_SPLINE_CURVE((1.0000000000,1.0000000000))
REPRESENTATION_ITEM('')
);
#501=CARTESIAN_POINT('',(-39.1898549428,-2.8247233108,0.0000000000));
#502=CARTESIAN_POINT('',(-39.1715838721,-2.8224541155,0.0000000000));

#503=(
BOUNDED_CURVE()
B_SPLINE_CURVE(1,(#504,#505),.UNSPECIFIED.,.F.,.F.)
B_SPLINE_CURVE_WITH_KNOTS((2,2),(0.000,1.000),.UNSPECIFIED.)
CURVE()
GEOMETRIC_REPRESENTATION_ITEM()
RATIONAL_B_SPLINE_CURVE((1.0000000000,1.0000000000))
REPRESENTATION_ITEM('')
);
#504=CARTESIAN_POINT('',(-39.1715838721,-2.8224541155,0.0000000000));
#505=CARTESIAN_POINT('',(-39.1542903406,-2.8157679362,0.0000000000));

#506=(
BOUNDED_CURVE()
B_SPLINE_CURVE(1,(#507,#508),.UNSPECIFIED.,.F.,.F.)
B_SPLINE_CURVE_WITH_KNOTS((2,2),(0.000,1.000),.UNSPECIFIED.)
CURVE()
GEOMETRIC_REPRESENTATION_ITEM()
RATIONAL_B_SPLINE_CURVE((1.0000000000,1.0000000000))
REPRESENTATION_ITEM('')
);
#507=CARTESIAN_POINT('',(-39.1542903406,-2.8157679362,0.0000000000));
#508=CARTESIAN_POINT('',(-39.1388995873,-2.8050224969,0.0000000000));

#509=(
BOUNDED_CURVE()
B_SPLINE_CURVE(1,(#510,#511),.UNSPECIFIED.,.F.,.F.)
B_SPLINE_CURVE_WITH_KNOTS((2,2),(0.000,1.000),.UNSPECIFIED.)
CURVE()
GEOMETRIC_REPRESENTATION_ITEM()
RATIONAL_B_SPLINE_CURVE((1.0000000000,1.0000000000))
REPRESENTATION_ITEM('')
);
#510=CARTESIAN_POINT('',(-39.1388995873,-2.8050224969,0.0000000000));
#511=CARTESIAN_POINT('',(-39.1262350484,-2.7907927005,0.0000000000));

#512=(
BOUNDED_CURVE()
B_SPLINE_CURVE(1,(#513,#514),.UNSPECIFIED.,.F.,.F.)
B_SPLINE_CURVE_WITH_KNOTS((2,2),(0.000,1.000),.UNSPECIFIED.)
CURVE()
GEOMETRIC_REPRESENTATION_ITEM()
RATIONAL_B_SPLINE_CURVE((1.0000000000,1.0000000000))
REPRESENTATION_ITEM('')
);
#513=CARTESIAN_POINT('',(-39.1262350484,-2.7907927005,0.0000000000));
#514=CARTESIAN_POINT('',(-39.0987169165,-2.7265726244,0.0000000000));

#515=(
BOUNDED_CURVE()
B_SPLINE_CURVE(1,(#516,#517),.UNSPECIFIED.,.F.,.F.)
B_SPLINE_CURVE_WITH_KNOTS((2,2),(0.000,1.000),.UNSPECIFIED.)
CURVE()
GEOMETRIC_REPRESENTATION_ITEM()
RATIONAL_B_SPLINE_CURVE((1.0000000000,1.0000000000))
REPRESENTATION_ITEM('')
);
#516=CARTESIAN_POINT('',(-39.0987169165,-2.7265726244,0.0000000000));
#517=CARTESIAN_POINT('',(-39.0787611674,-2.6592473081,0.0000000000));

#518=(
BOUNDED_CURVE()
B_SPLINE_CURVE(1,(#519,#520),.UNSPECIFIED.,.F.,.F.)
B_SPLINE_CURVE_WITH_KNOTS((2,2),(0.000,1.000),.UNSPECIFIED.)
CURVE()
GEOMETRIC_REPRESENTATION_ITEM()
RATIONAL_B_SPLINE_CURVE((1.0000000000,1.0000000000))
REPRESENTATION_ITEM('')
);
#519=CARTESIAN_POINT('',(-39.0787611674,-2.6592473081,0.0000000000));
#520=CARTESIAN_POINT('',(-39.0666668359,-2.5898256138,0.0000000000));

#521=(
BOUNDED_CURVE()
B_SPLINE_CURVE(1,(#522,#523),.UNSPECIFIED.,.F.,.F.)
B_SPLINE_CURVE_WITH_KNOTS((2,2),(0.000,1.000),.UNSPECIFIED.)
CURVE()
GEOMETRIC_REPRESENTATION_ITEM()
RATIONAL_B_SPLINE_CURVE((1.0000000000,1.0000000000))
REPRESENTATION_ITEM('')
);
#522=CARTESIAN_POINT('',(-39.0666668359,-2.5898256138,0.0000000000));
#523=CARTESIAN_POINT('',(-39.0626151540,-2.5193478178,0.0000000000));

#524=(
BOUNDED_CURVE()
B_SPLINE_CURVE(1,(#525,#526),.UNSPECIFIED.,.F.,.F.)
B_SPLINE_CURVE_WITH_KNOTS((2,2),(0.000,1.000),.UNSPECIFIED.)
CURVE()
GEOMETRIC_REPRESENTATION_ITEM()
RATIONAL_B_SPLINE_CURVE((1.0000000000,1.0000000000))
REPRESENTATION_ITEM('')
);
#525=CARTESIAN_POINT('',(-39.0626151540,-2.5193478178,0.0000000000));
#526=CARTESIAN_POINT('',(-39.0666668359,-2.4488700217,0.0000000000));

#527=(
BOUNDED_CURVE()
B_SPLINE_CURVE(1,(#528,#529),.UNSPECIFIED.,.F.,.F.)
B_SPLINE_CURVE_WITH_KNOTS((2,2),(0.000,1.000),.UNSPECIFIED.)
CURVE()
GEOMETRIC_REPRESENTATION_ITEM()
RATIONAL_B_SPLINE_CURVE((1.0000000000,1.0000000000))
REPRESENTATION_ITEM('')
);
#528=CARTESIAN_POINT('',(-39.0666668359,-2.4488700217,0.0000000000));
#529=CARTESIAN_POINT('',(-39.0787611674,-2.3794483274,0.0000000000));

#530=(
BOUNDED_CURVE()
B_SPLINE_CURVE(1,(#531,#532),.UNSPECIFIED.,.F.,.F.)
B_SPLINE_CURVE_WITH_KNOTS((2,2),(0.000,1.000),.UNSPECIFIED.)
CURVE()
GEOMETRIC_REPRESENTATION_ITEM()
RATIONAL_B_SPLINE_CURVE((1.0000000000,1.0000000000))
REPRESENTATION_ITEM('')
);
#531=CARTESIAN_POINT('',(-39.0787611674,-2.3794483274,0.0000000000));
#532=CARTESIAN_POINT('',(-39.0987169165,-2.3121230111,0.0000000000));

#533=(
BOUNDED_CURVE()
B_SPLINE_CURVE(1,(#534,#535),.UNSPECIFIED.,.F.,.F.)
B_SPLINE_CURVE_WITH_KNOTS((2,2),(0.000,1.000),.UNSPECIFIED.)
CURVE()
GEOMETRIC_REPRESENTATION_ITEM()
RATIONAL_B_SPLINE_CURVE((1.0000000000,1.0000000000))
REPRESENTATION_ITEM('')
);
#534=CARTESIAN_POINT('',(-39.0987169165,-2.3121230111,0.0000000000));
#535=CARTESIAN_POINT('',(-39.1262350484,-2.2479029350,0.0000000000));

#536=(
BOUNDED_CURVE()
B_SPLINE_CURVE(1,(#537,#538),.UNSPECIFIED.,.F.,.F.)
B_SPLINE_CURVE_WITH_KNOTS((2,2),(0.000,1.000),.UNSPECIFIED.)
CURVE()
GEOMETRIC_REPRESENTATION_ITEM()
RATIONAL_B_SPLINE_CURVE((1.0000000000,1.0000000000))
REPRESENTATION_ITEM('')
);
#537=CARTESIAN_POINT('',(-38.6681718088,-2.2479029350,0.0000000000));
#538=CARTESIAN_POINT('',(-38.6808363477,-2.2336731386,0.0000000000));

#539=(
BOUNDED_CURVE()
B_SPLINE_CURVE(1,(#540,#541),.UNSPECIFIED.,.F.,.F.)
B_SPLINE_CURVE_WITH_KNOTS((2,2),(0.000,1.000),.UNSPECIFIED.)
CURVE()
GEOMETRIC_REPRESENTATION_ITEM()
RATIONAL_B_SPLINE_CURVE((1.0000000000,1.0000000000))
REPRESENTATION_ITEM('')
);
#540=CARTESIAN_POINT('',(-38.6808363477,-2.2336731386,0.0000000000));
#541=CARTESIAN_POINT('',(-38.6962271011,-2.2229276993,0.0000000000));

#542=(
BOUNDED_CURVE()
B_SPLINE_CURVE(1,(#543,#544),.UNSPECIFIED.,.F.,.F.)
B_SPLINE_CURVE_WITH_KNOTS((2,2),(0.000,1.000),.UNSPECIFIED.)
CURVE()
GEOMETRIC_REPRESENTATION_ITEM()
RATIONAL_B_SPLINE_CURVE((1.0000000000,1.0000000000))
REPRESENTATION_ITEM('')
);
#543=CARTESIAN_POINT('',(-38.6962271011,-2.2229276993,0.0000000000));
#544=CARTESIAN_POINT('',(-38.7135206325,-2.2162415200,0.0000000000));

#545=(
BOUNDED_CURVE()
B_SPLINE_CURVE(1,(#546,#547),.UNSPECIFIED.,.F.,.F.)
B_SPLINE_CURVE_WITH_KNOTS((2,2),(0.000,1.000),.UNSPECIFIED.)
CURVE()
GEOMETRIC_REPRESENTATION_ITEM()
RATIONAL_B_SPLINE_CURVE((1.0000000000,1.0000000000))
REPRESENTATION_ITEM('')
);
#546=CARTESIAN_POINT('',(-38.7135206325,-2.2162415200,0.0000000000));
#547=CARTESIAN_POINT('',(-38.7317917032,-2.2139723247,0.0000000000));

#548=(
BOUNDED_CURVE()
B_SPLINE_CURVE(1,(#549,#550),.UNSPECIFIED.,.F.,.F.)
B_SPLINE_CURVE_WITH_KNOTS((2,2),(0.000,1.000),.UNSPECIFIED.)
CURVE()
GEOMETRIC_REPRESENTATION_ITEM()
RATIONAL_B_SPLINE_CURVE((1.0000000000,1.0000000000))
REPRESENTATION_ITEM('')
);
#549=CARTESIAN_POINT('',(-38.7317917032,-2.2139723247,0.0000000000));
#550=CARTESIAN_POINT('',(-38.7500627739,-2.2162415200,0.0000000000));

#551=(
BOUNDED_CURVE()
B_SPLINE_CURVE(1,(#552,#553),.UNSPECIFIED.,.F.,.F.)
B_SPLINE_CURVE_WITH_KNOTS((2,2),(0.000,1.000),.UNSPECIFIED.)
CURVE()
GEOMETRIC_REPRESENTATION_ITEM()
RATIONAL_B_SPLINE_CURVE((1.0000000000,1.0000000000))
REPRESENTATION_ITEM('')
);
#552=CARTESIAN_POINT('',(-38.7500627739,-2.2162415200,0.0000000000));
#553=CARTESIAN_POINT('',(-38.7673563053,-2.2229276993,0.0000000000));

#554=(
BOUNDED_CURVE()
B_SPLINE_CURVE(1,(#555,#556),.UNSPECIFIED.,.F.,.F.)
B_SPLINE_CURVE_WITH_KNOTS((2,2),(0.000,1.000),.UNSPECIFIED.)
CURVE()
GEOMETRIC_REPRESENTATION_ITEM()
RATIONAL_B_SPLINE_CURVE((1.0000000000,1.0000000000))
REPRESENTATION_ITEM('')
);
#555=CARTESIAN_POINT('',(-38.7673563053,-2.2229276993,0.0000000000));
#556=CARTESIAN_POINT('',(-38.7827470587,-2.2336731386,0.0000000000));

#557=(
BOUNDED_CURVE()
B_SPLINE_CURVE(1,(#558,#559),.UNSPECIFIED.,.F.,.F.)
B_SPLINE_CURVE_WITH_KNOTS((2,2),(0.000,1.000),.UNSPECIFIED.)
CURVE()
GEOMETRIC_REPRESENTATION_ITEM()
RATIONAL_B_SPLINE_CURVE((1.0000000000,1.0000000000))
REPRESENTATION_ITEM('')
);
#558=CARTESIAN_POINT('',(-38.7827470587,-2.2336731386,0.0000000000));
#559=CARTESIAN_POINT('',(-38.7954115976,-2.2479029350,0.0000000000));

#560=(
BOUNDED_CURVE()
B_SPLINE_CURVE(1,(#561,#562),.UNSPECIFIED.,.F.,.F.)
B_SPLINE_CURVE_WITH_KNOTS((2,2),(0.000,1.000),.UNSPECIFIED.)
CURVE()
GEOMETRIC_REPRESENTATION_ITEM()
RATIONAL_B_SPLINE_CURVE((1.0000000000,1.0000000000))
REPRESENTATION_ITEM('')
);
#561=CARTESIAN_POINT('',(-38.7954115976,-2.2479029350,0.0000000000));
#562=CARTESIAN_POINT('',(-38.8229297295,-2.3121230111,0.0000000000));

#563=(
BOUNDED_CURVE()
B_SPLINE_CURVE(1,(#564,#565),.UNSPECIFIED.,.F.,.F.)
B_SPLINE_CURVE_WITH_KNOTS((2,2),(0.000,1.000),.UNSPECIFIED.)
CURVE()
GEOMETRIC_REPRESENTATION_ITEM()
RATIONAL_B_SPLINE_CURVE((1.0000000000,1.0000000000))
REPRESENTATION_ITEM('')
);
#564=CARTESIAN_POINT('',(-38.8229297295,-2.3121230111,0.0000000000));
#565=CARTESIAN_POINT('',(-38.8428854786,-2.3794483274,0.0000000000));

#566=(
BOUNDED_CURVE()
B_SPLINE_CURVE(1,(#567,#568),.UNSPECIFIED.,.F.,.F.)
B_SPLINE_CURVE_WITH_KNOTS((2,2),(0.000,1.000),.UNSPECIFIED.)
CURVE()
GEOMETRIC_REPRESENTATION_ITEM()
RATIONAL_B_SPLINE_CURVE((1.0000000000,1.0000000000))
REPRESENTATION_ITEM('')
);
#567=CARTESIAN_POINT('',(-38.8428854786,-2.3794483274,0.0000000000));
#568=CARTESIAN_POINT('',(-38.8549798101,-2.4488700217,0.0000000000));

#569=(
BOUNDED_CURVE()
B_SPLINE_CURVE(1,(#570,#571),.UNSPECIFIED.,.F.,.F.)
B_SPLINE_CURVE_WITH_KNOTS((2,2),(0.000,1.000),.UNSPECIFIED.)
CURVE()
GEOMETRIC_REPRESENTATION_ITEM()
RATIONAL_B_SPLINE_CURVE((1.0000000000,1.0000000000))
REPRESENTATION_ITEM('')
);
#570=CARTESIAN_POINT('',(-38.8549798101,-2.4488700217,0.0000000000));
#571=CARTESIAN_POINT('',(-38.8590314920,-2.5193478178,0.0000000000));

#572=(
BOUNDED_CURVE()
B_SPLINE_CURVE(1,(#573,#574),.UNSPECIFIED.,.F.,.F.)
B_SPLINE_CURVE_WITH_KNOTS((2,2),(0.000,1.000),.UNSPECIFIED.)
CURVE()
GEOMETRIC_REPRESENTATION_ITEM()
RATIONAL_B_SPLINE_CURVE((1.0000000000,1.0000000000))
REPRESENTATION_ITEM('')
);
#573=CARTESIAN_POINT('',(-38.8590314920,-2.5193478178,0.0000000000));
#574=CARTESIAN_POINT('',(-38.8549798101,-2.5898256138,0.0000000000));

#575=(
BOUNDED_CURVE()
B_SPLINE_CURVE(1,(#576,#577),.UNSPECIFIED.,.F.,.F.)
B_SPLINE_CURVE_WITH_KNOTS((2,2),(0.000,1.000),.UNSPECIFIED.)
CURVE()
GEOMETRIC_REPRESENTATION_ITEM()
RATIONAL_B_SPLINE_CURVE((1.0000000000,1.0000000000))
REPRESENTATION_ITEM('')
);
#576=CARTESIAN_POINT('',(-38.8549798101,-2.5898256138,0.0000000000));
#577=CARTESIAN_POINT('',(-38.8428854786,-2.6592473081,0.0000000000));

#578=(
BOUNDED_CURVE()
B_SPLINE_CURVE(1,(#579,#580),.UNSPECIFIED.,.F.,.F.)
B_SPLINE_CURVE_WITH_KNOTS((2,2),(0.000,1.000),.UNSPECIFIED.)
CURVE()
GEOMETRIC_REPRESENTATION_ITEM()
RATIONAL_B_SPLINE_CURVE((1.0000000000,1.0000000000))
REPRESENTATION_ITEM('')
);
#579=CARTESIAN_POINT('',(-38.8428854786,-2.6592473081,0.0000000000));
#580=CARTESIAN_POINT('',(-38.8229297295,-2.7265726244,0.0000000000));

#581=(
BOUNDED_CURVE()
B_SPLINE_CURVE(1,(#582,#583),.UNSPECIFIED.,.F.,.F.)
B_SPLINE_CURVE_WITH_KNOTS((2,2),(0.000,1.000),.UNSPECIFIED.)
CURVE()
GEOMETRIC_REPRESENTATION_ITEM()
RATIONAL_B_SPLINE_CURVE((1.0000000000,1.0000000000))
REPRESENTATION_ITEM('')
);
#582=CARTESIAN_POINT('',(-38.8229297295,-2.7265726244,0.0000000000));
#583=CARTESIAN_POINT('',(-38.7954115976,-2.7907927005,0.0000000000));

#584=(
BOUNDED_CURVE()
B_SPLINE_CURVE(1,(#585,#586),.UNSPECIFIED.,.F.,.F.)
B_SPLINE_CURVE_WITH_KNOTS((2,2),(0.000,1.000),.UNSPECIFIED.)
CURVE()
GEOMETRIC_REPRESENTATION_ITEM()
RATIONAL_B_SPLINE_CURVE((1.0000000000,1.0000000000))
REPRESENTATION_ITEM('')
);
#585=CARTESIAN_POINT('',(-38.7954115976,-2.7907927005,0.0000000000));
#586=CARTESIAN_POINT('',(-38.7827470587,-2.8050224969,0.0000000000));

#587=(
BOUNDED_CURVE()
B_SPLINE_CURVE(1,(#588,#589),.UNSPECIFIED.,.F.,.F.)
B_SPLINE_CURVE_WITH_KNOTS((2,2),(0.000,1.000),.UNSPECIFIED.)
CURVE()
GEOMETRIC_REPRESENTATION_ITEM()
RATIONAL_B_SPLINE_CURVE((1.0000000000,1.0000000000))
REPRESENTATION_ITEM('')
);
#588=CARTESIAN_POINT('',(-38.7827470587,-2.8050224969,0.0000000000));
#589=CARTESIAN_POINT('',(-38.7673563053,-2.8157679362,0.0000000000));

#590=(
BOUNDED_CURVE()
B_SPLINE_CURVE(1,(#591,#592),.UNSPECIFIED.,.F.,.F.)
B_SPLINE_CURVE_WITH_KNOTS((2,2),(0.000,1.000),.UNSPECIFIED.)
CURVE()
GEOMETRIC_REPRESENTATION_ITEM()
RATIONAL_B_SPLINE_CURVE((1.0000000000,1.0000000000))
REPRESENTATION_ITEM('')
);
#591=CARTESIAN_POINT('',(-38.7673563053,-2.8157679362,0.0000000000));
#592=CARTESIAN_POINT('',(-38.7500627739,-2.8224541155,0.0000000000));

#593=(
BOUNDED_CURVE()
B_SPLINE_CURVE(1,(#594,#595),.UNSPECIFIED.,.F.,.F.)
B_SPLINE_CURVE_WITH_KNOTS((2,2),(0.000,1.000),.UNSPECIFIED.)
CURVE()
GEOMETRIC_REPRESENTATION_ITEM()
RATIONAL_B_SPLINE_CURVE((1.0000000000,1.0000000000))
REPRESENTATION_ITEM('')
);
#594=CARTESIAN_POINT('',(-38.7500627739,-2.8224541155,0.0000000000));
#595=CARTESIAN_POINT('',(-38.7317917032,-2.8247233108,0.0000000000));

#596=(
BOUNDED_CURVE()
B_SPLINE_CURVE(1,(#597,#598),.UNSPECIFIED.,.F.,.F.)
B_SPLINE_CURVE_WITH_KNOTS((2,2),(0.000,1.000),.UNSPECIFIED.)
CURVE()
GEOMETRIC_REPRESENTATION_ITEM()
RATIONAL_B_SPLINE_CURVE((1.0000000000,1.0000000000))
REPRESENTATION_ITEM('')
);
#597=CARTESIAN_POINT('',(-38.7317917032,-2.8247233108,0.0000000000));
#598=CARTESIAN_POINT('',(-38.7135206325,-2.8224541155,0.0000000000));

#599=(
BOUNDED_CURVE()
B_SPLINE_CURVE(1,(#600,#601),.UNSPECIFIED.,.F.,.F.)
B_SPLINE_CURVE_WITH_KNOTS((2,2),(0.000,1.000),.UNSPECIFIED.)
CURVE()
GEOMETRIC_REPRESENTATION_ITEM()
RATIONAL_B_SPLINE_CURVE((1.0000000000,1.0000000000))
REPRESENTATION_ITEM('')
);
#600=CARTESIAN_POINT('',(-38.7135206325,-2.8224541155,0.0000000000));
#601=CARTESIAN_POINT('',(-38.6962271011,-2.8157679362,0.0000000000));

#602=(
BOUNDED_CURVE()
B_SPLINE_CURVE(1,(#603,#604),.UNSPECIFIED.,.F.,.F.)
B_SPLINE_CURVE_WITH_KNOTS((2,2),(0.000,1.000),.UNSPECIFIED.)
CURVE()
GEOMETRIC_REPRESENTATION_ITEM()
RATIONAL_B_SPLINE_CURVE((1.0000000000,1.0000000000))
REPRESENTATION_ITEM('')
);
#603=CARTESIAN_POINT('',(-38.6962271011,-2.8157679362,0.0000000000));
#604=CARTESIAN_POINT('',(-38.6808363477,-2.8050224969,0.0000000000));

#605=(
BOUNDED_CURVE()
B_SPLINE_CURVE(1,(#606,#607),.UNSPECIFIED.,.F.,.F.)
B_SPLINE_CURVE_WITH_KNOTS((2,2),(0.000,1.000),.UNSPECIFIED.)
CURVE()
GEOMETRIC_REPRESENTATION_ITEM()
RATIONAL_B_SPLINE_CURVE((1.0000000000,1.0000000000))
REPRESENTATION_ITEM('')
);
#606=CARTESIAN_POINT('',(-38.6808363477,-2.8050224969,0.0000000000));
#607=CARTESIAN_POINT('',(-38.6681718088,-2.7907927005,0.0000000000));

#608=(
BOUNDED_CURVE()
B_SPLINE_CURVE(1,(#609,#610),.UNSPECIFIED.,.F.,.F.)
B_SPLINE_CURVE_WITH_KNOTS((2,2),(0.000,1.000),.UNSPECIFIED.)
CURVE()
GEOMETRIC_REPRESENTATION_ITEM()
RATIONAL_B_SPLINE_CURVE((1.0000000000,1.0000000000))
REPRESENTATION_ITEM('')
);
#609=CARTESIAN_POINT('',(-38.6681718088,-2.7907927005,0.0000000000));
#610=CARTESIAN_POINT('',(-38.6406536769,-2.7265726244,0.0000000000));

#611=(
BOUNDED_CURVE()
B_SPLINE_CURVE(1,(#612,#613),.UNSPECIFIED.,.F.,.F.)
B_SPLINE_CURVE_WITH_KNOTS((2,2),(0.000,1.000),.UNSPECIFIED.)
CURVE()
GEOMETRIC_REPRESENTATION_ITEM()
RATIONAL_B_SPLINE_CURVE((1.0000000000,1.0000000000))
REPRESENTATION_ITEM('')
);
#612=CARTESIAN_POINT('',(-38.6406536769,-2.7265726244,0.0000000000));
#613=CARTESIAN_POINT('',(-38.6206979278,-2.6592473081,0.0000000000));

#614=(
BOUNDED_CURVE()
B_SPLINE_CURVE(1,(#615,#616),.UNSPECIFIED.,.F.,.F.)
B_SPLINE_CURVE_WITH_KNOTS((2,2),(0.000,1.000),.UNSPECIFIED.)
CURVE()
GEOMETRIC_REPRESENTATION_ITEM()
RATIONAL_B_SPLINE_CURVE((1.0000000000,1.0000000000))
REPRESENTATION_ITEM('')
);
#615=CARTESIAN_POINT('',(-38.6206979278,-2.6592473081,0.0000000000));
#616=CARTESIAN_POINT('',(-38.6086035963,-2.5898256138,0.0000000000));

#617=(
BOUNDED_CURVE()
B_SPLINE_CURVE(1,(#618,#619),.UNSPECIFIED.,.F.,.F.)
B_SPLINE_CURVE_WITH_KNOTS((2,2),(0.000,1.000),.UNSPECIFIED.)
CURVE()
GEOMETRIC_REPRESENTATION_ITEM()
RATIONAL_B_SPLINE_CURVE((1.0000000000,1.0000000000))
REPRESENTATION_ITEM('')
);
#618=CARTESIAN_POINT('',(-38.6086035963,-2.5898256138,0.0000000000));
#619=CARTESIAN_POINT('',(-38.6045519144,-2.5193478178,0.0000000000));

#620=(
BOUNDED_CURVE()
B_SPLINE_CURVE(1,(#621,#622),.UNSPECIFIED.,.F.,.F.)
B_SPLINE_CURVE_WITH_KNOTS((2,2),(0.000,1.000),.UNSPECIFIED.)
CURVE()
GEOMETRIC_REPRESENTATION_ITEM()
RATIONAL_B_SPLINE_CURVE((1.0000000000,1.0000000000))
REPRESENTATION_ITEM('')
);
#621=CARTESIAN_POINT('',(-38.6045519144,-2.5193478178,0.0000000000));
#622=CARTESIAN_POINT('',(-38.6086035963,-2.4488700217,0.0000000000));

#623=(
BOUNDED_CURVE()
B_SPLINE_CURVE(1,(#624,#625),.UNSPECIFIED.,.F.,.F.)
B_SPLINE_CURVE_WITH_KNOTS((2,2),(0.000,1.000),.UNSPECIFIED.)
CURVE()
GEOMETRIC_REPRESENTATION_ITEM()
RATIONAL_B_SPLINE_CURVE((1.0000000000,1.0000000000))
REPRESENTATION_ITEM('')
);
#624=CARTESIAN_POINT('',(-38.6086035963,-2.4488700217,0.0000000000));
#625=CARTESIAN_POINT('',(-38.6206979278,-2.3794483274,0.0000000000));

#626=(
BOUNDED_CURVE()
B_SPLINE_CURVE(1,(#627,#628),.UNSPECIFIED.,.F.,.F.)
B_SPLINE_CURVE_WITH_KNOTS((2,2),(0.000,1.000),.UNSPECIFIED.)
CURVE()
GEOMETRIC_REPRESENTATION_ITEM()
RATIONAL_B_SPLINE_CURVE((1.0000000000,1.0000000000))
REPRESENTATION_ITEM('')
);
#627=CARTESIAN_POINT('',(-38.6206979278,-2.3794483274,0.0000000000));
#628=CARTESIAN_POINT('',(-38.6406536769,-2.3121230111,0.0000000000));

#629=(
BOUNDED_CURVE()
B_SPLINE_CURVE(1,(#630,#631),.UNSPECIFIED.,.F.,.F.)
B_SPLINE_CURVE_WITH_KNOTS((2,2),(0.000,1.000),.UNSPECIFIED.)
CURVE()
GEOMETRIC_REPRESENTATION_ITEM()
RATIONAL_B_SPLINE_CURVE((1.0000000000,1.0000000000))
REPRESENTATION_ITEM('')
);
#630=CARTESIAN_POINT('',(-38.6406536769,-2.3121230111,0.0000000000));
#631=CARTESIAN_POINT('',(-38.6681718088,-2.2479029350,0.0000000000));

#632=(
BOUNDED_CURVE()
B_SPLINE_CURVE(1,(#633,#634),.UNSPECIFIED.,.F.,.F.)
B_SPLINE_CURVE_WITH_KNOTS((2,2),(0.000,1.000),.UNSPECIFIED.)
CURVE()
GEOMETRIC_REPRESENTATION_ITEM()
RATIONAL_B_SPLINE_CURVE((1.0000000000,1.0000000000))
REPRESENTATION_ITEM('')
);
#633=CARTESIAN_POINT('',(-43.6559715288,-0.0056551017,0.0000000000));
#634=CARTESIAN_POINT('',(-43.6686360677,0.0073888784,0.0000000000));

#635=(
BOUNDED_CURVE()
B_SPLINE_CURVE(1,(#636,#637),.UNSPECIFIED.,.F.,.F.)
B_SPLINE_CURVE_WITH_KNOTS((2,2),(0.000,1.000),.UNSPECIFIED.)
CURVE()
GEOMETRIC_REPRESENTATION_ITEM()
RATIONAL_B_SPLINE_CURVE((1.0000000000,1.0000000000))
REPRESENTATION_ITEM('')
);
#636=CARTESIAN_POINT('',(-43.6686360677,0.0073888784,0.0000000000));
#637=CARTESIAN_POINT('',(-43.6840268210,0.0172388644,0.0000000000));

#638=(
BOUNDED_CURVE()
B_SPLINE_CURVE(1,(#639,#640),.UNSPECIFIED.,.F.,.F.)
B_SPLINE_CURVE_WITH_KNOTS((2,2),(0.000,1.000),.UNSPECIFIED.)
CURVE()
GEOMETRIC_REPRESENTATION_ITEM()
RATIONAL_B_SPLINE_CURVE((1.0000000000,1.0000000000))
REPRESENTATION_ITEM('')
);
#639=CARTESIAN_POINT('',(-43.6840268210,0.0172388644,0.0000000000));
#640=CARTESIAN_POINT('',(-43.7013203525,0.0233678621,0.0000000000));

#641=(
BOUNDED_CURVE()
B_SPLINE_CURVE(1,(#642,#643),.UNSPECIFIED.,.F.,.F.)
B_SPLINE_CURVE_WITH_KNOTS((2,2),(0.000,1.000),.UNSPECIFIED.)
CURVE()
GEOMETRIC_REPRESENTATION_ITEM()
RATIONAL_B_SPLINE_CURVE((1.0000000000,1.0000000000))
REPRESENTATION_ITEM('')
);
#642=CARTESIAN_POINT('',(-43.7013203525,0.0233678621,0.0000000000));
#643=CARTESIAN_POINT('',(-43.7195914232,0.0254479578,0.0000000000));

#644=(
BOUNDED_CURVE()
B_SPLINE_CURVE(1,(#645,#646),.UNSPECIFIED.,.F.,.F.)
B_SPLINE_CURVE_WITH_KNOTS((2,2),(0.000,1.000),.UNSPECIFIED.)
CURVE()
GEOMETRIC_REPRESENTATION_ITEM()
RATIONAL_B_SPLINE_CURVE((1.0000000000,1.0000000000))
REPRESENTATION_ITEM('')
);
#645=CARTESIAN_POINT('',(-43.7195914232,0.0254479578,0.0000000000));
#646=CARTESIAN_POINT('',(-43.7378624939,0.0233678621,0.0000000000));

#647=(
BOUNDED_CURVE()
B_SPLINE_CURVE(1,(#648,#649),.UNSPECIFIED.,.F.,.F.)
B_SPLINE_CURVE_WITH_KNOTS((2,2),(0.000,1.000),.UNSPECIFIED.)
CURVE()
GEOMETRIC_REPRESENTATION_ITEM()
RATIONAL_B_SPLINE_CURVE((1.0000000000,1.0000000000))
REPRESENTATION_ITEM('')
);
#648=CARTESIAN_POINT('',(-43.7378624939,0.0233678621,0.0000000000));
#649=CARTESIAN_POINT('',(-43.7551560253,0.0172388644,0.0000000000));

#650=(
BOUNDED_CURVE()
B_SPLINE_CURVE(1,(#651,#652),.UNSPECIFIED.,.F.,.F.)
B_SPLINE_CURVE_WITH_KNOTS((2,2),(0.000,1.000),.UNSPECIFIED.)
CURVE()
GEOMETRIC_REPRESENTATION_ITEM()
RATIONAL_B_SPLINE_CURVE((1.0000000000,1.0000000000))
REPRESENTATION_ITEM('')
);
#651=CARTESIAN_POINT('',(-43.7551560253,0.0172388644,0.0000000000));
#652=CARTESIAN_POINT('',(-43.7705467787,0.0073888784,0.0000000000));

#653=(
BOUNDED_CURVE()
B_SPLINE_CURVE(1,(#654,#655),.UNSPECIFIED.,.F.,.F.)
B_SPLINE_CURVE_WITH_KNOTS((2,2),(0.000,1.000),.UNSPECIFIED.)
CURVE()
GEOMETRIC_REPRESENTATION_ITEM()
RATIONAL_B_SPLINE_CURVE((1.0000000000,1.0000000000))
REPRESENTATION_ITEM('')
);
#654=CARTESIAN_POINT('',(-43.7705467787,0.0073888784,0.0000000000));
#655=CARTESIAN_POINT('',(-43.7832113176,-0.0056551017,0.0000000000));

#656=(
BOUNDED_CURVE()
B_SPLINE_CURVE(1,(#657,#658),.UNSPECIFIED.,.F.,.F.)
B_SPLINE_CURVE_WITH_KNOTS((2,2),(0.000,1.000),.UNSPECIFIED.)
CURVE()
GEOMETRIC_REPRESENTATION_ITEM()
RATIONAL_B_SPLINE_CURVE((1.0000000000,1.0000000000))
REPRESENTATION_ITEM('')
);
#657=CARTESIAN_POINT('',(-43.7832113176,-0.0056551017,0.0000000000));
#658=CARTESIAN_POINT('',(-43.8107294495,-0.0645235048,0.0000000000));

#659=(
BOUNDED_CURVE()
B_SPLINE_CURVE(1,(#660,#661),.UNSPECIFIED.,.F.,.F.)
B_SPLINE_CURVE_WITH_KNOTS((2,2),(0.000,1.000),.UNSPECIFIED.)
CURVE()
GEOMETRIC_REPRESENTATION_ITEM()
RATIONAL_B_SPLINE_CURVE((1.0000000000,1.0000000000))
REPRESENTATION_ITEM('')
);
#660=CARTESIAN_POINT('',(-43.8107294495,-0.0645235048,0.0000000000));
#661=CARTESIAN_POINT('',(-43.8306851986,-0.1262383780,0.0000000000));

#662=(
BOUNDED_CURVE()
B_SPLINE_CURVE(1,(#663,#664),.UNSPECIFIED.,.F.,.F.)
B_SPLINE_CURVE_WITH_KNOTS((2,2),(0.000,1.000),.UNSPECIFIED.)
CURVE()
GEOMETRIC_REPRESENTATION_ITEM()
RATIONAL_B_SPLINE_CURVE((1.0000000000,1.0000000000))
REPRESENTATION_ITEM('')
);
#663=CARTESIAN_POINT('',(-43.8306851986,-0.1262383780,0.0000000000));
#664=CARTESIAN_POINT('',(-43.8427795301,-0.1898749311,0.0000000000));

#665=(
BOUNDED_CURVE()
B_SPLINE_CURVE(1,(#666,#667),.UNSPECIFIED.,.F.,.F.)
B_SPLINE_CURVE_WITH_KNOTS((2,2),(0.000,1.000),.UNSPECIFIED.)
CURVE()
GEOMETRIC_REPRESENTATION_ITEM()
RATIONAL_B_SPLINE_CURVE((1.0000000000,1.0000000000))
REPRESENTATION_ITEM('')
);
#666=CARTESIAN_POINT('',(-43.8427795301,-0.1898749311,0.0000000000));
#667=CARTESIAN_POINT('',(-43.8468312120,-0.2544795776,0.0000000000));

#668=(
BOUNDED_CURVE()
B_SPLINE_CURVE(1,(#669,#670),.UNSPECIFIED.,.F.,.F.)
B_SPLINE_CURVE_WITH_KNOTS((2,2),(0.000,1.000),.UNSPECIFIED.)
CURVE()
GEOMETRIC_REPRESENTATION_ITEM()
RATIONAL_B_SPLINE_CURVE((1.0000000000,1.0000000000))
REPRESENTATION_ITEM('')
);
#669=CARTESIAN_POINT('',(-43.8468312120,-0.2544795776,0.0000000000));
#670=CARTESIAN_POINT('',(-43.8427795301,-0.3190842240,0.0000000000));

#671=(
BOUNDED_CURVE()
B_SPLINE_CURVE(1,(#672,#673),.UNSPECIFIED.,.F.,.F.)
B_SPLINE_CURVE_WITH_KNOTS((2,2),(0.000,1.000),.UNSPECIFIED.)
CURVE()
GEOMETRIC_REPRESENTATION_ITEM()
RATIONAL_B_SPLINE_CURVE((1.0000000000,1.0000000000))
REPRESENTATION_ITEM('')
);
#672=CARTESIAN_POINT('',(-43.8427795301,-0.3190842240,0.0000000000));
#673=CARTESIAN_POINT('',(-43.8306851986,-0.3827207771,0.0000000000));

#674=(
BOUNDED_CURVE()
B_SPLINE_CURVE(1,(#675,#676),.UNSPECIFIED.,.F.,.F.)
B_SPLINE_CURVE_WITH_KNOTS((2,2),(0.000,1.000),.UNSPECIFIED.)
CURVE()
GEOMETRIC_REPRESENTATION_ITEM()
RATIONAL_B_SPLINE_CURVE((1.0000000000,1.0000000000))
REPRESENTATION_ITEM('')
);
#675=CARTESIAN_POINT('',(-43.8306851986,-0.3827207771,0.0000000000));
#676=CARTESIAN_POINT('',(-43.8107294495,-0.4444356503,0.0000000000));

#677=(
BOUNDED_CURVE()
B_SPLINE_CURVE(1,(#678,#679),.UNSPECIFIED.,.F.,.F.)
B_SPLINE_CURVE_WITH_KNOTS((2,2),(0.000,1.000),.UNSPECIFIED.)
CURVE()
GEOMETRIC_REPRESENTATION_ITEM()
RATIONAL_B_SPLINE_CURVE((1.0000000000,1.0000000000))
REPRESENTATION_ITEM('')
);
#678=CARTESIAN_POINT('',(-43.8107294495,-0.4444356503,0.0000000000));
#679=CARTESIAN_POINT('',(-43.7832113176,-0.5033040534,0.0000000000));

#680=(
BOUNDED_CURVE()
B_SPLINE_CURVE(1,(#681,#682),.UNSPECIFIED.,.F.,.F.)
B_SPLINE_CURVE_WITH_KNOTS((2,2),(0.000,1.000),.UNSPECIFIED.)
CURVE()
GEOMETRIC_REPRESENTATION_ITEM()
RATIONAL_B_SPLINE_CURVE((1.0000000000,1.0000000000))
REPRESENTATION_ITEM('')
);
#681=CARTESIAN_POINT('',(-43.7832113176,-0.5033040534,0.0000000000));
#682=CARTESIAN_POINT('',(-43.7705467787,-0.5163480335,0.0000000000));

#683=(
BOUNDED_CURVE()
B_SPLINE_CURVE(1,(#684,#685),.UNSPECIFIED.,.F.,.F.)
B_SPLINE_CURVE_WITH_KNOTS((2,2),(0.000,1.000),.UNSPECIFIED.)
CURVE()
GEOMETRIC_REPRESENTATION_ITEM()
RATIONAL_B_SPLINE_CURVE((1.0000000000,1.0000000000))
REPRESENTATION_ITEM('')
);
#684=CARTESIAN_POINT('',(-43.7705467787,-0.5163480335,0.0000000000));
#685=CARTESIAN_POINT('',(-43.7551560253,-0.5261980195,0.0000000000));

#686=(
BOUNDED_CURVE()
B_SPLINE_CURVE(1,(#687,#688),.UNSPECIFIED.,.F.,.F.)
B_SPLINE_CURVE_WITH_KNOTS((2,2),(0.000,1.000),.UNSPECIFIED.)
CURVE()
GEOMETRIC_REPRESENTATION_ITEM()
RATIONAL_B_SPLINE_CURVE((1.0000000000,1.0000000000))
REPRESENTATION_ITEM('')
);
#687=CARTESIAN_POINT('',(-43.7551560253,-0.5261980195,0.0000000000));
#688=CARTESIAN_POINT('',(-43.7378624939,-0.5323270172,0.0000000000));

#689=(
BOUNDED_CURVE()
B_SPLINE_CURVE(1,(#690,#691),.UNSPECIFIED.,.F.,.F.)
B_SPLINE_CURVE_WITH_KNOTS((2,2),(0.000,1.000),.UNSPECIFIED.)
CURVE()
GEOMETRIC_REPRESENTATION_ITEM()
RATIONAL_B_SPLINE_CURVE((1.0000000000,1.0000000000))
REPRESENTATION_ITEM('')
);
#690=CARTESIAN_POINT('',(-43.7378624939,-0.5323270172,0.0000000000));
#691=CARTESIAN_POINT('',(-43.7195914232,-0.5344071129,0.0000000000));

#692=(
BOUNDED_CURVE()
B_SPLINE_CURVE(1,(#693,#694),.UNSPECIFIED.,.F.,.F.)
B_SPLINE_CURVE_WITH_KNOTS((2,2),(0.000,1.000),.UNSPECIFIED.)
CURVE()
GEOMETRIC_REPRESENTATION_ITEM()
RATIONAL_B_SPLINE_CURVE((1.0000000000,1.0000000000))
REPRESENTATION_ITEM('')
);
#693=CARTESIAN_POINT('',(-43.7195914232,-0.5344071129,0.0000000000));
#694=CARTESIAN_POINT('',(-43.7013203525,-0.5323270172,0.0000000000));

#695=(
BOUNDED_CURVE()
B_SPLINE_CURVE(1,(#696,#697),.UNSPECIFIED.,.F.,.F.)
B_SPLINE_CURVE_WITH_KNOTS((2,2),(0.000,1.000),.UNSPECIFIED.)
CURVE()
GEOMETRIC_REPRESENTATION_ITEM()
RATIONAL_B_SPLINE_CURVE((1.0000000000,1.0000000000))
REPRESENTATION_ITEM('')
);
#696=CARTESIAN_POINT('',(-43.7013203525,-0.5323270172,0.0000000000));
#697=CARTESIAN_POINT('',(-43.6840268210,-0.5261980195,0.0000000000));

#698=(
BOUNDED_CURVE()
B_SPLINE_CURVE(1,(#699,#700),.UNSPECIFIED.,.F.,.F.)
B_SPLINE_CURVE_WITH_KNOTS((2,2),(0.000,1.000),.UNSPECIFIED.)
CURVE()
GEOMETRIC_REPRESENTATION_ITEM()
RATIONAL_B_SPLINE_CURVE((1.0000000000,1.0000000000))
REPRESENTATION_ITEM('')
);
#699=CARTESIAN_POINT('',(-43.6840268210,-0.5261980195,0.0000000000));
#700=CARTESIAN_POINT('',(-43.6686360677,-0.5163480335,0.0000000000));

#701=(
BOUNDED_CURVE()
B_SPLINE_CURVE(1,(#702,#703),.UNSPECIFIED.,.F.,.F.)
B_SPLINE_CURVE_WITH_KNOTS((2,2),(0.000,1.000),.UNSPECIFIED.)
CURVE()
GEOMETRIC_REPRESENTATION_ITEM()
RATIONAL_B_SPLINE_CURVE((1.0000000000,1.0000000000))
REPRESENTATION_ITEM('')
);
#702=CARTESIAN_POINT('',(-43.6686360677,-0.5163480335,0.0000000000));
#703=CARTESIAN_POINT('',(-43.6559715288,-0.5033040534,0.0000000000));

#704=(
BOUNDED_CURVE()
B_SPLINE_CURVE(1,(#705,#706),.UNSPECIFIED.,.F.,.F.)
B_SPLINE_CURVE_WITH_KNOTS((2,2),(0.000,1.000),.UNSPECIFIED.)
CURVE()
GEOMETRIC_REPRESENTATION_ITEM()
RATIONAL_B_SPLINE_CURVE((1.0000000000,1.0000000000))
REPRESENTATION_ITEM('')
);
#705=CARTESIAN_POINT('',(-43.6559715288,-0.5033040534,0.0000000000));
#706=CARTESIAN_POINT('',(-43.6284533969,-0.4444356503,0.0000000000));

#707=(
BOUNDED_CURVE()
B_SPLINE_CURVE(1,(#708,#709),.UNSPECIFIED.,.F.,.F.)
B_SPLINE_CURVE_WITH_KNOTS((2,2),(0.000,1.000),.UNSPECIFIED.)
CURVE()
GEOMETRIC_REPRESENTATION_ITEM()
RATIONAL_B_SPLINE_CURVE((1.0000000000,1.0000000000))
REPRESENTATION_ITEM('')
);
#708=CARTESIAN_POINT('',(-43.6284533969,-0.4444356503,0.0000000000));
#709=CARTESIAN_POINT('',(-43.6084976478,-0.3827207771,0.0000000000));

#710=(
BOUNDED_CURVE()
B_SPLINE_CURVE(1,(#711,#712),.UNSPECIFIED.,.F.,.F.)
B_SPLINE_CURVE_WITH_KNOTS((2,2),(0.000,1.000),.UNSPECIFIED.)
CURVE()
GEOMETRIC_REPRESENTATION_ITEM()
RATIONAL_B_SPLINE_CURVE((1.0000000000,1.0000000000))
REPRESENTATION_ITEM('')
);
#711=CARTESIAN_POINT('',(-43.6084976478,-0.3827207771,0.0000000000));
#712=CARTESIAN_POINT('',(-43.5964033163,-0.3190842240,0.0000000000));

#713=(
BOUNDED_CURVE()
B_SPLINE_CURVE(1,(#714,#715),.UNSPECIFIED.,.F.,.F.)
B_SPLINE_CURVE_WITH_KNOTS((2,2),(0.000,1.000),.UNSPECIFIED.)
CURVE()
GEOMETRIC_REPRESENTATION_ITEM()
RATIONAL_B_SPLINE_CURVE((1.0000000000,1.0000000000))
REPRESENTATION_ITEM('')
);
#714=CARTESIAN_POINT('',(-43.5964033163,-0.3190842240,0.0000000000));
#715=CARTESIAN_POINT('',(-43.5923516344,-0.2544795776,0.0000000000));

#716=(
BOUNDED_CURVE()
B_SPLINE_CURVE(1,(#717,#718),.UNSPECIFIED.,.F.,.F.)
B_SPLINE_CURVE_WITH_KNOTS((2,2),(0.000,1.000),.UNSPECIFIED.)
CURVE()
GEOMETRIC_REPRESENTATION_ITEM()
RATIONAL_B_SPLINE_CURVE((1.0000000000,1.0000000000))
REPRESENTATION_ITEM('')
);
#717=CARTESIAN_POINT('',(-43.5923516344,-0.2544795776,0.0000000000));
#718=CARTESIAN_POINT('',(-43.5964033163,-0.1898749311,0.0000000000));

#719=(
BOUNDED_CURVE()
B_SPLINE_CURVE(1,(#720,#721),.UNSPECIFIED.,.F.,.F.)
B_SPLINE_CURVE_WITH_KNOTS((2,2),(0.000,1.000),.UNSPECIFIED.)
CURVE()
GEOMETRIC_REPRESENTATION_ITEM()
RATIONAL_B_SPLINE_CURVE((1.0000000000,1.0000000000))
REPRESENTATION_ITEM('')
);
#720=CARTESIAN_POINT('',(-43.5964033163,-0.1898749311,0.0000000000));
#721=CARTESIAN_POINT('',(-43.6084976478,-0.1262383780,0.0000000000));

#722=(
BOUNDED_CURVE()
B_SPLINE_CURVE(1,(#723,#724),.UNSPECIFIED.,.F.,.F.)
B_SPLINE_CURVE_WITH_KNOTS((2,2),(0.000,1.000),.UNSPECIFIED.)
CURVE()
GEOMETRIC_REPRESENTATION_ITEM()
RATIONAL_B_SPLINE_CURVE((1.0000000000,1.0000000000))
REPRESENTATION_ITEM('')
);
#723=CARTESIAN_POINT('',(-43.6084976478,-0.1262383780,0.0000000000));
#724=CARTESIAN_POINT('',(-43.6284533969,-0.0645235048,0.0000000000));

#725=(
BOUNDED_CURVE()
B_SPLINE_CURVE(1,(#726,#727),.UNSPECIFIED.,.F.,.F.)
B_SPLINE_CURVE_WITH_KNOTS((2,2),(0.000,1.000),.UNSPECIFIED.)
CURVE()
GEOMETRIC_REPRESENTATION_ITEM()
RATIONAL_B_SPLINE_CURVE((1.0000000000,1.0000000000))
REPRESENTATION_ITEM('')
);
#726=CARTESIAN_POINT('',(-43.6284533969,-0.0645235048,0.0000000000));
#727=CARTESIAN_POINT('',(-43.6559715288,-0.0056551017,0.0000000000));

#728=(
BOUNDED_CURVE()
B_SPLINE_CURVE(1,(#729,#730),.UNSPECIFIED.,.F.,.F.)
B_SPLINE_CURVE_WITH_KNOTS((2,2),(0.000,1.000),.UNSPECIFIED.)
CURVE()
GEOMETRIC_REPRESENTATION_ITEM()
RATIONAL_B_SPLINE_CURVE((1.0000000000,1.0000000000))
REPRESENTATION_ITEM('')
);
#729=CARTESIAN_POINT('',(-43.1979082892,-0.0056551017,0.0000000000));
#730=CARTESIAN_POINT('',(-43.2105728281,0.0073888784,0.0000000000));

#731=(
BOUNDED_CURVE()
B_SPLINE_CURVE(1,(#732,#733),.UNSPECIFIED.,.F.,.F.)
B_SPLINE_CURVE_WITH_KNOTS((2,2),(0.000,1.000),.UNSPECIFIED.)
CURVE()
GEOMETRIC_REPRESENTATION_ITEM()
RATIONAL_B_SPLINE_CURVE((1.0000000000,1.0000000000))
REPRESENTATION_ITEM('')
);
#732=CARTESIAN_POINT('',(-43.2105728281,0.0073888784,0.0000000000));
#733=CARTESIAN_POINT('',(-43.2259635815,0.0172388644,0.0000000000));

#734=(
BOUNDED_CURVE()
B_SPLINE_CURVE(1,(#735,#736),.UNSPECIFIED.,.F.,.F.)
B_SPLINE_CURVE_WITH_KNOTS((2,2),(0.000,1.000),.UNSPECIFIED.)
CURVE()
GEOMETRIC_REPRESENTATION_ITEM()
RATIONAL_B_SPLINE_CURVE((1.0000000000,1.0000000000))
REPRESENTATION_ITEM('')
);
#735=CARTESIAN_POINT('',(-43.2259635815,0.0172388644,0.0000000000));
#736=CARTESIAN_POINT('',(-43.2432571129,0.0233678621,0.0000000000));

#737=(
BOUNDED_CURVE()
B_SPLINE_CURVE(1,(#738,#739),.UNSPECIFIED.,.F.,.F.)
B_SPLINE_CURVE_WITH_KNOTS((2,2),(0.000,1.000),.UNSPECIFIED.)
CURVE()
GEOMETRIC_REPRESENTATION_ITEM()
RATIONAL_B_SPLINE_CURVE((1.0000000000,1.0000000000))
REPRESENTATION_ITEM('')
);
#738=CARTESIAN_POINT('',(-43.2432571129,0.0233678621,0.0000000000));
#739=CARTESIAN_POINT('',(-43.2615281836,0.0254479578,0.0000000000));

#740=(
BOUNDED_CURVE()
B_SPLINE_CURVE(1,(#741,#742),.UNSPECIFIED.,.F.,.F.)
B_SPLINE_CURVE_WITH_KNOTS((2,2),(0.000,1.000),.UNSPECIFIED.)
CURVE()
GEOMETRIC_REPRESENTATION_ITEM()
RATIONAL_B_SPLINE_CURVE((1.0000000000,1.0000000000))
REPRESENTATION_ITEM('')
);
#741=CARTESIAN_POINT('',(-43.2615281836,0.0254479578,0.0000000000));
#742=CARTESIAN_POINT('',(-43.2797992543,0.0233678621,0.0000000000));

#743=(
BOUNDED_CURVE()
B_SPLINE_CURVE(1,(#744,#745),.UNSPECIFIED.,.F.,.F.)
B_SPLINE_CURVE_WITH_KNOTS((2,2),(0.000,1.000),.UNSPECIFIED.)
CURVE()
GEOMETRIC_REPRESENTATION_ITEM()
RATIONAL_B_SPLINE_CURVE((1.0000000000,1.0000000000))
REPRESENTATION_ITEM('')
);
#744=CARTESIAN_POINT('',(-43.2797992543,0.0233678621,0.0000000000));
#745=CARTESIAN_POINT('',(-43.2970927857,0.0172388644,0.0000000000));

#746=(
BOUNDED_CURVE()
B_SPLINE_CURVE(1,(#747,#748),.UNSPECIFIED.,.F.,.F.)
B_SPLINE_CURVE_WITH_KNOTS((2,2),(0.000,1.000),.UNSPECIFIED.)
CURVE()
GEOMETRIC_REPRESENTATION_ITEM()
RATIONAL_B_SPLINE_CURVE((1.0000000000,1.0000000000))
REPRESENTATION_ITEM('')
);
#747=CARTESIAN_POINT('',(-43.2970927857,0.0172388644,0.0000000000));
#748=CARTESIAN_POINT('',(-43.3124835391,0.0073888784,0.0000000000));

#749=(
BOUNDED_CURVE()
B_SPLINE_CURVE(1,(#750,#751),.UNSPECIFIED.,.F.,.F.)
B_SPLINE_CURVE_WITH_KNOTS((2,2),(0.000,1.000),.UNSPECIFIED.)
CURVE()
GEOMETRIC_REPRESENTATION_ITEM()
RATIONAL_B_SPLINE_CURVE((1.0000000000,1.0000000000))
REPRESENTATION_ITEM('')
);
#750=CARTESIAN_POINT('',(-43.3124835391,0.0073888784,0.0000000000));
#751=CARTESIAN_POINT('',(-43.3251480780,-0.0056551017,0.0000000000));

#752=(
BOUNDED_CURVE()
B_SPLINE_CURVE(1,(#753,#754),.UNSPECIFIED.,.F.,.F.)
B_SPLINE_CURVE_WITH_KNOTS((2,2),(0.000,1.000),.UNSPECIFIED.)
CURVE()
GEOMETRIC_REPRESENTATION_ITEM()
RATIONAL_B_SPLINE_CURVE((1.0000000000,1.0000000000))
REPRESENTATION_ITEM('')
);
#753=CARTESIAN_POINT('',(-43.3251480780,-0.0056551017,0.0000000000));
#754=CARTESIAN_POINT('',(-43.3526662099,-0.0645235048,0.0000000000));

#755=(
BOUNDED_CURVE()
B_SPLINE_CURVE(1,(#756,#757),.UNSPECIFIED.,.F.,.F.)
B_SPLINE_CURVE_WITH_KNOTS((2,2),(0.000,1.000),.UNSPECIFIED.)
CURVE()
GEOMETRIC_REPRESENTATION_ITEM()
RATIONAL_B_SPLINE_CURVE((1.0000000000,1.0000000000))
REPRESENTATION_ITEM('')
);
#756=CARTESIAN_POINT('',(-43.3526662099,-0.0645235048,0.0000000000));
#757=CARTESIAN_POINT('',(-43.3726219590,-0.1262383780,0.0000000000));

#758=(
BOUNDED_CURVE()
B_SPLINE_CURVE(1,(#759,#760),.UNSPECIFIED.,.F.,.F.)
B_SPLINE_CURVE_WITH_KNOTS((2,2),(0.000,1.000),.UNSPECIFIED.)
CURVE()
GEOMETRIC_REPRESENTATION_ITEM()
RATIONAL_B_SPLINE_CURVE((1.0000000000,1.0000000000))
REPRESENTATION_ITEM('')
);
#759=CARTESIAN_POINT('',(-43.3726219590,-0.1262383780,0.0000000000));
#760=CARTESIAN_POINT('',(-43.3847162905,-0.1898749311,0.0000000000));

#761=(
BOUNDED_CURVE()
B_SPLINE_CURVE(1,(#762,#763),.UNSPECIFIED.,.F.,.F.)
B_SPLINE_CURVE_WITH_KNOTS((2,2),(0.000,1.000),.UNSPECIFIED.)
CURVE()
GEOMETRIC_REPRESENTATION_ITEM()
RATIONAL_B_SPLINE_CURVE((1.0000000000,1.0000000000))
REPRESENTATION_ITEM('')
);
#762=CARTESIAN_POINT('',(-43.3847162905,-0.1898749311,0.0000000000));
#763=CARTESIAN_POINT('',(-43.3887679724,-0.2544795776,0.0000000000));

#764=(
BOUNDED_CURVE()
B_SPLINE_CURVE(1,(#765,#766),.UNSPECIFIED.,.F.,.F.)
B_SPLINE_CURVE_WITH_KNOTS((2,2),(0.000,1.000),.UNSPECIFIED.)
CURVE()
GEOMETRIC_REPRESENTATION_ITEM()
RATIONAL_B_SPLINE_CURVE((1.0000000000,1.0000000000))
REPRESENTATION_ITEM('')
);
#765=CARTESIAN_POINT('',(-43.3887679724,-0.2544795776,0.0000000000));
#766=CARTESIAN_POINT('',(-43.3847162905,-0.3190842240,0.0000000000));

#767=(
BOUNDED_CURVE()
B_SPLINE_CURVE(1,(#768,#769),.UNSPECIFIED.,.F.,.F.)
B_SPLINE_CURVE_WITH_KNOTS((2,2),(0.000,1.000),.UNSPECIFIED.)
CURVE()
GEOMETRIC_REPRESENTATION_ITEM()
RATIONAL_B_SPLINE_CURVE((1.0000000000,1.0000000000))
REPRESENTATION_ITEM('')
);
#768=CARTESIAN_POINT('',(-43.3847162905,-0.3190842240,0.0000000000));
#769=CARTESIAN_POINT('',(-43.3726219590,-0.3827207771,0.0000000000));

#770=(
BOUNDED_CURVE()
B_SPLINE_CURVE(1,(#771,#772),.UNSPECIFIED.,.F.,.F.)
B_SPLINE_CURVE_WITH_KNOTS((2,2),(0.000,1.000),.UNSPECIFIED.)
CURVE()
GEOMETRIC_REPRESENTATION_ITEM()
RATIONAL_B_SPLINE_CURVE((1.0000000000,1.0000000000))
REPRESENTATION_ITEM('')
);
#771=CARTESIAN_POINT('',(-43.3726219590,-0.3827207771,0.0000000000));
#772=CARTESIAN_POINT('',(-43.3526662099,-0.4444356503,0.0000000000));

#773=(
BOUNDED_CURVE()
B_SPLINE_CURVE(1,(#774,#775),.UNSPECIFIED.,.F.,.F.)
B_SPLINE_CURVE_WITH_KNOTS((2,2),(0.000,1.000),.UNSPECIFIED.)
CURVE()
GEOMETRIC_REPRESENTATION_ITEM()
RATIONAL_B_SPLINE_CURVE((1.0000000000,1.0000000000))
REPRESENTATION_ITEM('')
);
#774=CARTESIAN_POINT('',(-43.3526662099,-0.4444356503,0.0000000000));
#775=CARTESIAN_POINT('',(-43.3251480780,-0.5033040534,0.0000000000));

#776=(
BOUNDED_CURVE()
B_SPLINE_CURVE(1,(#777,#778),.UNSPECIFIED.,.F.,.F.)
B_SPLINE_CURVE_WITH_KNOTS((2,2),(0.000,1.000),.UNSPECIFIED.)
CURVE()
GEOMETRIC_REPRESENTATION_ITEM()
RATIONAL_B_SPLINE_CURVE((1.0000000000,1.0000000000))
REPRESENTATION_ITEM('')
);
#777=CARTESIAN_POINT('',(-43.3251480780,-0.5033040534,0.0000000000));
#778=CARTESIAN_POINT('',(-43.3124835391,-0.5163480335,0.0000000000));

#779=(
BOUNDED_CURVE()
B_SPLINE_CURVE(1,(#780,#781),.UNSPECIFIED.,.F.,.F.)
B_SPLINE_CURVE_WITH_KNOTS((2,2),(0.000,1.000),.UNSPECIFIED.)
CURVE()
GEOMETRIC_REPRESENTATION_ITEM()
RATIONAL_B_SPLINE_CURVE((1.0000000000,1.0000000000))
REPRESENTATION_ITEM('')
);
#780=CARTESIAN_POINT('',(-43.3124835391,-0.5163480335,0.0000000000));
#781=CARTESIAN_POINT('',(-43.2970927857,-0.5261980195,0.0000000000));

#782=(
BOUNDED_CURVE()
B_SPLINE_CURVE(1,(#783,#784),.UNSPECIFIED.,.F.,.F.)
B_SPLINE_CURVE_WITH_KNOTS((2,2),(0.000,1.000),.UNSPECIFIED.)
CURVE()
GEOMETRIC_REPRESENTATION_ITEM()
RATIONAL_B_SPLINE_CURVE((1.0000000000,1.0000000000))
REPRESENTATION_ITEM('')
);
#783=CARTESIAN_POINT('',(-43.2970927857,-0.5261980195,0.0000000000));
#784=CARTESIAN_POINT('',(-43.2797992543,-0.5323270172,0.0000000000));

#785=(
BOUNDED_CURVE()
B_SPLINE_CURVE(1,(#786,#787),.UNSPECIFIED.,.F.,.F.)
B_SPLINE_CURVE_WITH_KNOTS((2,2),(0.000,1.000),.UNSPECIFIED.)
CURVE()
GEOMETRIC_REPRESENTATION_ITEM()
RATIONAL_B_SPLINE_CURVE((1.0000000000,1.0000000000))
REPRESENTATION_ITEM('')
);
#786=CARTESIAN_POINT('',(-43.2797992543,-0.5323270172,0.0000000000));
#787=CARTESIAN_POINT('',(-43.2615281836,-0.5344071129,0.0000000000));

#788=(
BOUNDED_CURVE()
B_SPLINE_CURVE(1,(#789,#790),.UNSPECIFIED.,.F.,.F.)
B_SPLINE_CURVE_WITH_KNOTS((2,2),(0.000,1.000),.UNSPECIFIED.)
CURVE()
GEOMETRIC_REPRESENTATION_ITEM()
RATIONAL_B_SPLINE_CURVE((1.0000000000,1.0000000000))
REPRESENTATION_ITEM('')
);
#789=CARTESIAN_POINT('',(-43.2615281836,-0.5344071129,0.0000000000));
#790=CARTESIAN_POINT('',(-43.2432571129,-0.5323270172,0.0000000000));

#791=(
BOUNDED_CURVE()
B_SPLINE_CURVE(1,(#792,#793),.UNSPECIFIED.,.F.,.F.)
B_SPLINE_CURVE_WITH_KNOTS((2,2),(0.000,1.000),.UNSPECIFIED.)
CURVE()
GEOMETRIC_REPRESENTATION_ITEM()
RATIONAL_B_SPLINE_CURVE((1.0000000000,1.0000000000))
REPRESENTATION_ITEM('')
);
#792=CARTESIAN_POINT('',(-43.2432571129,-0.5323270172,0.0000000000));
#793=CARTESIAN_POINT('',(-43.2259635815,-0.5261980195,0.0000000000));

#794=(
BOUNDED_CURVE()
B_SPLINE_CURVE(1,(#795,#796),.UNSPECIFIED.,.F.,.F.)
B_SPLINE_CURVE_WITH_KNOTS((2,2),(0.000,1.000),.UNSPECIFIED.)
CURVE()
GEOMETRIC_REPRESENTATION_ITEM()
RATIONAL_B_SPLINE_CURVE((1.0000000000,1.0000000000))
REPRESENTATION_ITEM('')
);
#795=CARTESIAN_POINT('',(-43.2259635815,-0.5261980195,0.0000000000));
#796=CARTESIAN_POINT('',(-43.2105728281,-0.5163480335,0.0000000000));

#797=(
BOUNDED_CURVE()
B_SPLINE_CURVE(1,(#798,#799),.UNSPECIFIED.,.F.,.F.)
B_SPLINE_CURVE_WITH_KNOTS((2,2),(0.000,1.000),.UNSPECIFIED.)
CURVE()
GEOMETRIC_REPRESENTATION_ITEM()
RATIONAL_B_SPLINE_CURVE((1.0000000000,1.0000000000))
REPRESENTATION_ITEM('')
);
#798=CARTESIAN_POINT('',(-43.2105728281,-0.5163480335,0.0000000000));
#799=CARTESIAN_POINT('',(-43.1979082892,-0.5033040534,0.0000000000));

#800=(
BOUNDED_CURVE()
B_SPLINE_CURVE(1,(#801,#802),.UNSPECIFIED.,.F.,.F.)
B_SPLINE_CURVE_WITH_KNOTS((2,2),(0.000,1.000),.UNSPECIFIED.)
CURVE()
GEOMETRIC_REPRESENTATION_ITEM()
RATIONAL_B_SPLINE_CURVE((1.0000000000,1.0000000000))
REPRESENTATION_ITEM('')
);
#801=CARTESIAN_POINT('',(-43.1979082892,-0.5033040534,0.0000000000));
#802=CARTESIAN_POINT('',(-43.1703901573,-0.4444356503,0.0000000000));

#803=(
BOUNDED_CURVE()
B_SPLINE_CURVE(1,(#804,#805),.UNSPECIFIED.,.F.,.F.)
B_SPLINE_CURVE_WITH_KNOTS((2,2),(0.000,1.000),.UNSPECIFIED.)
CURVE()
GEOMETRIC_REPRESENTATION_ITEM()
RATIONAL_B_SPLINE_CURVE((1.0000000000,1.0000000000))
REPRESENTATION_ITEM('')
);
#804=CARTESIAN_POINT('',(-43.1703901573,-0.4444356503,0.0000000000));
#805=CARTESIAN_POINT('',(-43.1504344082,-0.3827207771,0.0000000000));

#806=(
BOUNDED_CURVE()
B_SPLINE_CURVE(1,(#807,#808),.UNSPECIFIED.,.F.,.F.)
B_SPLINE_CURVE_WITH_KNOTS((2,2),(0.000,1.000),.UNSPECIFIED.)
CURVE()
GEOMETRIC_REPRESENTATION_ITEM()
RATIONAL_B_SPLINE_CURVE((1.0000000000,1.0000000000))
REPRESENTATION_ITEM('')
);
#807=CARTESIAN_POINT('',(-43.1504344082,-0.3827207771,0.0000000000));
#808=CARTESIAN_POINT('',(-43.1383400767,-0.3190842240,0.0000000000));

#809=(
BOUNDED_CURVE()
B_SPLINE_CURVE(1,(#810,#811),.UNSPECIFIED.,.F.,.F.)
B_SPLINE_CURVE_WITH_KNOTS((2,2),(0.000,1.000),.UNSPECIFIED.)
CURVE()
GEOMETRIC_REPRESENTATION_ITEM()
RATIONAL_B_SPLINE_CURVE((1.0000000000,1.0000000000))
REPRESENTATION_ITEM('')
);
#810=CARTESIAN_POINT('',(-43.1383400767,-0.3190842240,0.0000000000));
#811=CARTESIAN_POINT('',(-43.1342883948,-0.2544795776,0.0000000000));

#812=(
BOUNDED_CURVE()
B_SPLINE_CURVE(1,(#813,#814),.UNSPECIFIED.,.F.,.F.)
B_SPLINE_CURVE_WITH_KNOTS((2,2),(0.000,1.000),.UNSPECIFIED.)
CURVE()
GEOMETRIC_REPRESENTATION_ITEM()
RATIONAL_B_SPLINE_CURVE((1.0000000000,1.0000000000))
REPRESENTATION_ITEM('')
);
#813=CARTESIAN_POINT('',(-43.1342883948,-0.2544795776,0.0000000000));
#814=CARTESIAN_POINT('',(-43.1383400767,-0.1898749311,0.0000000000));

#815=(
BOUNDED_CURVE()
B_SPLINE_CURVE(1,(#816,#817),.UNSPECIFIED.,.F.,.F.)
B_SPLINE_CURVE_WITH_KNOTS((2,2),(0.000,1.000),.UNSPECIFIED.)
CURVE()
GEOMETRIC_REPRESENTATION_ITEM()
RATIONAL_B_SPLINE_CURVE((1.0000000000,1.0000000000))
REPRESENTATION_ITEM('')
);
#816=CARTESIAN_POINT('',(-43.1383400767,-0.1898749311,0.0000000000));
#817=CARTESIAN_POINT('',(-43.1504344082,-0.1262383780,0.0000000000));

#818=(
BOUNDED_CURVE()
B_SPLINE_CURVE(1,(#819,#820),.UNSPECIFIED.,.F.,.F.)
B_SPLINE_CURVE_WITH_KNOTS((2,2),(0.000,1.000),.UNSPECIFIED.)
CURVE()
GEOMETRIC_REPRESENTATION_ITEM()
RATIONAL_B_SPLINE_CURVE((1.0000000000,1.0000000000))
REPRESENTATION_ITEM('')
);
#819=CARTESIAN_POINT('',(-43.1504344082,-0.1262383780,0.0000000000));
#820=CARTESIAN_POINT('',(-43.1703901573,-0.0645235048,0.0000000000));

#821=(
BOUNDED_CURVE()
B_SPLINE_CURVE(1,(#822,#823),.UNSPECIFIED.,.F.,.F.)
B_SPLINE_CURVE_WITH_KNOTS((2,2),(0.000,1.000),.UNSPECIFIED.)
CURVE()
GEOMETRIC_REPRESENTATION_ITEM()
RATIONAL_B_SPLINE_CURVE((1.0000000000,1.0000000000))
REPRESENTATION_ITEM('')
);
#822=CARTESIAN_POINT('',(-43.1703901573,-0.0645235048,0.0000000000));
#823=CARTESIAN_POINT('',(-43.1979082892,-0.0056551017,0.0000000000));

#824=(
BOUNDED_CURVE()
B_SPLINE_CURVE(1,(#825,#826),.UNSPECIFIED.,.F.,.F.)
B_SPLINE_CURVE_WITH_KNOTS((2,2),(0.000,1.000),.UNSPECIFIED.)
CURVE()
GEOMETRIC_REPRESENTATION_ITEM()
RATIONAL_B_SPLINE_CURVE((1.0000000000,1.0000000000))
REPRESENTATION_ITEM('')
);
#825=CARTESIAN_POINT('',(5.3567951074,19.6401682852,0.0000000000));
#826=CARTESIAN_POINT('',(5.3441305686,19.6532122653,0.0000000000));

#827=(
BOUNDED_CURVE()
B_SPLINE_CURVE(1,(#828,#829),.UNSPECIFIED.,.F.,.F.)
B_SPLINE_CURVE_WITH_KNOTS((2,2),(0.000,1.000),.UNSPECIFIED.)
CURVE()
GEOMETRIC_REPRESENTATION_ITEM()
RATIONAL_B_SPLINE_CURVE((1.0000000000,1.0000000000))
REPRESENTATION_ITEM('')
);
#828=CARTESIAN_POINT('',(5.3441305686,19.6532122653,0.0000000000));
#829=CARTESIAN_POINT('',(5.3287398152,19.6630622513,0.0000000000));

#830=(
BOUNDED_CURVE()
B_SPLINE_CURVE(1,(#831,#832),.UNSPECIFIED.,.F.,.F.)
B_SPLINE_CURVE_WITH_KNOTS((2,2),(0.000,1.000),.UNSPECIFIED.)
CURVE()
GEOMETRIC_REPRESENTATION_ITEM()
RATIONAL_B_SPLINE_CURVE((1.0000000000,1.0000000000))
REPRESENTATION_ITEM('')
);
#831=CARTESIAN_POINT('',(5.3287398152,19.6630622513,0.0000000000));
#832=CARTESIAN_POINT('',(5.3114462837,19.6691912490,0.0000000000));

#833=(
BOUNDED_CURVE()
B_SPLINE_CURVE(1,(#834,#835),.UNSPECIFIED.,.F.,.F.)
B_SPLINE_CURVE_WITH_KNOTS((2,2),(0.000,1.000),.UNSPECIFIED.)
CURVE()
GEOMETRIC_REPRESENTATION_ITEM()
RATIONAL_B_SPLINE_CURVE((1.0000000000,1.0000000000))
REPRESENTATION_ITEM('')
);
#834=CARTESIAN_POINT('',(5.3114462837,19.6691912490,0.0000000000));
#835=CARTESIAN_POINT('',(5.2931752131,19.6712713447,0.0000000000));

#836=(
BOUNDED_CURVE()
B_SPLINE_CURVE(1,(#837,#838),.UNSPECIFIED.,.F.,.F.)
B_SPLINE_CURVE_WITH_KNOTS((2,2),(0.000,1.000),.UNSPECIFIED.)
CURVE()
GEOMETRIC_REPRESENTATION_ITEM()
RATIONAL_B_SPLINE_CURVE((1.0000000000,1.0000000000))
REPRESENTATION_ITEM('')
);
#837=CARTESIAN_POINT('',(5.2931752131,19.6712713447,0.0000000000));
#838=CARTESIAN_POINT('',(5.2749041424,19.6691912490,0.0000000000));

#839=(
BOUNDED_CURVE()
B_SPLINE_CURVE(1,(#840,#841),.UNSPECIFIED.,.F.,.F.)
B_SPLINE_CURVE_WITH_KNOTS((2,2),(0.000,1.000),.UNSPECIFIED.)
CURVE()
GEOMETRIC_REPRESENTATION_ITEM()
RATIONAL_B_SPLINE_CURVE((1.0000000000,1.0000000000))
REPRESENTATION_ITEM('')
);
#840=CARTESIAN_POINT('',(5.2749041424,19.6691912490,0.0000000000));
#841=CARTESIAN_POINT('',(5.2576106109,19.6630622513,0.0000000000));

#842=(
BOUNDED_CURVE()
B_SPLINE_CURVE(1,(#843,#844),.UNSPECIFIED.,.F.,.F.)
B_SPLINE_CURVE_WITH_KNOTS((2,2),(0.000,1.000),.UNSPECIFIED.)
CURVE()
GEOMETRIC_REPRESENTATION_ITEM()
RATIONAL_B_SPLINE_CURVE((1.0000000000,1.0000000000))
REPRESENTATION_ITEM('')
);
#843=CARTESIAN_POINT('',(5.2576106109,19.6630622513,0.0000000000));
#844=CARTESIAN_POINT('',(5.2422198575,19.6532122653,0.0000000000));

#845=(
BOUNDED_CURVE()
B_SPLINE_CURVE(1,(#846,#847),.UNSPECIFIED.,.F.,.F.)
B_SPLINE_CURVE_WITH_KNOTS((2,2),(0.000,1.000),.UNSPECIFIED.)
CURVE()
GEOMETRIC_REPRESENTATION_ITEM()
RATIONAL_B_SPLINE_CURVE((1.0000000000,1.0000000000))
REPRESENTATION_ITEM('')
);
#846=CARTESIAN_POINT('',(5.2422198575,19.6532122653,0.0000000000));
#847=CARTESIAN_POINT('',(5.2295553187,19.6401682852,0.0000000000));

#848=(
BOUNDED_CURVE()
B_SPLINE_CURVE(1,(#849,#850),.UNSPECIFIED.,.F.,.F.)
B_SPLINE_CURVE_WITH_KNOTS((2,2),(0.000,1.000),.UNSPECIFIED.)
CURVE()
GEOMETRIC_REPRESENTATION_ITEM()
RATIONAL_B_SPLINE_CURVE((1.0000000000,1.0000000000))
REPRESENTATION_ITEM('')
);
#849=CARTESIAN_POINT('',(5.2295553187,19.6401682852,0.0000000000));
#850=CARTESIAN_POINT('',(5.2020371867,19.5812998821,0.0000000000));

#851=(
BOUNDED_CURVE()
B_SPLINE_CURVE(1,(#852,#853),.UNSPECIFIED.,.F.,.F.)
B_SPLINE_CURVE_WITH_KNOTS((2,2),(0.000,1.000),.UNSPECIFIED.)
CURVE()
GEOMETRIC_REPRESENTATION_ITEM()
RATIONAL_B_SPLINE_CURVE((1.0000000000,1.0000000000))
REPRESENTATION_ITEM('')
);
#852=CARTESIAN_POINT('',(5.2020371867,19.5812998821,0.0000000000));
#853=CARTESIAN_POINT('',(5.1820814377,19.5195850089,0.0000000000));

#854=(
BOUNDED_CURVE()
B_SPLINE_CURVE(1,(#855,#856),.UNSPECIFIED.,.F.,.F.)
B_SPLINE_CURVE_WITH_KNOTS((2,2),(0.000,1.000),.UNSPECIFIED.)
CURVE()
GEOMETRIC_REPRESENTATION_ITEM()
RATIONAL_B_SPLINE_CURVE((1.0000000000,1.0000000000))
REPRESENTATION_ITEM('')
);
#855=CARTESIAN_POINT('',(5.1820814377,19.5195850089,0.0000000000));
#856=CARTESIAN_POINT('',(5.1699871061,19.4559484558,0.0000000000));

#857=(
BOUNDED_CURVE()
B_SPLINE_CURVE(1,(#858,#859),.UNSPECIFIED.,.F.,.F.)
B_SPLINE_CURVE_WITH_KNOTS((2,2),(0.000,1.000),.UNSPECIFIED.)
CURVE()
GEOMETRIC_REPRESENTATION_ITEM()
RATIONAL_B_SPLINE_CURVE((1.0000000000,1.0000000000))
REPRESENTATION_ITEM('')
);
#858=CARTESIAN_POINT('',(5.1699871061,19.4559484558,0.0000000000));
#859=CARTESIAN_POINT('',(5.1659354243,19.3913438094,0.0000000000));

#860=(
BOUNDED_CURVE()
B_SPLINE_CURVE(1,(#861,#862),.UNSPECIFIED.,.F.,.F.)
B_SPLINE_CURVE_WITH_KNOTS((2,2),(0.000,1.000),.UNSPECIFIED.)
CURVE()
GEOMETRIC_REPRESENTATION_ITEM()
RATIONAL_B_SPLINE_CURVE((1.0000000000,1.0000000000))
REPRESENTATION_ITEM('')
);
#861=CARTESIAN_POINT('',(5.1659354243,19.3913438094,0.0000000000));
#862=CARTESIAN_POINT('',(5.1699871061,19.3267391629,0.0000000000));

#863=(
BOUNDED_CURVE()
B_SPLINE_CURVE(1,(#864,#865),.UNSPECIFIED.,.F.,.F.)
B_SPLINE_CURVE_WITH_KNOTS((2,2),(0.000,1.000),.UNSPECIFIED.)
CURVE()
GEOMETRIC_REPRESENTATION_ITEM()
RATIONAL_B_SPLINE_CURVE((1.0000000000,1.0000000000))
REPRESENTATION_ITEM('')
);
#864=CARTESIAN_POINT('',(5.1699871061,19.3267391629,0.0000000000));
#865=CARTESIAN_POINT('',(5.1820814377,19.2631026098,0.0000000000));

#866=(
BOUNDED_CURVE()
B_SPLINE_CURVE(1,(#867,#868),.UNSPECIFIED.,.F.,.F.)
B_SPLINE_CURVE_WITH_KNOTS((2,2),(0.000,1.000),.UNSPECIFIED.)
CURVE()
GEOMETRIC_REPRESENTATION_ITEM()
RATIONAL_B_SPLINE_CURVE((1.0000000000,1.0000000000))
REPRESENTATION_ITEM('')
);
#867=CARTESIAN_POINT('',(5.1820814377,19.2631026098,0.0000000000));
#868=CARTESIAN_POINT('',(5.2020371867,19.2013877366,0.0000000000));

#869=(
BOUNDED_CURVE()
B_SPLINE_CURVE(1,(#870,#871),.UNSPECIFIED.,.F.,.F.)
B_SPLINE_CURVE_WITH_KNOTS((2,2),(0.000,1.000),.UNSPECIFIED.)
CURVE()
GEOMETRIC_REPRESENTATION_ITEM()
RATIONAL_B_SPLINE_CURVE((1.0000000000,1.0000000000))
REPRESENTATION_ITEM('')
);
#870=CARTESIAN_POINT('',(5.2020371867,19.2013877366,0.0000000000));
#871=CARTESIAN_POINT('',(5.2295553187,19.1425193335,0.0000000000));

#872=(
BOUNDED_CURVE()
B_SPLINE_CURVE(1,(#873,#874),.UNSPECIFIED.,.F.,.F.)
B_SPLINE_CURVE_WITH_KNOTS((2,2),(0.000,1.000),.UNSPECIFIED.)
CURVE()
GEOMETRIC_REPRESENTATION_ITEM()
RATIONAL_B_SPLINE_CURVE((1.0000000000,1.0000000000))
REPRESENTATION_ITEM('')
);
#873=CARTESIAN_POINT('',(5.2295553187,19.1425193335,0.0000000000));
#874=CARTESIAN_POINT('',(5.2422198575,19.1294753534,0.0000000000));

#875=(
BOUNDED_CURVE()
B_SPLINE_CURVE(1,(#876,#877),.UNSPECIFIED.,.F.,.F.)
B_SPLINE_CURVE_WITH_KNOTS((2,2),(0.000,1.000),.UNSPECIFIED.)
CURVE()
GEOMETRIC_REPRESENTATION_ITEM()
RATIONAL_B_SPLINE_CURVE((1.0000000000,1.0000000000))
REPRESENTATION_ITEM('')
);
#876=CARTESIAN_POINT('',(5.2422198575,19.1294753534,0.0000000000));
#877=CARTESIAN_POINT('',(5.2576106109,19.1196253674,0.0000000000));

#878=(
BOUNDED_CURVE()
B_SPLINE_CURVE(1,(#879,#880),.UNSPECIFIED.,.F.,.F.)
B_SPLINE_CURVE_WITH_KNOTS((2,2),(0.000,1.000),.UNSPECIFIED.)
CURVE()
GEOMETRIC_REPRESENTATION_ITEM()
RATIONAL_B_SPLINE_CURVE((1.0000000000,1.0000000000))
REPRESENTATION_ITEM('')
);
#879=CARTESIAN_POINT('',(5.2576106109,19.1196253674,0.0000000000));
#880=CARTESIAN_POINT('',(5.2749041424,19.1134963697,0.0000000000));

#881=(
BOUNDED_CURVE()
B_SPLINE_CURVE(1,(#882,#883),.UNSPECIFIED.,.F.,.F.)
B_SPLINE_CURVE_WITH_KNOTS((2,2),(0.000,1.000),.UNSPECIFIED.)
CURVE()
GEOMETRIC_REPRESENTATION_ITEM()
RATIONAL_B_SPLINE_CURVE((1.0000000000,1.0000000000))
REPRESENTATION_ITEM('')
);
#882=CARTESIAN_POINT('',(5.2749041424,19.1134963697,0.0000000000));
#883=CARTESIAN_POINT('',(5.2931752131,19.1114162740,0.0000000000));

#884=(
BOUNDED_CURVE()
B_SPLINE_CURVE(1,(#885,#886),.UNSPECIFIED.,.F.,.F.)
B_SPLINE_CURVE_WITH_KNOTS((2,2),(0.000,1.000),.UNSPECIFIED.)
CURVE()
GEOMETRIC_REPRESENTATION_ITEM()
RATIONAL_B_SPLINE_CURVE((1.0000000000,1.0000000000))
REPRESENTATION_ITEM('')
);
#885=CARTESIAN_POINT('',(5.2931752131,19.1114162740,0.0000000000));
#886=CARTESIAN_POINT('',(5.3114462837,19.1134963697,0.0000000000));

#887=(
BOUNDED_CURVE()
B_SPLINE_CURVE(1,(#888,#889),.UNSPECIFIED.,.F.,.F.)
B_SPLINE_CURVE_WITH_KNOTS((2,2),(0.000,1.000),.UNSPECIFIED.)
CURVE()
GEOMETRIC_REPRESENTATION_ITEM()
RATIONAL_B_SPLINE_CURVE((1.0000000000,1.0000000000))
REPRESENTATION_ITEM('')
);
#888=CARTESIAN_POINT('',(5.3114462837,19.1134963697,0.0000000000));
#889=CARTESIAN_POINT('',(5.3287398152,19.1196253674,0.0000000000));

#890=(
BOUNDED_CURVE()
B_SPLINE_CURVE(1,(#891,#892),.UNSPECIFIED.,.F.,.F.)
B_SPLINE_CURVE_WITH_KNOTS((2,2),(0.000,1.000),.UNSPECIFIED.)
CURVE()
GEOMETRIC_REPRESENTATION_ITEM()
RATIONAL_B_SPLINE_CURVE((1.0000000000,1.0000000000))
REPRESENTATION_ITEM('')
);
#891=CARTESIAN_POINT('',(5.3287398152,19.1196253674,0.0000000000));
#892=CARTESIAN_POINT('',(5.3441305686,19.1294753534,0.0000000000));

#893=(
BOUNDED_CURVE()
B_SPLINE_CURVE(1,(#894,#895),.UNSPECIFIED.,.F.,.F.)
B_SPLINE_CURVE_WITH_KNOTS((2,2),(0.000,1.000),.UNSPECIFIED.)
CURVE()
GEOMETRIC_REPRESENTATION_ITEM()
RATIONAL_B_SPLINE_CURVE((1.0000000000,1.0000000000))
REPRESENTATION_ITEM('')
);
#894=CARTESIAN_POINT('',(5.3441305686,19.1294753534,0.0000000000));
#895=CARTESIAN_POINT('',(5.3567951074,19.1425193335,0.0000000000));

#896=(
BOUNDED_CURVE()
B_SPLINE_CURVE(1,(#897,#898),.UNSPECIFIED.,.F.,.F.)
B_SPLINE_CURVE_WITH_KNOTS((2,2),(0.000,1.000),.UNSPECIFIED.)
CURVE()
GEOMETRIC_REPRESENTATION_ITEM()
RATIONAL_B_SPLINE_CURVE((1.0000000000,1.0000000000))
REPRESENTATION_ITEM('')
);
#897=CARTESIAN_POINT('',(5.3567951074,19.1425193335,0.0000000000));
#898=CARTESIAN_POINT('',(5.3843132394,19.2013877366,0.0000000000));

#899=(
BOUNDED_CURVE()
B_SPLINE_CURVE(1,(#900,#901),.UNSPECIFIED.,.F.,.F.)
B_SPLINE_CURVE_WITH_KNOTS((2,2),(0.000,1.000),.UNSPECIFIED.)
CURVE()
GEOMETRIC_REPRESENTATION_ITEM()
RATIONAL_B_SPLINE_CURVE((1.0000000000,1.0000000000))
REPRESENTATION_ITEM('')
);
#900=CARTESIAN_POINT('',(5.3843132394,19.2013877366,0.0000000000));
#901=CARTESIAN_POINT('',(5.4042689884,19.2631026098,0.0000000000));

#902=(
BOUNDED_CURVE()
B_SPLINE_CURVE(1,(#903,#904),.UNSPECIFIED.,.F.,.F.)
B_SPLINE_CURVE_WITH_KNOTS((2,2),(0.000,1.000),.UNSPECIFIED.)
CURVE()
GEOMETRIC_REPRESENTATION_ITEM()
RATIONAL_B_SPLINE_CURVE((1.0000000000,1.0000000000))
REPRESENTATION_ITEM('')
);
#903=CARTESIAN_POINT('',(5.4042689884,19.2631026098,0.0000000000));
#904=CARTESIAN_POINT('',(5.4163633200,19.3267391629,0.0000000000));

#905=(
BOUNDED_CURVE()
B_SPLINE_CURVE(1,(#906,#907),.UNSPECIFIED.,.F.,.F.)
B_SPLINE_CURVE_WITH_KNOTS((2,2),(0.000,1.000),.UNSPECIFIED.)
CURVE()
GEOMETRIC_REPRESENTATION_ITEM()
RATIONAL_B_SPLINE_CURVE((1.0000000000,1.0000000000))
REPRESENTATION_ITEM('')
);
#906=CARTESIAN_POINT('',(5.4163633200,19.3267391629,0.0000000000));
#907=CARTESIAN_POINT('',(5.4204150018,19.3913438094,0.0000000000));

#908=(
BOUNDED_CURVE()
B_SPLINE_CURVE(1,(#909,#910),.UNSPECIFIED.,.F.,.F.)
B_SPLINE_CURVE_WITH_KNOTS((2,2),(0.000,1.000),.UNSPECIFIED.)
CURVE()
GEOMETRIC_REPRESENTATION_ITEM()
RATIONAL_B_SPLINE_CURVE((1.0000000000,1.0000000000))
REPRESENTATION_ITEM('')
);
#909=CARTESIAN_POINT('',(5.4204150018,19.3913438094,0.0000000000));
#910=CARTESIAN_POINT('',(5.4163633200,19.4559484558,0.0000000000));

#911=(
BOUNDED_CURVE()
B_SPLINE_CURVE(1,(#912,#913),.UNSPECIFIED.,.F.,.F.)
B_SPLINE_CURVE_WITH_KNOTS((2,2),(0.000,1.000),.UNSPECIFIED.)
CURVE()
GEOMETRIC_REPRESENTATION_ITEM()
RATIONAL_B_SPLINE_CURVE((1.0000000000,1.0000000000))
REPRESENTATION_ITEM('')
);
#912=CARTESIAN_POINT('',(5.4163633200,19.4559484558,0.0000000000));
#913=CARTESIAN_POINT('',(5.4042689884,19.5195850089,0.0000000000));

#914=(
BOUNDED_CURVE()
B_SPLINE_CURVE(1,(#915,#916),.UNSPECIFIED.,.F.,.F.)
B_SPLINE_CURVE_WITH_KNOTS((2,2),(0.000,1.000),.UNSPECIFIED.)
CURVE()
GEOMETRIC_REPRESENTATION_ITEM()
RATIONAL_B_SPLINE_CURVE((1.0000000000,1.0000000000))
REPRESENTATION_ITEM('')
);
#915=CARTESIAN_POINT('',(5.4042689884,19.5195850089,0.0000000000));
#916=CARTESIAN_POINT('',(5.3843132394,19.5812998821,0.0000000000));

#917=(
BOUNDED_CURVE()
B_SPLINE_CURVE(1,(#918,#919),.UNSPECIFIED.,.F.,.F.)
B_SPLINE_CURVE_WITH_KNOTS((2,2),(0.000,1.000),.UNSPECIFIED.)
CURVE()
GEOMETRIC_REPRESENTATION_ITEM()
RATIONAL_B_SPLINE_CURVE((1.0000000000,1.0000000000))
REPRESENTATION_ITEM('')
);
#918=CARTESIAN_POINT('',(5.3843132394,19.5812998821,0.0000000000));
#919=CARTESIAN_POINT('',(5.3567951074,19.6401682852,0.0000000000));

#920=(
BOUNDED_CURVE()
B_SPLINE_CURVE(1,(#921,#922),.UNSPECIFIED.,.F.,.F.)
B_SPLINE_CURVE_WITH_KNOTS((2,2),(0.000,1.000),.UNSPECIFIED.)
CURVE()
GEOMETRIC_REPRESENTATION_ITEM()
RATIONAL_B_SPLINE_CURVE((1.0000000000,1.0000000000))
REPRESENTATION_ITEM('')
);
#921=CARTESIAN_POINT('',(5.8148583470,19.6401682852,0.0000000000));
#922=CARTESIAN_POINT('',(5.8021938082,19.6532122653,0.0000000000));

#923=(
BOUNDED_CURVE()
B_SPLINE_CURVE(1,(#924,#925),.UNSPECIFIED.,.F.,.F.)
B_SPLINE_CURVE_WITH_KNOTS((2,2),(0.000,1.000),.UNSPECIFIED.)
CURVE()
GEOMETRIC_REPRESENTATION_ITEM()
RATIONAL_B_SPLINE_CURVE((1.0000000000,1.0000000000))
REPRESENTATION_ITEM('')
);
#924=CARTESIAN_POINT('',(5.8021938082,19.6532122653,0.0000000000));
#925=CARTESIAN_POINT('',(5.7868030548,19.6630622513,0.0000000000));

#926=(
BOUNDED_CURVE()
B_SPLINE_CURVE(1,(#927,#928),.UNSPECIFIED.,.F.,.F.)
B_SPLINE_CURVE_WITH_KNOTS((2,2),(0.000,1.000),.UNSPECIFIED.)
CURVE()
GEOMETRIC_REPRESENTATION_ITEM()
RATIONAL_B_SPLINE_CURVE((1.0000000000,1.0000000000))
REPRESENTATION_ITEM('')
);
#927=CARTESIAN_POINT('',(5.7868030548,19.6630622513,0.0000000000));
#928=CARTESIAN_POINT('',(5.7695095233,19.6691912490,0.0000000000));

#929=(
BOUNDED_CURVE()
B_SPLINE_CURVE(1,(#930,#931),.UNSPECIFIED.,.F.,.F.)
B_SPLINE_CURVE_WITH_KNOTS((2,2),(0.000,1.000),.UNSPECIFIED.)
CURVE()
GEOMETRIC_REPRESENTATION_ITEM()
RATIONAL_B_SPLINE_CURVE((1.0000000000,1.0000000000))
REPRESENTATION_ITEM('')
);
#930=CARTESIAN_POINT('',(5.7695095233,19.6691912490,0.0000000000));
#931=CARTESIAN_POINT('',(5.7512384526,19.6712713447,0.0000000000));

#932=(
BOUNDED_CURVE()
B_SPLINE_CURVE(1,(#933,#934),.UNSPECIFIED.,.F.,.F.)
B_SPLINE_CURVE_WITH_KNOTS((2,2),(0.000,1.000),.UNSPECIFIED.)
CURVE()
GEOMETRIC_REPRESENTATION_ITEM()
RATIONAL_B_SPLINE_CURVE((1.0000000000,1.0000000000))
REPRESENTATION_ITEM('')
);
#933=CARTESIAN_POINT('',(5.7512384526,19.6712713447,0.0000000000));
#934=CARTESIAN_POINT('',(5.7329673820,19.6691912490,0.0000000000));

#935=(
BOUNDED_CURVE()
B_SPLINE_CURVE(1,(#936,#937),.UNSPECIFIED.,.F.,.F.)
B_SPLINE_CURVE_WITH_KNOTS((2,2),(0.000,1.000),.UNSPECIFIED.)
CURVE()
GEOMETRIC_REPRESENTATION_ITEM()
RATIONAL_B_SPLINE_CURVE((1.0000000000,1.0000000000))
REPRESENTATION_ITEM('')
);
#936=CARTESIAN_POINT('',(5.7329673820,19.6691912490,0.0000000000));
#937=CARTESIAN_POINT('',(5.7156738505,19.6630622513,0.0000000000));

#938=(
BOUNDED_CURVE()
B_SPLINE_CURVE(1,(#939,#940),.UNSPECIFIED.,.F.,.F.)
B_SPLINE_CURVE_WITH_KNOTS((2,2),(0.000,1.000),.UNSPECIFIED.)
CURVE()
GEOMETRIC_REPRESENTATION_ITEM()
RATIONAL_B_SPLINE_CURVE((1.0000000000,1.0000000000))
REPRESENTATION_ITEM('')
);
#939=CARTESIAN_POINT('',(5.7156738505,19.6630622513,0.0000000000));
#940=CARTESIAN_POINT('',(5.7002830971,19.6532122653,0.0000000000));

#941=(
BOUNDED_CURVE()
B_SPLINE_CURVE(1,(#942,#943),.UNSPECIFIED.,.F.,.F.)
B_SPLINE_CURVE_WITH_KNOTS((2,2),(0.000,1.000),.UNSPECIFIED.)
CURVE()
GEOMETRIC_REPRESENTATION_ITEM()
RATIONAL_B_SPLINE_CURVE((1.0000000000,1.0000000000))
REPRESENTATION_ITEM('')
);
#942=CARTESIAN_POINT('',(5.7002830971,19.6532122653,0.0000000000));
#943=CARTESIAN_POINT('',(5.6876185583,19.6401682852,0.0000000000));

#944=(
BOUNDED_CURVE()
B_SPLINE_CURVE(1,(#945,#946),.UNSPECIFIED.,.F.,.F.)
B_SPLINE_CURVE_WITH_KNOTS((2,2),(0.000,1.000),.UNSPECIFIED.)
CURVE()
GEOMETRIC_REPRESENTATION_ITEM()
RATIONAL_B_SPLINE_CURVE((1.0000000000,1.0000000000))
REPRESENTATION_ITEM('')
);
#945=CARTESIAN_POINT('',(5.6876185583,19.6401682852,0.0000000000));
#946=CARTESIAN_POINT('',(5.6601004263,19.5812998821,0.0000000000));

#947=(
BOUNDED_CURVE()
B_SPLINE_CURVE(1,(#948,#949),.UNSPECIFIED.,.F.,.F.)
B_SPLINE_CURVE_WITH_KNOTS((2,2),(0.000,1.000),.UNSPECIFIED.)
CURVE()
GEOMETRIC_REPRESENTATION_ITEM()
RATIONAL_B_SPLINE_CURVE((1.0000000000,1.0000000000))
REPRESENTATION_ITEM('')
);
#948=CARTESIAN_POINT('',(5.6601004263,19.5812998821,0.0000000000));
#949=CARTESIAN_POINT('',(5.6401446773,19.5195850089,0.0000000000));

#950=(
BOUNDED_CURVE()
B_SPLINE_CURVE(1,(#951,#952),.UNSPECIFIED.,.F.,.F.)
B_SPLINE_CURVE_WITH_KNOTS((2,2),(0.000,1.000),.UNSPECIFIED.)
CURVE()
GEOMETRIC_REPRESENTATION_ITEM()
RATIONAL_B_SPLINE_CURVE((1.0000000000,1.0000000000))
REPRESENTATION_ITEM('')
);
#951=CARTESIAN_POINT('',(5.6401446773,19.5195850089,0.0000000000));
#952=CARTESIAN_POINT('',(5.6280503457,19.4559484558,0.0000000000));

#953=(
BOUNDED_CURVE()
B_SPLINE_CURVE(1,(#954,#955),.UNSPECIFIED.,.F.,.F.)
B_SPLINE_CURVE_WITH_KNOTS((2,2),(0.000,1.000),.UNSPECIFIED.)
CURVE()
GEOMETRIC_REPRESENTATION_ITEM()
RATIONAL_B_SPLINE_CURVE((1.0000000000,1.0000000000))
REPRESENTATION_ITEM('')
);
#954=CARTESIAN_POINT('',(5.6280503457,19.4559484558,0.0000000000));
#955=CARTESIAN_POINT('',(5.6239986639,19.3913438094,0.0000000000));

#956=(
BOUNDED_CURVE()
B_SPLINE_CURVE(1,(#957,#958),.UNSPECIFIED.,.F.,.F.)
B_SPLINE_CURVE_WITH_KNOTS((2,2),(0.000,1.000),.UNSPECIFIED.)
CURVE()
GEOMETRIC_REPRESENTATION_ITEM()
RATIONAL_B_SPLINE_CURVE((1.0000000000,1.0000000000))
REPRESENTATION_ITEM('')
);
#957=CARTESIAN_POINT('',(5.6239986639,19.3913438094,0.0000000000));
#958=CARTESIAN_POINT('',(5.6280503457,19.3267391629,0.0000000000));

#959=(
BOUNDED_CURVE()
B_SPLINE_CURVE(1,(#960,#961),.UNSPECIFIED.,.F.,.F.)
B_SPLINE_CURVE_WITH_KNOTS((2,2),(0.000,1.000),.UNSPECIFIED.)
CURVE()
GEOMETRIC_REPRESENTATION_ITEM()
RATIONAL_B_SPLINE_CURVE((1.0000000000,1.0000000000))
REPRESENTATION_ITEM('')
);
#960=CARTESIAN_POINT('',(5.6280503457,19.3267391629,0.0000000000));
#961=CARTESIAN_POINT('',(5.6401446773,19.2631026098,0.0000000000));

#962=(
BOUNDED_CURVE()
B_SPLINE_CURVE(1,(#963,#964),.UNSPECIFIED.,.F.,.F.)
B_SPLINE_CURVE_WITH_KNOTS((2,2),(0.000,1.000),.UNSPECIFIED.)
CURVE()
GEOMETRIC_REPRESENTATION_ITEM()
RATIONAL_B_SPLINE_CURVE((1.0000000000,1.0000000000))
REPRESENTATION_ITEM('')
);
#963=CARTESIAN_POINT('',(5.6401446773,19.2631026098,0.0000000000));
#964=CARTESIAN_POINT('',(5.6601004263,19.2013877366,0.0000000000));

#965=(
BOUNDED_CURVE()
B_SPLINE_CURVE(1,(#966,#967),.UNSPECIFIED.,.F.,.F.)
B_SPLINE_CURVE_WITH_KNOTS((2,2),(0.000,1.000),.UNSPECIFIED.)
CURVE()
GEOMETRIC_REPRESENTATION_ITEM()
RATIONAL_B_SPLINE_CURVE((1.0000000000,1.0000000000))
REPRESENTATION_ITEM('')
);
#966=CARTESIAN_POINT('',(5.6601004263,19.2013877366,0.0000000000));
#967=CARTESIAN_POINT('',(5.6876185583,19.1425193335,0.0000000000));

#968=(
BOUNDED_CURVE()
B_SPLINE_CURVE(1,(#969,#970),.UNSPECIFIED.,.F.,.F.)
B_SPLINE_CURVE_WITH_KNOTS((2,2),(0.000,1.000),.UNSPECIFIED.)
CURVE()
GEOMETRIC_REPRESENTATION_ITEM()
RATIONAL_B_SPLINE_CURVE((1.0000000000,1.0000000000))
REPRESENTATION_ITEM('')
);
#969=CARTESIAN_POINT('',(5.6876185583,19.1425193335,0.0000000000));
#970=CARTESIAN_POINT('',(5.7002830971,19.1294753534,0.0000000000));

#971=(
BOUNDED_CURVE()
B_SPLINE_CURVE(1,(#972,#973),.UNSPECIFIED.,.F.,.F.)
B_SPLINE_CURVE_WITH_KNOTS((2,2),(0.000,1.000),.UNSPECIFIED.)
CURVE()
GEOMETRIC_REPRESENTATION_ITEM()
RATIONAL_B_SPLINE_CURVE((1.0000000000,1.0000000000))
REPRESENTATION_ITEM('')
);
#972=CARTESIAN_POINT('',(5.7002830971,19.1294753534,0.0000000000));
#973=CARTESIAN_POINT('',(5.7156738505,19.1196253674,0.0000000000));

#974=(
BOUNDED_CURVE()
B_SPLINE_CURVE(1,(#975,#976),.UNSPECIFIED.,.F.,.F.)
B_SPLINE_CURVE_WITH_KNOTS((2,2),(0.000,1.000),.UNSPECIFIED.)
CURVE()
GEOMETRIC_REPRESENTATION_ITEM()
RATIONAL_B_SPLINE_CURVE((1.0000000000,1.0000000000))
REPRESENTATION_ITEM('')
);
#975=CARTESIAN_POINT('',(5.7156738505,19.1196253674,0.0000000000));
#976=CARTESIAN_POINT('',(5.7329673820,19.1134963697,0.0000000000));

#977=(
BOUNDED_CURVE()
B_SPLINE_CURVE(1,(#978,#979),.UNSPECIFIED.,.F.,.F.)
B_SPLINE_CURVE_WITH_KNOTS((2,2),(0.000,1.000),.UNSPECIFIED.)
CURVE()
GEOMETRIC_REPRESENTATION_ITEM()
RATIONAL_B_SPLINE_CURVE((1.0000000000,1.0000000000))
REPRESENTATION_ITEM('')
);
#978=CARTESIAN_POINT('',(5.7329673820,19.1134963697,0.0000000000));
#979=CARTESIAN_POINT('',(5.7512384526,19.1114162740,0.0000000000));

#980=(
BOUNDED_CURVE()
B_SPLINE_CURVE(1,(#981,#982),.UNSPECIFIED.,.F.,.F.)
B_SPLINE_CURVE_WITH_KNOTS((2,2),(0.000,1.000),.UNSPECIFIED.)
CURVE()
GEOMETRIC_REPRESENTATION_ITEM()
RATIONAL_B_SPLINE_CURVE((1.0000000000,1.0000000000))
REPRESENTATION_ITEM('')
);
#981=CARTESIAN_POINT('',(5.7512384526,19.1114162740,0.0000000000));
#982=CARTESIAN_POINT('',(5.7695095233,19.1134963697,0.0000000000));

#983=(
BOUNDED_CURVE()
B_SPLINE_CURVE(1,(#984,#985),.UNSPECIFIED.,.F.,.F.)
B_SPLINE_CURVE_WITH_KNOTS((2,2),(0.000,1.000),.UNSPECIFIED.)
CURVE()
GEOMETRIC_REPRESENTATION_ITEM()
RATIONAL_B_SPLINE_CURVE((1.0000000000,1.0000000000))
REPRESENTATION_ITEM('')
);
#984=CARTESIAN_POINT('',(5.7695095233,19.1134963697,0.0000000000));
#985=CARTESIAN_POINT('',(5.7868030548,19.1196253674,0.0000000000));

#986=(
BOUNDED_CURVE()
B_SPLINE_CURVE(1,(#987,#988),.UNSPECIFIED.,.F.,.F.)
B_SPLINE_CURVE_WITH_KNOTS((2,2),(0.000,1.000),.UNSPECIFIED.)
CURVE()
GEOMETRIC_REPRESENTATION_ITEM()
RATIONAL_B_SPLINE_CURVE((1.0000000000,1.0000000000))
REPRESENTATION_ITEM('')
);
#987=CARTESIAN_POINT('',(5.7868030548,19.1196253674,0.0000000000));
#988=CARTESIAN_POINT('',(5.8021938082,19.1294753534,0.0000000000));

#989=(
BOUNDED_CURVE()
B_SPLINE_CURVE(1,(#990,#991),.UNSPECIFIED.,.F.,.F.)
B_SPLINE_CURVE_WITH_KNOTS((2,2),(0.000,1.000),.UNSPECIFIED.)
CURVE()
GEOMETRIC_REPRESENTATION_ITEM()
RATIONAL_B_SPLINE_CURVE((1.0000000000,1.0000000000))
REPRESENTATION_ITEM('')
);
#990=CARTESIAN_POINT('',(5.8021938082,19.1294753534,0.0000000000));
#991=CARTESIAN_POINT('',(5.8148583470,19.1425193335,0.0000000000));

#992=(
BOUNDED_CURVE()
B_SPLINE_CURVE(1,(#993,#994),.UNSPECIFIED.,.F.,.F.)
B_SPLINE_CURVE_WITH_KNOTS((2,2),(0.000,1.000),.UNSPECIFIED.)
CURVE()
GEOMETRIC_REPRESENTATION_ITEM()
RATIONAL_B_SPLINE_CURVE((1.0000000000,1.0000000000))
REPRESENTATION_ITEM('')
);
#993=CARTESIAN_POINT('',(5.8148583470,19.1425193335,0.0000000000));
#994=CARTESIAN_POINT('',(5.8423764790,19.2013877366,0.0000000000));

#995=(
BOUNDED_CURVE()
B_SPLINE_CURVE(1,(#996,#997),.UNSPECIFIED.,.F.,.F.)
B_SPLINE_CURVE_WITH_KNOTS((2,2),(0.000,1.000),.UNSPECIFIED.)
CURVE()
GEOMETRIC_REPRESENTATION_ITEM()
RATIONAL_B_SPLINE_CURVE((1.0000000000,1.0000000000))
REPRESENTATION_ITEM('')
);
#996=CARTESIAN_POINT('',(5.8423764790,19.2013877366,0.0000000000));
#997=CARTESIAN_POINT('',(5.8623322280,19.2631026098,0.0000000000));

#998=(
BOUNDED_CURVE()
B_SPLINE_CURVE(1,(#999,#1000),.UNSPECIFIED.,.F.,.F.)
B_SPLINE_CURVE_WITH_KNOTS((2,2),(0.000,1.000),.UNSPECIFIED.)
CURVE()
GEOMETRIC_REPRESENTATION_ITEM()
RATIONAL_B_SPLINE_CURVE((1.0000000000,1.0000000000))
REPRESENTATION_ITEM('')
);
#999=CARTESIAN_POINT('',(5.8623322280,19.2631026098,0.0000000000));
#1000=CARTESIAN_POINT('',(5.8744265596,19.3267391629,0.0000000000));

#1001=(
BOUNDED_CURVE()
B_SPLINE_CURVE(1,(#1002,#1003),.UNSPECIFIED.,.F.,.F.)
B_SPLINE_CURVE_WITH_KNOTS((2,2),(0.000,1.000),.UNSPECIFIED.)
CURVE()
GEOMETRIC_REPRESENTATION_ITEM()
RATIONAL_B_SPLINE_CURVE((1.0000000000,1.0000000000))
REPRESENTATION_ITEM('')
);
#1002=CARTESIAN_POINT('',(5.8744265596,19.3267391629,0.0000000000));
#1003=CARTESIAN_POINT('',(5.8784782414,19.3913438094,0.0000000000));

#1004=(
BOUNDED_CURVE()
B_SPLINE_CURVE(1,(#1005,#1006),.UNSPECIFIED.,.F.,.F.)
B_SPLINE_CURVE_WITH_KNOTS((2,2),(0.000,1.000),.UNSPECIFIED.)
CURVE()
GEOMETRIC_REPRESENTATION_ITEM()
RATIONAL_B_SPLINE_CURVE((1.0000000000,1.0000000000))
REPRESENTATION_ITEM('')
);
#1005=CARTESIAN_POINT('',(5.8784782414,19.3913438094,0.0000000000));
#1006=CARTESIAN_POINT('',(5.8744265596,19.4559484558,0.0000000000));

#1007=(
BOUNDED_CURVE()
B_SPLINE_CURVE(1,(#1008,#1009),.UNSPECIFIED.,.F.,.F.)
B_SPLINE_CURVE_WITH_KNOTS((2,2),(0.000,1.000),.UNSPECIFIED.)
CURVE()
GEOMETRIC_REPRESENTATION_ITEM()
RATIONAL_B_SPLINE_CURVE((1.0000000000,1.0000000000))
REPRESENTATION_ITEM('')
);
#1008=CARTESIAN_POINT('',(5.8744265596,19.4559484558,0.0000000000));
#1009=CARTESIAN_POINT('',(5.8623322280,19.5195850089,0.0000000000));

#1010=(
BOUNDED_CURVE()
B_SPLINE_CURVE(1,(#1011,#1012),.UNSPECIFIED.,.F.,.F.)
B_SPLINE_CURVE_WITH_KNOTS((2,2),(0.000,1.000),.UNSPECIFIED.)
CURVE()
GEOMETRIC_REPRESENTATION_ITEM()
RATIONAL_B_SPLINE_CURVE((1.0000000000,1.0000000000))
REPRESENTATION_ITEM('')
);
#1011=CARTESIAN_POINT('',(5.8623322280,19.5195850089,0.0000000000));
#1012=CARTESIAN_POINT('',(5.8423764790,19.5812998821,0.0000000000));

#1013=(
BOUNDED_CURVE()
B_SPLINE_CURVE(1,(#1014,#1015),.UNSPECIFIED.,.F.,.F.)
B_SPLINE_CURVE_WITH_KNOTS((2,2),(0.000,1.000),.UNSPECIFIED.)
CURVE()
GEOMETRIC_REPRESENTATION_ITEM()
RATIONAL_B_SPLINE_CURVE((1.0000000000,1.0000000000))
REPRESENTATION_ITEM('')
);
#1014=CARTESIAN_POINT('',(5.8423764790,19.5812998821,0.0000000000));
#1015=CARTESIAN_POINT('',(5.8148583470,19.6401682852,0.0000000000));

#1016=(
BOUNDED_CURVE()
B_SPLINE_CURVE(1,(#1017,#1018),.UNSPECIFIED.,.F.,.F.)
B_SPLINE_CURVE_WITH_KNOTS((2,2),(0.000,1.000),.UNSPECIFIED.)
CURVE()
GEOMETRIC_REPRESENTATION_ITEM()
RATIONAL_B_SPLINE_CURVE((1.0000000000,1.0000000000))
REPRESENTATION_ITEM('')
);
#1017=CARTESIAN_POINT('',(-35.7034847303,16.9228919071,0.0000000000));
#1018=CARTESIAN_POINT('',(-35.6879878468,16.8449838125,0.0000000000));

#1019=(
BOUNDED_CURVE()
B_SPLINE_CURVE(1,(#1020,#1021),.UNSPECIFIED.,.F.,.F.)
B_SPLINE_CURVE_WITH_KNOTS((2,2),(0.000,1.000),.UNSPECIFIED.)
CURVE()
GEOMETRIC_REPRESENTATION_ITEM()
RATIONAL_B_SPLINE_CURVE((1.0000000000,1.0000000000))
REPRESENTATION_ITEM('')
);
#1020=CARTESIAN_POINT('',(-35.6879878468,16.8449838125,0.0000000000));
#1021=CARTESIAN_POINT('',(-35.6438564563,16.7789365191,0.0000000000));

#1022=(
BOUNDED_CURVE()
B_SPLINE_CURVE(1,(#1023,#1024),.UNSPECIFIED.,.F.,.F.)
B_SPLINE_CURVE_WITH_KNOTS((2,2),(0.000,1.000),.UNSPECIFIED.)
CURVE()
GEOMETRIC_REPRESENTATION_ITEM()
RATIONAL_B_SPLINE_CURVE((1.0000000000,1.0000000000))
REPRESENTATION_ITEM('')
);
#1023=CARTESIAN_POINT('',(-35.6438564563,16.7789365191,0.0000000000));
#1024=CARTESIAN_POINT('',(-35.5778091629,16.7348051286,0.0000000000));

#1025=(
BOUNDED_CURVE()
B_SPLINE_CURVE(1,(#1026,#1027),.UNSPECIFIED.,.F.,.F.)
B_SPLINE_CURVE_WITH_KNOTS((2,2),(0.000,1.000),.UNSPECIFIED.)
CURVE()
GEOMETRIC_REPRESENTATION_ITEM()
RATIONAL_B_SPLINE_CURVE((1.0000000000,1.0000000000))
REPRESENTATION_ITEM('')
);
#1026=CARTESIAN_POINT('',(-35.5778091629,16.7348051286,0.0000000000));
#1027=CARTESIAN_POINT('',(-35.4999010683,16.7193082451,0.0000000000));

#1028=(
BOUNDED_CURVE()
B_SPLINE_CURVE(1,(#1029,#1030),.UNSPECIFIED.,.F.,.F.)
B_SPLINE_CURVE_WITH_KNOTS((2,2),(0.000,1.000),.UNSPECIFIED.)
CURVE()
GEOMETRIC_REPRESENTATION_ITEM()
RATIONAL_B_SPLINE_CURVE((1.0000000000,1.0000000000))
REPRESENTATION_ITEM('')
);
#1029=CARTESIAN_POINT('',(-35.4999010683,16.7193082451,0.0000000000));
#1030=CARTESIAN_POINT('',(-35.4219929737,16.7348051286,0.0000000000));

#1031=(
BOUNDED_CURVE()
B_SPLINE_CURVE(1,(#1032,#1033),.UNSPECIFIED.,.F.,.F.)
B_SPLINE_CURVE_WITH_KNOTS((2,2),(0.000,1.000),.UNSPECIFIED.)
CURVE()
GEOMETRIC_REPRESENTATION_ITEM()
RATIONAL_B_SPLINE_CURVE((1.0000000000,1.0000000000))
REPRESENTATION_ITEM('')
);
#1032=CARTESIAN_POINT('',(-35.4219929737,16.7348051286,0.0000000000));
#1033=CARTESIAN_POINT('',(-35.3559456803,16.7789365191,0.0000000000));

#1034=(
BOUNDED_CURVE()
B_SPLINE_CURVE(1,(#1035,#1036),.UNSPECIFIED.,.F.,.F.)
B_SPLINE_CURVE_WITH_KNOTS((2,2),(0.000,1.000),.UNSPECIFIED.)
CURVE()
GEOMETRIC_REPRESENTATION_ITEM()
RATIONAL_B_SPLINE_CURVE((1.0000000000,1.0000000000))
REPRESENTATION_ITEM('')
);
#1035=CARTESIAN_POINT('',(-35.3559456803,16.7789365191,0.0000000000));
#1036=CARTESIAN_POINT('',(-35.3118142898,16.8449838125,0.0000000000));

#1037=(
BOUNDED_CURVE()
B_SPLINE_CURVE(1,(#1038,#1039),.UNSPECIFIED.,.F.,.F.)
B_SPLINE_CURVE_WITH_KNOTS((2,2),(0.000,1.000),.UNSPECIFIED.)
CURVE()
GEOMETRIC_REPRESENTATION_ITEM()
RATIONAL_B_SPLINE_CURVE((1.0000000000,1.0000000000))
REPRESENTATION_ITEM('')
);
#1038=CARTESIAN_POINT('',(-35.3118142898,16.8449838125,0.0000000000));
#1039=CARTESIAN_POINT('',(-35.2963174063,16.9228919071,0.0000000000));

#1040=(
BOUNDED_CURVE()
B_SPLINE_CURVE(1,(#1041,#1042),.UNSPECIFIED.,.F.,.F.)
B_SPLINE_CURVE_WITH_KNOTS((2,2),(0.000,1.000),.UNSPECIFIED.)
CURVE()
GEOMETRIC_REPRESENTATION_ITEM()
RATIONAL_B_SPLINE_CURVE((1.0000000000,1.0000000000))
REPRESENTATION_ITEM('')
);
#1041=CARTESIAN_POINT('',(-35.2963174063,16.9228919071,0.0000000000));
#1042=CARTESIAN_POINT('',(-35.3118142898,17.0008000017,0.0000000000));

#1043=(
BOUNDED_CURVE()
B_SPLINE_CURVE(1,(#1044,#1045),.UNSPECIFIED.,.F.,.F.)
B_SPLINE_CURVE_WITH_KNOTS((2,2),(0.000,1.000),.UNSPECIFIED.)
CURVE()
GEOMETRIC_REPRESENTATION_ITEM()
RATIONAL_B_SPLINE_CURVE((1.0000000000,1.0000000000))
REPRESENTATION_ITEM('')
);
#1044=CARTESIAN_POINT('',(-35.3118142898,17.0008000017,0.0000000000));
#1045=CARTESIAN_POINT('',(-35.3559456803,17.0668472951,0.0000000000));

#1046=(
BOUNDED_CURVE()
B_SPLINE_CURVE(1,(#1047,#1048),.UNSPECIFIED.,.F.,.F.)
B_SPLINE_CURVE_WITH_KNOTS((2,2),(0.000,1.000),.UNSPECIFIED.)
CURVE()
GEOMETRIC_REPRESENTATION_ITEM()
RATIONAL_B_SPLINE_CURVE((1.0000000000,1.0000000000))
REPRESENTATION_ITEM('')
);
#1047=CARTESIAN_POINT('',(-35.3559456803,17.0668472951,0.0000000000));
#1048=CARTESIAN_POINT('',(-35.4219929737,17.1109786856,0.0000000000));

#1049=(
BOUNDED_CURVE()
B_SPLINE_CURVE(1,(#1050,#1051),.UNSPECIFIED.,.F.,.F.)
B_SPLINE_CURVE_WITH_KNOTS((2,2),(0.000,1.000),.UNSPECIFIED.)
CURVE()
GEOMETRIC_REPRESENTATION_ITEM()
RATIONAL_B_SPLINE_CURVE((1.0000000000,1.0000000000))
REPRESENTATION_ITEM('')
);
#1050=CARTESIAN_POINT('',(-35.4219929737,17.1109786856,0.0000000000));
#1051=CARTESIAN_POINT('',(-35.4999010683,17.1264755692,0.0000000000));

#1052=(
BOUNDED_CURVE()
B_SPLINE_CURVE(1,(#1053,#1054),.UNSPECIFIED.,.F.,.F.)
B_SPLINE_CURVE_WITH_KNOTS((2,2),(0.000,1.000),.UNSPECIFIED.)
CURVE()
GEOMETRIC_REPRESENTATION_ITEM()
RATIONAL_B_SPLINE_CURVE((1.0000000000,1.0000000000))
REPRESENTATION_ITEM('')
);
#1053=CARTESIAN_POINT('',(-35.4999010683,17.1264755692,0.0000000000));
#1054=CARTESIAN_POINT('',(-35.5778091629,17.1109786856,0.0000000000));

#1055=(
BOUNDED_CURVE()
B_SPLINE_CURVE(1,(#1056,#1057),.UNSPECIFIED.,.F.,.F.)
B_SPLINE_CURVE_WITH_KNOTS((2,2),(0.000,1.000),.UNSPECIFIED.)
CURVE()
GEOMETRIC_REPRESENTATION_ITEM()
RATIONAL_B_SPLINE_CURVE((1.0000000000,1.0000000000))
REPRESENTATION_ITEM('')
);
#1056=CARTESIAN_POINT('',(-35.5778091629,17.1109786856,0.0000000000));
#1057=CARTESIAN_POINT('',(-35.6438564563,17.0668472951,0.0000000000));

#1058=(
BOUNDED_CURVE()
B_SPLINE_CURVE(1,(#1059,#1060),.UNSPECIFIED.,.F.,.F.)
B_SPLINE_CURVE_WITH_KNOTS((2,2),(0.000,1.000),.UNSPECIFIED.)
CURVE()
GEOMETRIC_REPRESENTATION_ITEM()
RATIONAL_B_SPLINE_CURVE((1.0000000000,1.0000000000))
REPRESENTATION_ITEM('')
);
#1059=CARTESIAN_POINT('',(-35.6438564563,17.0668472951,0.0000000000));
#1060=CARTESIAN_POINT('',(-35.6879878468,17.0008000017,0.0000000000));

#1061=(
BOUNDED_CURVE()
B_SPLINE_CURVE(1,(#1062,#1063),.UNSPECIFIED.,.F.,.F.)
B_SPLINE_CURVE_WITH_KNOTS((2,2),(0.000,1.000),.UNSPECIFIED.)
CURVE()
GEOMETRIC_REPRESENTATION_ITEM()
RATIONAL_B_SPLINE_CURVE((1.0000000000,1.0000000000))
REPRESENTATION_ITEM('')
);
#1062=CARTESIAN_POINT('',(-35.6879878468,17.0008000017,0.0000000000));
#1063=CARTESIAN_POINT('',(-35.7034847303,16.9228919071,0.0000000000));

#1064=(
BOUNDED_CURVE()
B_SPLINE_CURVE(1,(#1065,#1066),.UNSPECIFIED.,.F.,.F.)
B_SPLINE_CURVE_WITH_KNOTS((2,2),(0.000,1.000),.UNSPECIFIED.)
CURVE()
GEOMETRIC_REPRESENTATION_ITEM()
RATIONAL_B_SPLINE_CURVE((1.0000000000,1.0000000000))
REPRESENTATION_ITEM('')
);
#1065=CARTESIAN_POINT('',(-34.2402271594,17.1943367898,0.0000000000));
#1066=CARTESIAN_POINT('',(-34.2528916983,17.2085665863,0.0000000000));

#1067=(
BOUNDED_CURVE()
B_SPLINE_CURVE(1,(#1068,#1069),.UNSPECIFIED.,.F.,.F.)
B_SPLINE_CURVE_WITH_KNOTS((2,2),(0.000,1.000),.UNSPECIFIED.)
CURVE()
GEOMETRIC_REPRESENTATION_ITEM()
RATIONAL_B_SPLINE_CURVE((1.0000000000,1.0000000000))
REPRESENTATION_ITEM('')
);
#1068=CARTESIAN_POINT('',(-34.2528916983,17.2085665863,0.0000000000));
#1069=CARTESIAN_POINT('',(-34.2682824517,17.2193120256,0.0000000000));

#1070=(
BOUNDED_CURVE()
B_SPLINE_CURVE(1,(#1071,#1072),.UNSPECIFIED.,.F.,.F.)
B_SPLINE_CURVE_WITH_KNOTS((2,2),(0.000,1.000),.UNSPECIFIED.)
CURVE()
GEOMETRIC_REPRESENTATION_ITEM()
RATIONAL_B_SPLINE_CURVE((1.0000000000,1.0000000000))
REPRESENTATION_ITEM('')
);
#1071=CARTESIAN_POINT('',(-34.2682824517,17.2193120256,0.0000000000));
#1072=CARTESIAN_POINT('',(-34.2855759831,17.2259982049,0.0000000000));

#1073=(
BOUNDED_CURVE()
B_SPLINE_CURVE(1,(#1074,#1075),.UNSPECIFIED.,.F.,.F.)
B_SPLINE_CURVE_WITH_KNOTS((2,2),(0.000,1.000),.UNSPECIFIED.)
CURVE()
GEOMETRIC_REPRESENTATION_ITEM()
RATIONAL_B_SPLINE_CURVE((1.0000000000,1.0000000000))
REPRESENTATION_ITEM('')
);
#1074=CARTESIAN_POINT('',(-34.2855759831,17.2259982049,0.0000000000));
#1075=CARTESIAN_POINT('',(-34.3038470538,17.2282674002,0.0000000000));

#1076=(
BOUNDED_CURVE()
B_SPLINE_CURVE(1,(#1077,#1078),.UNSPECIFIED.,.F.,.F.)
B_SPLINE_CURVE_WITH_KNOTS((2,2),(0.000,1.000),.UNSPECIFIED.)
CURVE()
GEOMETRIC_REPRESENTATION_ITEM()
RATIONAL_B_SPLINE_CURVE((1.0000000000,1.0000000000))
REPRESENTATION_ITEM('')
);
#1077=CARTESIAN_POINT('',(-34.3038470538,17.2282674002,0.0000000000));
#1078=CARTESIAN_POINT('',(-34.3221181245,17.2259982049,0.0000000000));

#1079=(
BOUNDED_CURVE()
B_SPLINE_CURVE(1,(#1080,#1081),.UNSPECIFIED.,.F.,.F.)
B_SPLINE_CURVE_WITH_KNOTS((2,2),(0.000,1.000),.UNSPECIFIED.)
CURVE()
GEOMETRIC_REPRESENTATION_ITEM()
RATIONAL_B_SPLINE_CURVE((1.0000000000,1.0000000000))
REPRESENTATION_ITEM('')
);
#1080=CARTESIAN_POINT('',(-34.3221181245,17.2259982049,0.0000000000));
#1081=CARTESIAN_POINT('',(-34.3394116560,17.2193120256,0.0000000000));

#1082=(
BOUNDED_CURVE()
B_SPLINE_CURVE(1,(#1083,#1084),.UNSPECIFIED.,.F.,.F.)
B_SPLINE_CURVE_WITH_KNOTS((2,2),(0.000,1.000),.UNSPECIFIED.)
CURVE()
GEOMETRIC_REPRESENTATION_ITEM()
RATIONAL_B_SPLINE_CURVE((1.0000000000,1.0000000000))
REPRESENTATION_ITEM('')
);
#1083=CARTESIAN_POINT('',(-34.3394116560,17.2193120256,0.0000000000));
#1084=CARTESIAN_POINT('',(-34.3548024093,17.2085665863,0.0000000000));

#1085=(
BOUNDED_CURVE()
B_SPLINE_CURVE(1,(#1086,#1087),.UNSPECIFIED.,.F.,.F.)
B_SPLINE_CURVE_WITH_KNOTS((2,2),(0.000,1.000),.UNSPECIFIED.)
CURVE()
GEOMETRIC_REPRESENTATION_ITEM()
RATIONAL_B_SPLINE_CURVE((1.0000000000,1.0000000000))
REPRESENTATION_ITEM('')
);
#1086=CARTESIAN_POINT('',(-34.3548024093,17.2085665863,0.0000000000));
#1087=CARTESIAN_POINT('',(-34.3674669482,17.1943367898,0.0000000000));

#1088=(
BOUNDED_CURVE()
B_SPLINE_CURVE(1,(#1089,#1090),.UNSPECIFIED.,.F.,.F.)
B_SPLINE_CURVE_WITH_KNOTS((2,2),(0.000,1.000),.UNSPECIFIED.)
CURVE()
GEOMETRIC_REPRESENTATION_ITEM()
RATIONAL_B_SPLINE_CURVE((1.0000000000,1.0000000000))
REPRESENTATION_ITEM('')
);
#1089=CARTESIAN_POINT('',(-34.3674669482,17.1943367898,0.0000000000));
#1090=CARTESIAN_POINT('',(-34.3949850801,17.1301167138,0.0000000000));

#1091=(
BOUNDED_CURVE()
B_SPLINE_CURVE(1,(#1092,#1093),.UNSPECIFIED.,.F.,.F.)
B_SPLINE_CURVE_WITH_KNOTS((2,2),(0.000,1.000),.UNSPECIFIED.)
CURVE()
GEOMETRIC_REPRESENTATION_ITEM()
RATIONAL_B_SPLINE_CURVE((1.0000000000,1.0000000000))
REPRESENTATION_ITEM('')
);
#1092=CARTESIAN_POINT('',(-34.3949850801,17.1301167138,0.0000000000));
#1093=CARTESIAN_POINT('',(-34.4149408292,17.0627913975,0.0000000000));

#1094=(
BOUNDED_CURVE()
B_SPLINE_CURVE(1,(#1095,#1096),.UNSPECIFIED.,.F.,.F.)
B_SPLINE_CURVE_WITH_KNOTS((2,2),(0.000,1.000),.UNSPECIFIED.)
CURVE()
GEOMETRIC_REPRESENTATION_ITEM()
RATIONAL_B_SPLINE_CURVE((1.0000000000,1.0000000000))
REPRESENTATION_ITEM('')
);
#1095=CARTESIAN_POINT('',(-34.4149408292,17.0627913975,0.0000000000));
#1096=CARTESIAN_POINT('',(-34.4270351607,16.9933697032,0.0000000000));

#1097=(
BOUNDED_CURVE()
B_SPLINE_CURVE(1,(#1098,#1099),.UNSPECIFIED.,.F.,.F.)
B_SPLINE_CURVE_WITH_KNOTS((2,2),(0.000,1.000),.UNSPECIFIED.)
CURVE()
GEOMETRIC_REPRESENTATION_ITEM()
RATIONAL_B_SPLINE_CURVE((1.0000000000,1.0000000000))
REPRESENTATION_ITEM('')
);
#1098=CARTESIAN_POINT('',(-34.4270351607,16.9933697032,0.0000000000));
#1099=CARTESIAN_POINT('',(-34.4310868426,16.9228919071,0.0000000000));

#1100=(
BOUNDED_CURVE()
B_SPLINE_CURVE(1,(#1101,#1102),.UNSPECIFIED.,.F.,.F.)
B_SPLINE_CURVE_WITH_KNOTS((2,2),(0.000,1.000),.UNSPECIFIED.)
CURVE()
GEOMETRIC_REPRESENTATION_ITEM()
RATIONAL_B_SPLINE_CURVE((1.0000000000,1.0000000000))
REPRESENTATION_ITEM('')
);
#1101=CARTESIAN_POINT('',(-34.4310868426,16.9228919071,0.0000000000));
#1102=CARTESIAN_POINT('',(-34.4270351607,16.8524141110,0.0000000000));

#1103=(
BOUNDED_CURVE()
B_SPLINE_CURVE(1,(#1104,#1105),.UNSPECIFIED.,.F.,.F.)
B_SPLINE_CURVE_WITH_KNOTS((2,2),(0.000,1.000),.UNSPECIFIED.)
CURVE()
GEOMETRIC_REPRESENTATION_ITEM()
RATIONAL_B_SPLINE_CURVE((1.0000000000,1.0000000000))
REPRESENTATION_ITEM('')
);
#1104=CARTESIAN_POINT('',(-34.4270351607,16.8524141110,0.0000000000));
#1105=CARTESIAN_POINT('',(-34.4149408292,16.7829924167,0.0000000000));

#1106=(
BOUNDED_CURVE()
B_SPLINE_CURVE(1,(#1107,#1108),.UNSPECIFIED.,.F.,.F.)
B_SPLINE_CURVE_WITH_KNOTS((2,2),(0.000,1.000),.UNSPECIFIED.)
CURVE()
GEOMETRIC_REPRESENTATION_ITEM()
RATIONAL_B_SPLINE_CURVE((1.0000000000,1.0000000000))
REPRESENTATION_ITEM('')
);
#1107=CARTESIAN_POINT('',(-34.4149408292,16.7829924167,0.0000000000));
#1108=CARTESIAN_POINT('',(-34.3949850801,16.7156671004,0.0000000000));

#1109=(
BOUNDED_CURVE()
B_SPLINE_CURVE(1,(#1110,#1111),.UNSPECIFIED.,.F.,.F.)
B_SPLINE_CURVE_WITH_KNOTS((2,2),(0.000,1.000),.UNSPECIFIED.)
CURVE()
GEOMETRIC_REPRESENTATION_ITEM()
RATIONAL_B_SPLINE_CURVE((1.0000000000,1.0000000000))
REPRESENTATION_ITEM('')
);
#1110=CARTESIAN_POINT('',(-34.3949850801,16.7156671004,0.0000000000));
#1111=CARTESIAN_POINT('',(-34.3674669482,16.6514470244,0.0000000000));

#1112=(
BOUNDED_CURVE()
B_SPLINE_CURVE(1,(#1113,#1114),.UNSPECIFIED.,.F.,.F.)
B_SPLINE_CURVE_WITH_KNOTS((2,2),(0.000,1.000),.UNSPECIFIED.)
CURVE()
GEOMETRIC_REPRESENTATION_ITEM()
RATIONAL_B_SPLINE_CURVE((1.0000000000,1.0000000000))
REPRESENTATION_ITEM('')
);
#1113=CARTESIAN_POINT('',(-34.3674669482,16.6514470244,0.0000000000));
#1114=CARTESIAN_POINT('',(-34.3548024093,16.6372172279,0.0000000000));

#1115=(
BOUNDED_CURVE()
B_SPLINE_CURVE(1,(#1116,#1117),.UNSPECIFIED.,.F.,.F.)
B_SPLINE_CURVE_WITH_KNOTS((2,2),(0.000,1.000),.UNSPECIFIED.)
CURVE()
GEOMETRIC_REPRESENTATION_ITEM()
RATIONAL_B_SPLINE_CURVE((1.0000000000,1.0000000000))
REPRESENTATION_ITEM('')
);
#1116=CARTESIAN_POINT('',(-34.3548024093,16.6372172279,0.0000000000));
#1117=CARTESIAN_POINT('',(-34.3394116560,16.6264717887,0.0000000000));

#1118=(
BOUNDED_CURVE()
B_SPLINE_CURVE(1,(#1119,#1120),.UNSPECIFIED.,.F.,.F.)
B_SPLINE_CURVE_WITH_KNOTS((2,2),(0.000,1.000),.UNSPECIFIED.)
CURVE()
GEOMETRIC_REPRESENTATION_ITEM()
RATIONAL_B_SPLINE_CURVE((1.0000000000,1.0000000000))
REPRESENTATION_ITEM('')
);
#1119=CARTESIAN_POINT('',(-34.3394116560,16.6264717887,0.0000000000));
#1120=CARTESIAN_POINT('',(-34.3221181245,16.6197856093,0.0000000000));

#1121=(
BOUNDED_CURVE()
B_SPLINE_CURVE(1,(#1122,#1123),.UNSPECIFIED.,.F.,.F.)
B_SPLINE_CURVE_WITH_KNOTS((2,2),(0.000,1.000),.UNSPECIFIED.)
CURVE()
GEOMETRIC_REPRESENTATION_ITEM()
RATIONAL_B_SPLINE_CURVE((1.0000000000,1.0000000000))
REPRESENTATION_ITEM('')
);
#1122=CARTESIAN_POINT('',(-34.3221181245,16.6197856093,0.0000000000));
#1123=CARTESIAN_POINT('',(-34.3038470538,16.6175164141,0.0000000000));

#1124=(
BOUNDED_CURVE()
B_SPLINE_CURVE(1,(#1125,#1126),.UNSPECIFIED.,.F.,.F.)
B_SPLINE_CURVE_WITH_KNOTS((2,2),(0.000,1.000),.UNSPECIFIED.)
CURVE()
GEOMETRIC_REPRESENTATION_ITEM()
RATIONAL_B_SPLINE_CURVE((1.0000000000,1.0000000000))
REPRESENTATION_ITEM('')
);
#1125=CARTESIAN_POINT('',(-34.3038470538,16.6175164141,0.0000000000));
#1126=CARTESIAN_POINT('',(-34.2855759831,16.6197856093,0.0000000000));

#1127=(
BOUNDED_CURVE()
B_SPLINE_CURVE(1,(#1128,#1129),.UNSPECIFIED.,.F.,.F.)
B_SPLINE_CURVE_WITH_KNOTS((2,2),(0.000,1.000),.UNSPECIFIED.)
CURVE()
GEOMETRIC_REPRESENTATION_ITEM()
RATIONAL_B_SPLINE_CURVE((1.0000000000,1.0000000000))
REPRESENTATION_ITEM('')
);
#1128=CARTESIAN_POINT('',(-34.2855759831,16.6197856093,0.0000000000));
#1129=CARTESIAN_POINT('',(-34.2682824517,16.6264717887,0.0000000000));

#1130=(
BOUNDED_CURVE()
B_SPLINE_CURVE(1,(#1131,#1132),.UNSPECIFIED.,.F.,.F.)
B_SPLINE_CURVE_WITH_KNOTS((2,2),(0.000,1.000),.UNSPECIFIED.)
CURVE()
GEOMETRIC_REPRESENTATION_ITEM()
RATIONAL_B_SPLINE_CURVE((1.0000000000,1.0000000000))
REPRESENTATION_ITEM('')
);
#1131=CARTESIAN_POINT('',(-34.2682824517,16.6264717887,0.0000000000));
#1132=CARTESIAN_POINT('',(-34.2528916983,16.6372172279,0.0000000000));

#1133=(
BOUNDED_CURVE()
B_SPLINE_CURVE(1,(#1134,#1135),.UNSPECIFIED.,.F.,.F.)
B_SPLINE_CURVE_WITH_KNOTS((2,2),(0.000,1.000),.UNSPECIFIED.)
CURVE()
GEOMETRIC_REPRESENTATION_ITEM()
RATIONAL_B_SPLINE_CURVE((1.0000000000,1.0000000000))
REPRESENTATION_ITEM('')
);
#1134=CARTESIAN_POINT('',(-34.2528916983,16.6372172279,0.0000000000));
#1135=CARTESIAN_POINT('',(-34.2402271594,16.6514470244,0.0000000000));

#1136=(
BOUNDED_CURVE()
B_SPLINE_CURVE(1,(#1137,#1138),.UNSPECIFIED.,.F.,.F.)
B_SPLINE_CURVE_WITH_KNOTS((2,2),(0.000,1.000),.UNSPECIFIED.)
CURVE()
GEOMETRIC_REPRESENTATION_ITEM()
RATIONAL_B_SPLINE_CURVE((1.0000000000,1.0000000000))
REPRESENTATION_ITEM('')
);
#1137=CARTESIAN_POINT('',(-34.2402271594,16.6514470244,0.0000000000));
#1138=CARTESIAN_POINT('',(-34.2127090275,16.7156671004,0.0000000000));

#1139=(
BOUNDED_CURVE()
B_SPLINE_CURVE(1,(#1140,#1141),.UNSPECIFIED.,.F.,.F.)
B_SPLINE_CURVE_WITH_KNOTS((2,2),(0.000,1.000),.UNSPECIFIED.)
CURVE()
GEOMETRIC_REPRESENTATION_ITEM()
RATIONAL_B_SPLINE_CURVE((1.0000000000,1.0000000000))
REPRESENTATION_ITEM('')
);
#1140=CARTESIAN_POINT('',(-34.2127090275,16.7156671004,0.0000000000));
#1141=CARTESIAN_POINT('',(-34.1927532784,16.7829924167,0.0000000000));

#1142=(
BOUNDED_CURVE()
B_SPLINE_CURVE(1,(#1143,#1144),.UNSPECIFIED.,.F.,.F.)
B_SPLINE_CURVE_WITH_KNOTS((2,2),(0.000,1.000),.UNSPECIFIED.)
CURVE()
GEOMETRIC_REPRESENTATION_ITEM()
RATIONAL_B_SPLINE_CURVE((1.0000000000,1.0000000000))
REPRESENTATION_ITEM('')
);
#1143=CARTESIAN_POINT('',(-34.1927532784,16.7829924167,0.0000000000));
#1144=CARTESIAN_POINT('',(-34.1806589469,16.8524141110,0.0000000000));

#1145=(
BOUNDED_CURVE()
B_SPLINE_CURVE(1,(#1146,#1147),.UNSPECIFIED.,.F.,.F.)
B_SPLINE_CURVE_WITH_KNOTS((2,2),(0.000,1.000),.UNSPECIFIED.)
CURVE()
GEOMETRIC_REPRESENTATION_ITEM()
RATIONAL_B_SPLINE_CURVE((1.0000000000,1.0000000000))
REPRESENTATION_ITEM('')
);
#1146=CARTESIAN_POINT('',(-34.1806589469,16.8524141110,0.0000000000));
#1147=CARTESIAN_POINT('',(-34.1766072650,16.9228919071,0.0000000000));

#1148=(
BOUNDED_CURVE()
B_SPLINE_CURVE(1,(#1149,#1150),.UNSPECIFIED.,.F.,.F.)
B_SPLINE_CURVE_WITH_KNOTS((2,2),(0.000,1.000),.UNSPECIFIED.)
CURVE()
GEOMETRIC_REPRESENTATION_ITEM()
RATIONAL_B_SPLINE_CURVE((1.0000000000,1.0000000000))
REPRESENTATION_ITEM('')
);
#1149=CARTESIAN_POINT('',(-34.1766072650,16.9228919071,0.0000000000));
#1150=CARTESIAN_POINT('',(-34.1806589469,16.9933697032,0.0000000000));

#1151=(
BOUNDED_CURVE()
B_SPLINE_CURVE(1,(#1152,#1153),.UNSPECIFIED.,.F.,.F.)
B_SPLINE_CURVE_WITH_KNOTS((2,2),(0.000,1.000),.UNSPECIFIED.)
CURVE()
GEOMETRIC_REPRESENTATION_ITEM()
RATIONAL_B_SPLINE_CURVE((1.0000000000,1.0000000000))
REPRESENTATION_ITEM('')
);
#1152=CARTESIAN_POINT('',(-34.1806589469,16.9933697032,0.0000000000));
#1153=CARTESIAN_POINT('',(-34.1927532784,17.0627913975,0.0000000000));

#1154=(
BOUNDED_CURVE()
B_SPLINE_CURVE(1,(#1155,#1156),.UNSPECIFIED.,.F.,.F.)
B_SPLINE_CURVE_WITH_KNOTS((2,2),(0.000,1.000),.UNSPECIFIED.)
CURVE()
GEOMETRIC_REPRESENTATION_ITEM()
RATIONAL_B_SPLINE_CURVE((1.0000000000,1.0000000000))
REPRESENTATION_ITEM('')
);
#1155=CARTESIAN_POINT('',(-34.1927532784,17.0627913975,0.0000000000));
#1156=CARTESIAN_POINT('',(-34.2127090275,17.1301167138,0.0000000000));

#1157=(
BOUNDED_CURVE()
B_SPLINE_CURVE(1,(#1158,#1159),.UNSPECIFIED.,.F.,.F.)
B_SPLINE_CURVE_WITH_KNOTS((2,2),(0.000,1.000),.UNSPECIFIED.)
CURVE()
GEOMETRIC_REPRESENTATION_ITEM()
RATIONAL_B_SPLINE_CURVE((1.0000000000,1.0000000000))
REPRESENTATION_ITEM('')
);
#1158=CARTESIAN_POINT('',(-34.2127090275,17.1301167138,0.0000000000));
#1159=CARTESIAN_POINT('',(-34.2402271594,17.1943367898,0.0000000000));

#1160=(
BOUNDED_CURVE()
B_SPLINE_CURVE(1,(#1161,#1162),.UNSPECIFIED.,.F.,.F.)
B_SPLINE_CURVE_WITH_KNOTS((2,2),(0.000,1.000),.UNSPECIFIED.)
CURVE()
GEOMETRIC_REPRESENTATION_ITEM()
RATIONAL_B_SPLINE_CURVE((1.0000000000,1.0000000000))
REPRESENTATION_ITEM('')
);
#1161=CARTESIAN_POINT('',(-33.7821639198,17.1943367898,0.0000000000));
#1162=CARTESIAN_POINT('',(-33.7948284587,17.2085665863,0.0000000000));

#1163=(
BOUNDED_CURVE()
B_SPLINE_CURVE(1,(#1164,#1165),.UNSPECIFIED.,.F.,.F.)
B_SPLINE_CURVE_WITH_KNOTS((2,2),(0.000,1.000),.UNSPECIFIED.)
CURVE()
GEOMETRIC_REPRESENTATION_ITEM()
RATIONAL_B_SPLINE_CURVE((1.0000000000,1.0000000000))
REPRESENTATION_ITEM('')
);
#1164=CARTESIAN_POINT('',(-33.7948284587,17.2085665863,0.0000000000));
#1165=CARTESIAN_POINT('',(-33.8102192121,17.2193120256,0.0000000000));

#1166=(
BOUNDED_CURVE()
B_SPLINE_CURVE(1,(#1167,#1168),.UNSPECIFIED.,.F.,.F.)
B_SPLINE_CURVE_WITH_KNOTS((2,2),(0.000,1.000),.UNSPECIFIED.)
CURVE()
GEOMETRIC_REPRESENTATION_ITEM()
RATIONAL_B_SPLINE_CURVE((1.0000000000,1.0000000000))
REPRESENTATION_ITEM('')
);
#1167=CARTESIAN_POINT('',(-33.8102192121,17.2193120256,0.0000000000));
#1168=CARTESIAN_POINT('',(-33.8275127435,17.2259982049,0.0000000000));

#1169=(
BOUNDED_CURVE()
B_SPLINE_CURVE(1,(#1170,#1171),.UNSPECIFIED.,.F.,.F.)
B_SPLINE_CURVE_WITH_KNOTS((2,2),(0.000,1.000),.UNSPECIFIED.)
CURVE()
GEOMETRIC_REPRESENTATION_ITEM()
RATIONAL_B_SPLINE_CURVE((1.0000000000,1.0000000000))
REPRESENTATION_ITEM('')
);
#1170=CARTESIAN_POINT('',(-33.8275127435,17.2259982049,0.0000000000));
#1171=CARTESIAN_POINT('',(-33.8457838142,17.2282674002,0.0000000000));

#1172=(
BOUNDED_CURVE()
B_SPLINE_CURVE(1,(#1173,#1174),.UNSPECIFIED.,.F.,.F.)
B_SPLINE_CURVE_WITH_KNOTS((2,2),(0.000,1.000),.UNSPECIFIED.)
CURVE()
GEOMETRIC_REPRESENTATION_ITEM()
RATIONAL_B_SPLINE_CURVE((1.0000000000,1.0000000000))
REPRESENTATION_ITEM('')
);
#1173=CARTESIAN_POINT('',(-33.8457838142,17.2282674002,0.0000000000));
#1174=CARTESIAN_POINT('',(-33.8640548849,17.2259982049,0.0000000000));

#1175=(
BOUNDED_CURVE()
B_SPLINE_CURVE(1,(#1176,#1177),.UNSPECIFIED.,.F.,.F.)
B_SPLINE_CURVE_WITH_KNOTS((2,2),(0.000,1.000),.UNSPECIFIED.)
CURVE()
GEOMETRIC_REPRESENTATION_ITEM()
RATIONAL_B_SPLINE_CURVE((1.0000000000,1.0000000000))
REPRESENTATION_ITEM('')
);
#1176=CARTESIAN_POINT('',(-33.8640548849,17.2259982049,0.0000000000));
#1177=CARTESIAN_POINT('',(-33.8813484164,17.2193120256,0.0000000000));

#1178=(
BOUNDED_CURVE()
B_SPLINE_CURVE(1,(#1179,#1180),.UNSPECIFIED.,.F.,.F.)
B_SPLINE_CURVE_WITH_KNOTS((2,2),(0.000,1.000),.UNSPECIFIED.)
CURVE()
GEOMETRIC_REPRESENTATION_ITEM()
RATIONAL_B_SPLINE_CURVE((1.0000000000,1.0000000000))
REPRESENTATION_ITEM('')
);
#1179=CARTESIAN_POINT('',(-33.8813484164,17.2193120256,0.0000000000));
#1180=CARTESIAN_POINT('',(-33.8967391697,17.2085665863,0.0000000000));

#1181=(
BOUNDED_CURVE()
B_SPLINE_CURVE(1,(#1182,#1183),.UNSPECIFIED.,.F.,.F.)
B_SPLINE_CURVE_WITH_KNOTS((2,2),(0.000,1.000),.UNSPECIFIED.)
CURVE()
GEOMETRIC_REPRESENTATION_ITEM()
RATIONAL_B_SPLINE_CURVE((1.0000000000,1.0000000000))
REPRESENTATION_ITEM('')
);
#1182=CARTESIAN_POINT('',(-33.8967391697,17.2085665863,0.0000000000));
#1183=CARTESIAN_POINT('',(-33.9094037086,17.1943367898,0.0000000000));

#1184=(
BOUNDED_CURVE()
B_SPLINE_CURVE(1,(#1185,#1186),.UNSPECIFIED.,.F.,.F.)
B_SPLINE_CURVE_WITH_KNOTS((2,2),(0.000,1.000),.UNSPECIFIED.)
CURVE()
GEOMETRIC_REPRESENTATION_ITEM()
RATIONAL_B_SPLINE_CURVE((1.0000000000,1.0000000000))
REPRESENTATION_ITEM('')
);
#1185=CARTESIAN_POINT('',(-33.9094037086,17.1943367898,0.0000000000));
#1186=CARTESIAN_POINT('',(-33.9369218405,17.1301167138,0.0000000000));

#1187=(
BOUNDED_CURVE()
B_SPLINE_CURVE(1,(#1188,#1189),.UNSPECIFIED.,.F.,.F.)
B_SPLINE_CURVE_WITH_KNOTS((2,2),(0.000,1.000),.UNSPECIFIED.)
CURVE()
GEOMETRIC_REPRESENTATION_ITEM()
RATIONAL_B_SPLINE_CURVE((1.0000000000,1.0000000000))
REPRESENTATION_ITEM('')
);
#1188=CARTESIAN_POINT('',(-33.9369218405,17.1301167138,0.0000000000));
#1189=CARTESIAN_POINT('',(-33.9568775896,17.0627913975,0.0000000000));

#1190=(
BOUNDED_CURVE()
B_SPLINE_CURVE(1,(#1191,#1192),.UNSPECIFIED.,.F.,.F.)
B_SPLINE_CURVE_WITH_KNOTS((2,2),(0.000,1.000),.UNSPECIFIED.)
CURVE()
GEOMETRIC_REPRESENTATION_ITEM()
RATIONAL_B_SPLINE_CURVE((1.0000000000,1.0000000000))
REPRESENTATION_ITEM('')
);
#1191=CARTESIAN_POINT('',(-33.9568775896,17.0627913975,0.0000000000));
#1192=CARTESIAN_POINT('',(-33.9689719212,16.9933697032,0.0000000000));

#1193=(
BOUNDED_CURVE()
B_SPLINE_CURVE(1,(#1194,#1195),.UNSPECIFIED.,.F.,.F.)
B_SPLINE_CURVE_WITH_KNOTS((2,2),(0.000,1.000),.UNSPECIFIED.)
CURVE()
GEOMETRIC_REPRESENTATION_ITEM()
RATIONAL_B_SPLINE_CURVE((1.0000000000,1.0000000000))
REPRESENTATION_ITEM('')
);
#1194=CARTESIAN_POINT('',(-33.9689719212,16.9933697032,0.0000000000));
#1195=CARTESIAN_POINT('',(-33.9730236030,16.9228919071,0.0000000000));

#1196=(
BOUNDED_CURVE()
B_SPLINE_CURVE(1,(#1197,#1198),.UNSPECIFIED.,.F.,.F.)
B_SPLINE_CURVE_WITH_KNOTS((2,2),(0.000,1.000),.UNSPECIFIED.)
CURVE()
GEOMETRIC_REPRESENTATION_ITEM()
RATIONAL_B_SPLINE_CURVE((1.0000000000,1.0000000000))
REPRESENTATION_ITEM('')
);
#1197=CARTESIAN_POINT('',(-33.9730236030,16.9228919071,0.0000000000));
#1198=CARTESIAN_POINT('',(-33.9689719212,16.8524141110,0.0000000000));

#1199=(
BOUNDED_CURVE()
B_SPLINE_CURVE(1,(#1200,#1201),.UNSPECIFIED.,.F.,.F.)
B_SPLINE_CURVE_WITH_KNOTS((2,2),(0.000,1.000),.UNSPECIFIED.)
CURVE()
GEOMETRIC_REPRESENTATION_ITEM()
RATIONAL_B_SPLINE_CURVE((1.0000000000,1.0000000000))
REPRESENTATION_ITEM('')
);
#1200=CARTESIAN_POINT('',(-33.9689719212,16.8524141110,0.0000000000));
#1201=CARTESIAN_POINT('',(-33.9568775896,16.7829924167,0.0000000000));

#1202=(
BOUNDED_CURVE()
B_SPLINE_CURVE(1,(#1203,#1204),.UNSPECIFIED.,.F.,.F.)
B_SPLINE_CURVE_WITH_KNOTS((2,2),(0.000,1.000),.UNSPECIFIED.)
CURVE()
GEOMETRIC_REPRESENTATION_ITEM()
RATIONAL_B_SPLINE_CURVE((1.0000000000,1.0000000000))
REPRESENTATION_ITEM('')
);
#1203=CARTESIAN_POINT('',(-33.9568775896,16.7829924167,0.0000000000));
#1204=CARTESIAN_POINT('',(-33.9369218405,16.7156671004,0.0000000000));

#1205=(
BOUNDED_CURVE()
B_SPLINE_CURVE(1,(#1206,#1207),.UNSPECIFIED.,.F.,.F.)
B_SPLINE_CURVE_WITH_KNOTS((2,2),(0.000,1.000),.UNSPECIFIED.)
CURVE()
GEOMETRIC_REPRESENTATION_ITEM()
RATIONAL_B_SPLINE_CURVE((1.0000000000,1.0000000000))
REPRESENTATION_ITEM('')
);
#1206=CARTESIAN_POINT('',(-33.9369218405,16.7156671004,0.0000000000));
#1207=CARTESIAN_POINT('',(-33.9094037086,16.6514470244,0.0000000000));

#1208=(
BOUNDED_CURVE()
B_SPLINE_CURVE(1,(#1209,#1210),.UNSPECIFIED.,.F.,.F.)
B_SPLINE_CURVE_WITH_KNOTS((2,2),(0.000,1.000),.UNSPECIFIED.)
CURVE()
GEOMETRIC_REPRESENTATION_ITEM()
RATIONAL_B_SPLINE_CURVE((1.0000000000,1.0000000000))
REPRESENTATION_ITEM('')
);
#1209=CARTESIAN_POINT('',(-33.9094037086,16.6514470244,0.0000000000));
#1210=CARTESIAN_POINT('',(-33.8967391697,16.6372172279,0.0000000000));

#1211=(
BOUNDED_CURVE()
B_SPLINE_CURVE(1,(#1212,#1213),.UNSPECIFIED.,.F.,.F.)
B_SPLINE_CURVE_WITH_KNOTS((2,2),(0.000,1.000),.UNSPECIFIED.)
CURVE()
GEOMETRIC_REPRESENTATION_ITEM()
RATIONAL_B_SPLINE_CURVE((1.0000000000,1.0000000000))
REPRESENTATION_ITEM('')
);
#1212=CARTESIAN_POINT('',(-33.8967391697,16.6372172279,0.0000000000));
#1213=CARTESIAN_POINT('',(-33.8813484164,16.6264717887,0.0000000000));

#1214=(
BOUNDED_CURVE()
B_SPLINE_CURVE(1,(#1215,#1216),.UNSPECIFIED.,.F.,.F.)
B_SPLINE_CURVE_WITH_KNOTS((2,2),(0.000,1.000),.UNSPECIFIED.)
CURVE()
GEOMETRIC_REPRESENTATION_ITEM()
RATIONAL_B_SPLINE_CURVE((1.0000000000,1.0000000000))
REPRESENTATION_ITEM('')
);
#1215=CARTESIAN_POINT('',(-33.8813484164,16.6264717887,0.0000000000));
#1216=CARTESIAN_POINT('',(-33.8640548849,16.6197856093,0.0000000000));

#1217=(
BOUNDED_CURVE()
B_SPLINE_CURVE(1,(#1218,#1219),.UNSPECIFIED.,.F.,.F.)
B_SPLINE_CURVE_WITH_KNOTS((2,2),(0.000,1.000),.UNSPECIFIED.)
CURVE()
GEOMETRIC_REPRESENTATION_ITEM()
RATIONAL_B_SPLINE_CURVE((1.0000000000,1.0000000000))
REPRESENTATION_ITEM('')
);
#1218=CARTESIAN_POINT('',(-33.8640548849,16.6197856093,0.0000000000));
#1219=CARTESIAN_POINT('',(-33.8457838142,16.6175164141,0.0000000000));

#1220=(
BOUNDED_CURVE()
B_SPLINE_CURVE(1,(#1221,#1222),.UNSPECIFIED.,.F.,.F.)
B_SPLINE_CURVE_WITH_KNOTS((2,2),(0.000,1.000),.UNSPECIFIED.)
CURVE()
GEOMETRIC_REPRESENTATION_ITEM()
RATIONAL_B_SPLINE_CURVE((1.0000000000,1.0000000000))
REPRESENTATION_ITEM('')
);
#1221=CARTESIAN_POINT('',(-33.8457838142,16.6175164141,0.0000000000));
#1222=CARTESIAN_POINT('',(-33.8275127435,16.6197856093,0.0000000000));

#1223=(
BOUNDED_CURVE()
B_SPLINE_CURVE(1,(#1224,#1225),.UNSPECIFIED.,.F.,.F.)
B_SPLINE_CURVE_WITH_KNOTS((2,2),(0.000,1.000),.UNSPECIFIED.)
CURVE()
GEOMETRIC_REPRESENTATION_ITEM()
RATIONAL_B_SPLINE_CURVE((1.0000000000,1.0000000000))
REPRESENTATION_ITEM('')
);
#1224=CARTESIAN_POINT('',(-33.8275127435,16.6197856093,0.0000000000));
#1225=CARTESIAN_POINT('',(-33.8102192121,16.6264717887,0.0000000000));

#1226=(
BOUNDED_CURVE()
B_SPLINE_CURVE(1,(#1227,#1228),.UNSPECIFIED.,.F.,.F.)
B_SPLINE_CURVE_WITH_KNOTS((2,2),(0.000,1.000),.UNSPECIFIED.)
CURVE()
GEOMETRIC_REPRESENTATION_ITEM()
RATIONAL_B_SPLINE_CURVE((1.0000000000,1.0000000000))
REPRESENTATION_ITEM('')
);
#1227=CARTESIAN_POINT('',(-33.8102192121,16.6264717887,0.0000000000));
#1228=CARTESIAN_POINT('',(-33.7948284587,16.6372172279,0.0000000000));

#1229=(
BOUNDED_CURVE()
B_SPLINE_CURVE(1,(#1230,#1231),.UNSPECIFIED.,.F.,.F.)
B_SPLINE_CURVE_WITH_KNOTS((2,2),(0.000,1.000),.UNSPECIFIED.)
CURVE()
GEOMETRIC_REPRESENTATION_ITEM()
RATIONAL_B_SPLINE_CURVE((1.0000000000,1.0000000000))
REPRESENTATION_ITEM('')
);
#1230=CARTESIAN_POINT('',(-33.7948284587,16.6372172279,0.0000000000));
#1231=CARTESIAN_POINT('',(-33.7821639198,16.6514470244,0.0000000000));

#1232=(
BOUNDED_CURVE()
B_SPLINE_CURVE(1,(#1233,#1234),.UNSPECIFIED.,.F.,.F.)
B_SPLINE_CURVE_WITH_KNOTS((2,2),(0.000,1.000),.UNSPECIFIED.)
CURVE()
GEOMETRIC_REPRESENTATION_ITEM()
RATIONAL_B_SPLINE_CURVE((1.0000000000,1.0000000000))
REPRESENTATION_ITEM('')
);
#1233=CARTESIAN_POINT('',(-33.7821639198,16.6514470244,0.0000000000));
#1234=CARTESIAN_POINT('',(-33.7546457879,16.7156671004,0.0000000000));

#1235=(
BOUNDED_CURVE()
B_SPLINE_CURVE(1,(#1236,#1237),.UNSPECIFIED.,.F.,.F.)
B_SPLINE_CURVE_WITH_KNOTS((2,2),(0.000,1.000),.UNSPECIFIED.)
CURVE()
GEOMETRIC_REPRESENTATION_ITEM()
RATIONAL_B_SPLINE_CURVE((1.0000000000,1.0000000000))
REPRESENTATION_ITEM('')
);
#1236=CARTESIAN_POINT('',(-33.7546457879,16.7156671004,0.0000000000));
#1237=CARTESIAN_POINT('',(-33.7346900388,16.7829924167,0.0000000000));

#1238=(
BOUNDED_CURVE()
B_SPLINE_CURVE(1,(#1239,#1240),.UNSPECIFIED.,.F.,.F.)
B_SPLINE_CURVE_WITH_KNOTS((2,2),(0.000,1.000),.UNSPECIFIED.)
CURVE()
GEOMETRIC_REPRESENTATION_ITEM()
RATIONAL_B_SPLINE_CURVE((1.0000000000,1.0000000000))
REPRESENTATION_ITEM('')
);
#1239=CARTESIAN_POINT('',(-33.7346900388,16.7829924167,0.0000000000));
#1240=CARTESIAN_POINT('',(-33.7225957073,16.8524141110,0.0000000000));

#1241=(
BOUNDED_CURVE()
B_SPLINE_CURVE(1,(#1242,#1243),.UNSPECIFIED.,.F.,.F.)
B_SPLINE_CURVE_WITH_KNOTS((2,2),(0.000,1.000),.UNSPECIFIED.)
CURVE()
GEOMETRIC_REPRESENTATION_ITEM()
RATIONAL_B_SPLINE_CURVE((1.0000000000,1.0000000000))
REPRESENTATION_ITEM('')
);
#1242=CARTESIAN_POINT('',(-33.7225957073,16.8524141110,0.0000000000));
#1243=CARTESIAN_POINT('',(-33.7185440254,16.9228919071,0.0000000000));

#1244=(
BOUNDED_CURVE()
B_SPLINE_CURVE(1,(#1245,#1246),.UNSPECIFIED.,.F.,.F.)
B_SPLINE_CURVE_WITH_KNOTS((2,2),(0.000,1.000),.UNSPECIFIED.)
CURVE()
GEOMETRIC_REPRESENTATION_ITEM()
RATIONAL_B_SPLINE_CURVE((1.0000000000,1.0000000000))
REPRESENTATION_ITEM('')
);
#1245=CARTESIAN_POINT('',(-33.7185440254,16.9228919071,0.0000000000));
#1246=CARTESIAN_POINT('',(-33.7225957073,16.9933697032,0.0000000000));

#1247=(
BOUNDED_CURVE()
B_SPLINE_CURVE(1,(#1248,#1249),.UNSPECIFIED.,.F.,.F.)
B_SPLINE_CURVE_WITH_KNOTS((2,2),(0.000,1.000),.UNSPECIFIED.)
CURVE()
GEOMETRIC_REPRESENTATION_ITEM()
RATIONAL_B_SPLINE_CURVE((1.0000000000,1.0000000000))
REPRESENTATION_ITEM('')
);
#1248=CARTESIAN_POINT('',(-33.7225957073,16.9933697032,0.0000000000));
#1249=CARTESIAN_POINT('',(-33.7346900388,17.0627913975,0.0000000000));

#1250=(
BOUNDED_CURVE()
B_SPLINE_CURVE(1,(#1251,#1252),.UNSPECIFIED.,.F.,.F.)
B_SPLINE_CURVE_WITH_KNOTS((2,2),(0.000,1.000),.UNSPECIFIED.)
CURVE()
GEOMETRIC_REPRESENTATION_ITEM()
RATIONAL_B_SPLINE_CURVE((1.0000000000,1.0000000000))
REPRESENTATION_ITEM('')
);
#1251=CARTESIAN_POINT('',(-33.7346900388,17.0627913975,0.0000000000));
#1252=CARTESIAN_POINT('',(-33.7546457879,17.1301167138,0.0000000000));

#1253=(
BOUNDED_CURVE()
B_SPLINE_CURVE(1,(#1254,#1255),.UNSPECIFIED.,.F.,.F.)
B_SPLINE_CURVE_WITH_KNOTS((2,2),(0.000,1.000),.UNSPECIFIED.)
CURVE()
GEOMETRIC_REPRESENTATION_ITEM()
RATIONAL_B_SPLINE_CURVE((1.0000000000,1.0000000000))
REPRESENTATION_ITEM('')
);
#1254=CARTESIAN_POINT('',(-33.7546457879,17.1301167138,0.0000000000));
#1255=CARTESIAN_POINT('',(-33.7821639198,17.1943367898,0.0000000000));

#1256=(
BOUNDED_CURVE()
B_SPLINE_CURVE(1,(#1257,#1258),.UNSPECIFIED.,.F.,.F.)
B_SPLINE_CURVE_WITH_KNOTS((2,2),(0.000,1.000),.UNSPECIFIED.)
CURVE()
GEOMETRIC_REPRESENTATION_ITEM()
RATIONAL_B_SPLINE_CURVE((1.0000000000,1.0000000000))
REPRESENTATION_ITEM('')
);
#1257=CARTESIAN_POINT('',(-30.7156850104,-1.1451580990,0.0000000000));
#1258=CARTESIAN_POINT('',(-31.3264359965,-1.1451580990,0.0000000000));

#1259=(
BOUNDED_CURVE()
B_SPLINE_CURVE(1,(#1260,#1261),.UNSPECIFIED.,.F.,.F.)
B_SPLINE_CURVE_WITH_KNOTS((2,2),(0.000,1.000),.UNSPECIFIED.)
CURVE()
GEOMETRIC_REPRESENTATION_ITEM()
RATIONAL_B_SPLINE_CURVE((1.0000000000,1.0000000000))
REPRESENTATION_ITEM('')
);
#1260=CARTESIAN_POINT('',(-31.3264359965,-1.1451580990,0.0000000000));
#1261=CARTESIAN_POINT('',(-31.3264359965,-1.7559090851,0.0000000000));

#1262=(
BOUNDED_CURVE()
B_SPLINE_CURVE(1,(#1263,#1264),.UNSPECIFIED.,.F.,.F.)
B_SPLINE_CURVE_WITH_KNOTS((2,2),(0.000,1.000),.UNSPECIFIED.)
CURVE()
GEOMETRIC_REPRESENTATION_ITEM()
RATIONAL_B_SPLINE_CURVE((1.0000000000,1.0000000000))
REPRESENTATION_ITEM('')
);
#1263=CARTESIAN_POINT('',(-31.3264359965,-1.7559090851,0.0000000000));
#1264=CARTESIAN_POINT('',(-30.7156850104,-1.7559090851,0.0000000000));

#1265=(
BOUNDED_CURVE()
B_SPLINE_CURVE(1,(#1266,#1267),.UNSPECIFIED.,.F.,.F.)
B_SPLINE_CURVE_WITH_KNOTS((2,2),(0.000,1.000),.UNSPECIFIED.)
CURVE()
GEOMETRIC_REPRESENTATION_ITEM()
RATIONAL_B_SPLINE_CURVE((1.0000000000,1.0000000000))
REPRESENTATION_ITEM('')
);
#1266=CARTESIAN_POINT('',(-30.7156850104,-1.7559090851,0.0000000000));
#1267=CARTESIAN_POINT('',(-30.7156850104,-1.1451580990,0.0000000000));

#1268=(
BOUNDED_CURVE()
B_SPLINE_CURVE(1,(#1269,#1270),.UNSPECIFIED.,.F.,.F.)
B_SPLINE_CURVE_WITH_KNOTS((2,2),(0.000,1.000),.UNSPECIFIED.)
CURVE()
GEOMETRIC_REPRESENTATION_ITEM()
RATIONAL_B_SPLINE_CURVE((1.0000000000,1.0000000000))
REPRESENTATION_ITEM('')
);
#1269=CARTESIAN_POINT('',(40.1823252952,-1.0942621835,0.0000000000));
#1270=CARTESIAN_POINT('',(40.3859089573,-1.7050131696,0.0000000000));

#1271=(
BOUNDED_CURVE()
B_SPLINE_CURVE(1,(#1272,#1273),.UNSPECIFIED.,.F.,.F.)
B_SPLINE_CURVE_WITH_KNOTS((2,2),(0.000,1.000),.UNSPECIFIED.)
CURVE()
GEOMETRIC_REPRESENTATION_ITEM()
RATIONAL_B_SPLINE_CURVE((1.0000000000,1.0000000000))
REPRESENTATION_ITEM('')
);
#1272=CARTESIAN_POINT('',(40.3859089573,-1.7050131696,0.0000000000));
#1273=CARTESIAN_POINT('',(40.5894926193,-1.0942621835,0.0000000000));

#1274=(
BOUNDED_CURVE()
B_SPLINE_CURVE(1,(#1275,#1276),.UNSPECIFIED.,.F.,.F.)
B_SPLINE_CURVE_WITH_KNOTS((2,2),(0.000,1.000),.UNSPECIFIED.)
CURVE()
GEOMETRIC_REPRESENTATION_ITEM()
RATIONAL_B_SPLINE_CURVE((1.0000000000,1.0000000000))
REPRESENTATION_ITEM('')
);
#1275=CARTESIAN_POINT('',(4.8096640157,-13.6146573990,0.0000000000));
#1276=CARTESIAN_POINT('',(4.8096640157,-13.0548023283,0.0000000000));

#1277=(
BOUNDED_CURVE()
B_SPLINE_CURVE(1,(#1278,#1279),.UNSPECIFIED.,.F.,.F.)
B_SPLINE_CURVE_WITH_KNOTS((2,2),(0.000,1.000),.UNSPECIFIED.)
CURVE()
GEOMETRIC_REPRESENTATION_ITEM()
RATIONAL_B_SPLINE_CURVE((1.0000000000,1.0000000000))
REPRESENTATION_ITEM('')
);
#1278=CARTESIAN_POINT('',(5.1150395088,-13.6146573990,0.0000000000));
#1279=CARTESIAN_POINT('',(5.1150395088,-13.0548023283,0.0000000000));

#1280=(
BOUNDED_CURVE()
B_SPLINE_CURVE(1,(#1281,#1282),.UNSPECIFIED.,.F.,.F.)
B_SPLINE_CURVE_WITH_KNOTS((2,2),(0.000,1.000),.UNSPECIFIED.)
CURVE()
GEOMETRIC_REPRESENTATION_ITEM()
RATIONAL_B_SPLINE_CURVE((1.0000000000,1.0000000000))
REPRESENTATION_ITEM('')
);
#1281=CARTESIAN_POINT('',(4.8096640157,-13.3036268042,0.0000000000));
#1282=CARTESIAN_POINT('',(5.1150395088,-13.3036268042,0.0000000000));

#1283=(
BOUNDED_CURVE()
B_SPLINE_CURVE(1,(#1284,#1285),.UNSPECIFIED.,.F.,.F.)
B_SPLINE_CURVE_WITH_KNOTS((2,2),(0.000,1.000),.UNSPECIFIED.)
CURVE()
GEOMETRIC_REPRESENTATION_ITEM()
RATIONAL_B_SPLINE_CURVE((1.0000000000,1.0000000000))
REPRESENTATION_ITEM('')
);
#1284=CARTESIAN_POINT('',(-30.6138931793,-1.0942621835,0.0000000000));
#1285=CARTESIAN_POINT('',(-30.4357574750,-1.7050131696,0.0000000000));

#1286=(
BOUNDED_CURVE()
B_SPLINE_CURVE(1,(#1287,#1288),.UNSPECIFIED.,.F.,.F.)
B_SPLINE_CURVE_WITH_KNOTS((2,2),(0.000,1.000),.UNSPECIFIED.)
CURVE()
GEOMETRIC_REPRESENTATION_ITEM()
RATIONAL_B_SPLINE_CURVE((1.0000000000,1.0000000000))
REPRESENTATION_ITEM('')
);
#1287=CARTESIAN_POINT('',(-30.4357574750,-1.7050131696,0.0000000000));
#1288=CARTESIAN_POINT('',(-30.2576217708,-1.0942621835,0.0000000000));

#1289=(
BOUNDED_CURVE()
B_SPLINE_CURVE(1,(#1290,#1291),.UNSPECIFIED.,.F.,.F.)
B_SPLINE_CURVE_WITH_KNOTS((2,2),(0.000,1.000),.UNSPECIFIED.)
CURVE()
GEOMETRIC_REPRESENTATION_ITEM()
RATIONAL_B_SPLINE_CURVE((1.0000000000,1.0000000000))
REPRESENTATION_ITEM('')
);
#1290=CARTESIAN_POINT('',(4.8096640157,10.2046310598,0.0000000000));
#1291=CARTESIAN_POINT('',(4.8096640157,10.8153820459,0.0000000000));

#1292=(
BOUNDED_CURVE()
B_SPLINE_CURVE(1,(#1293,#1294),.UNSPECIFIED.,.F.,.F.)
B_SPLINE_CURVE_WITH_KNOTS((2,2),(0.000,1.000),.UNSPECIFIED.)
CURVE()
GEOMETRIC_REPRESENTATION_ITEM()
RATIONAL_B_SPLINE_CURVE((1.0000000000,1.0000000000))
REPRESENTATION_ITEM('')
);
#1293=CARTESIAN_POINT('',(5.1150395088,10.2046310598,0.0000000000));
#1294=CARTESIAN_POINT('',(5.1150395088,10.8153820459,0.0000000000));

#1295=(
BOUNDED_CURVE()
B_SPLINE_CURVE(1,(#1296,#1297),.UNSPECIFIED.,.F.,.F.)
B_SPLINE_CURVE_WITH_KNOTS((2,2),(0.000,1.000),.UNSPECIFIED.)
CURVE()
GEOMETRIC_REPRESENTATION_ITEM()
RATIONAL_B_SPLINE_CURVE((1.0000000000,1.0000000000))
REPRESENTATION_ITEM('')
);
#1296=CARTESIAN_POINT('',(4.8096640157,10.5439371632,0.0000000000));
#1297=CARTESIAN_POINT('',(5.1150395088,10.5439371632,0.0000000000));

#1298=(
BOUNDED_CURVE()
B_SPLINE_CURVE(1,(#1299,#1300),.UNSPECIFIED.,.F.,.F.)
B_SPLINE_CURVE_WITH_KNOTS((2,2),(0.000,1.000),.UNSPECIFIED.)
CURVE()
GEOMETRIC_REPRESENTATION_ITEM()
RATIONAL_B_SPLINE_CURVE((1.0000000000,1.0000000000))
REPRESENTATION_ITEM('')
);
#1299=CARTESIAN_POINT('',(-31.0210605034,-13.9200328920,0.0000000000));
#1300=CARTESIAN_POINT('',(-31.0210605034,-18.4497693724,0.0000000000));

#1301=(
BOUNDED_CURVE()
B_SPLINE_CURVE(1,(#1302,#1303),.UNSPECIFIED.,.F.,.F.)
B_SPLINE_CURVE_WITH_KNOTS((2,2),(0.000,1.000),.UNSPECIFIED.)
CURVE()
GEOMETRIC_REPRESENTATION_ITEM()
RATIONAL_B_SPLINE_CURVE((1.0000000000,1.0000000000))
REPRESENTATION_ITEM('')
);
#1302=CARTESIAN_POINT('',(40.9966599434,-13.9200328920,0.0000000000));
#1303=CARTESIAN_POINT('',(40.9966599434,-18.4497693724,0.0000000000));

#1304=(
BOUNDED_CURVE()
B_SPLINE_CURVE(1,(#1305,#1306),.UNSPECIFIED.,.F.,.F.)
B_SPLINE_CURVE_WITH_KNOTS((2,2),(0.000,1.000),.UNSPECIFIED.)
CURVE()
GEOMETRIC_REPRESENTATION_ITEM()
RATIONAL_B_SPLINE_CURVE((1.0000000000,1.0000000000))
REPRESENTATION_ITEM('')
);
#1305=CARTESIAN_POINT('',(-31.0210605034,-17.9408102173,0.0000000000));
#1306=CARTESIAN_POINT('',(3.8426416210,-17.9408102173,0.0000000000));

#1307=(
BOUNDED_CURVE()
B_SPLINE_CURVE(1,(#1308,#1309),.UNSPECIFIED.,.F.,.F.)
B_SPLINE_CURVE_WITH_KNOTS((2,2),(0.000,1.000),.UNSPECIFIED.)
CURVE()
GEOMETRIC_REPRESENTATION_ITEM()
RATIONAL_B_SPLINE_CURVE((1.0000000000,1.0000000000))
REPRESENTATION_ITEM('')
);
#1308=CARTESIAN_POINT('',(6.0820619035,-17.9408102173,0.0000000000));
#1309=CARTESIAN_POINT('',(40.9966599434,-17.9408102173,0.0000000000));

#1310=(
BOUNDED_CURVE()
B_SPLINE_CURVE(1,(#1311,#1312),.UNSPECIFIED.,.F.,.F.)
B_SPLINE_CURVE_WITH_KNOTS((2,2),(0.000,1.000),.UNSPECIFIED.)
CURVE()
GEOMETRIC_REPRESENTATION_ITEM()
RATIONAL_B_SPLINE_CURVE((1.0000000000,1.0000000000))
REPRESENTATION_ITEM('')
);
#1311=CARTESIAN_POINT('',(40.9966599434,-17.9408102173,0.0000000000));
#1312=CARTESIAN_POINT('',(40.3350130418,-17.7372265553,0.0000000000));

#1313=(
BOUNDED_CURVE()
B_SPLINE_CURVE(1,(#1314,#1315),.UNSPECIFIED.,.F.,.F.)
B_SPLINE_CURVE_WITH_KNOTS((2,2),(0.000,1.000),.UNSPECIFIED.)
CURVE()
GEOMETRIC_REPRESENTATION_ITEM()
RATIONAL_B_SPLINE_CURVE((1.0000000000,1.0000000000))
REPRESENTATION_ITEM('')
);
#1314=CARTESIAN_POINT('',(-31.0210605034,-17.9408102173,0.0000000000));
#1315=CARTESIAN_POINT('',(-30.3594136018,-18.1443938794,0.0000000000));

#1316=(
BOUNDED_CURVE()
B_SPLINE_CURVE(1,(#1317,#1318),.UNSPECIFIED.,.F.,.F.)
B_SPLINE_CURVE_WITH_KNOTS((2,2),(0.000,1.000),.UNSPECIFIED.)
CURVE()
GEOMETRIC_REPRESENTATION_ITEM()
RATIONAL_B_SPLINE_CURVE((1.0000000000,1.0000000000))
REPRESENTATION_ITEM('')
);
#1317=CARTESIAN_POINT('',(-31.0210605034,-17.9408102173,0.0000000000));
#1318=CARTESIAN_POINT('',(-30.3594136018,-17.7372265553,0.0000000000));

#1319=(
BOUNDED_CURVE()
B_SPLINE_CURVE(1,(#1320,#1321),.UNSPECIFIED.,.F.,.F.)
B_SPLINE_CURVE_WITH_KNOTS((2,2),(0.000,1.000),.UNSPECIFIED.)
CURVE()
GEOMETRIC_REPRESENTATION_ITEM()
RATIONAL_B_SPLINE_CURVE((1.0000000000,1.0000000000))
REPRESENTATION_ITEM('')
);
#1320=CARTESIAN_POINT('',(40.9966599434,-17.9408102173,0.0000000000));
#1321=CARTESIAN_POINT('',(40.3350130418,-18.1443938794,0.0000000000));

#1322=(
BOUNDED_CURVE()
B_SPLINE_CURVE(1,(#1323,#1324),.UNSPECIFIED.,.F.,.F.)
B_SPLINE_CURVE_WITH_KNOTS((2,2),(0.000,1.000),.UNSPECIFIED.)
CURVE()
GEOMETRIC_REPRESENTATION_ITEM()
RATIONAL_B_SPLINE_CURVE((1.0000000000,1.0000000000))
REPRESENTATION_ITEM('')
);
#1323=CARTESIAN_POINT('',(4.0462252831,-17.7032959449,0.0000000000));
#1324=CARTESIAN_POINT('',(4.0462252831,-17.6354347243,0.0000000000));

#1325=(
BOUNDED_CURVE()
B_SPLINE_CURVE(1,(#1326,#1327),.UNSPECIFIED.,.F.,.F.)
B_SPLINE_CURVE_WITH_KNOTS((2,2),(0.000,1.000),.UNSPECIFIED.)
CURVE()
GEOMETRIC_REPRESENTATION_ITEM()
RATIONAL_B_SPLINE_CURVE((1.0000000000,1.0000000000))
REPRESENTATION_ITEM('')
);
#1326=CARTESIAN_POINT('',(4.0462252831,-17.6354347243,0.0000000000));
#1327=CARTESIAN_POINT('',(4.3007048606,-17.6354347243,0.0000000000));

#1328=(
BOUNDED_CURVE()
B_SPLINE_CURVE(1,(#1329,#1330),.UNSPECIFIED.,.F.,.F.)
B_SPLINE_CURVE_WITH_KNOTS((2,2),(0.000,1.000),.UNSPECIFIED.)
CURVE()
GEOMETRIC_REPRESENTATION_ITEM()
RATIONAL_B_SPLINE_CURVE((1.0000000000,1.0000000000))
REPRESENTATION_ITEM('')
);
#1329=CARTESIAN_POINT('',(4.3007048606,-17.6354347243,0.0000000000));
#1330=CARTESIAN_POINT('',(4.1734650718,-18.2461857104,0.0000000000));

#1331=(
BOUNDED_CURVE()
B_SPLINE_CURVE(1,(#1332,#1333),.UNSPECIFIED.,.F.,.F.)
B_SPLINE_CURVE_WITH_KNOTS((2,2),(0.000,1.000),.UNSPECIFIED.)
CURVE()
GEOMETRIC_REPRESENTATION_ITEM()
RATIONAL_B_SPLINE_CURVE((1.0000000000,1.0000000000))
REPRESENTATION_ITEM('')
);
#1332=CARTESIAN_POINT('',(4.5042885226,-17.7372265553,0.0000000000));
#1333=CARTESIAN_POINT('',(4.5214658941,-17.7032959449,0.0000000000));

#1334=(
BOUNDED_CURVE()
B_SPLINE_CURVE(1,(#1335,#1336),.UNSPECIFIED.,.F.,.F.)
B_SPLINE_CURVE_WITH_KNOTS((2,2),(0.000,1.000),.UNSPECIFIED.)
CURVE()
GEOMETRIC_REPRESENTATION_ITEM()
RATIONAL_B_SPLINE_CURVE((1.0000000000,1.0000000000))
REPRESENTATION_ITEM('')
);
#1335=CARTESIAN_POINT('',(4.5214658941,-17.7032959449,0.0000000000));
#1336=CARTESIAN_POINT('',(4.5541901763,-17.6635345716,0.0000000000));

#1337=(
BOUNDED_CURVE()
B_SPLINE_CURVE(1,(#1338,#1339),.UNSPECIFIED.,.F.,.F.)
B_SPLINE_CURVE_WITH_KNOTS((2,2),(0.000,1.000),.UNSPECIFIED.)
CURVE()
GEOMETRIC_REPRESENTATION_ITEM()
RATIONAL_B_SPLINE_CURVE((1.0000000000,1.0000000000))
REPRESENTATION_ITEM('')
);
#1338=CARTESIAN_POINT('',(4.5541901763,-17.6635345716,0.0000000000));
#1339=CARTESIAN_POINT('',(4.5986884885,-17.6401577626,0.0000000000));

#1340=(
BOUNDED_CURVE()
B_SPLINE_CURVE(1,(#1341,#1342),.UNSPECIFIED.,.F.,.F.)
B_SPLINE_CURVE_WITH_KNOTS((2,2),(0.000,1.000),.UNSPECIFIED.)
CURVE()
GEOMETRIC_REPRESENTATION_ITEM()
RATIONAL_B_SPLINE_CURVE((1.0000000000,1.0000000000))
REPRESENTATION_ITEM('')
);
#1341=CARTESIAN_POINT('',(4.5986884885,-17.6401577626,0.0000000000));
#1342=CARTESIAN_POINT('',(4.6481863661,-17.6367244252,0.0000000000));

#1343=(
BOUNDED_CURVE()
B_SPLINE_CURVE(1,(#1344,#1345),.UNSPECIFIED.,.F.,.F.)
B_SPLINE_CURVE_WITH_KNOTS((2,2),(0.000,1.000),.UNSPECIFIED.)
CURVE()
GEOMETRIC_REPRESENTATION_ITEM()
RATIONAL_B_SPLINE_CURVE((1.0000000000,1.0000000000))
REPRESENTATION_ITEM('')
);
#1344=CARTESIAN_POINT('',(4.6481863661,-17.6367244252,0.0000000000));
#1345=CARTESIAN_POINT('',(4.6951482058,-17.6537572538,0.0000000000));

#1346=(
BOUNDED_CURVE()
B_SPLINE_CURVE(1,(#1347,#1348),.UNSPECIFIED.,.F.,.F.)
B_SPLINE_CURVE_WITH_KNOTS((2,2),(0.000,1.000),.UNSPECIFIED.)
CURVE()
GEOMETRIC_REPRESENTATION_ITEM()
RATIONAL_B_SPLINE_CURVE((1.0000000000,1.0000000000))
REPRESENTATION_ITEM('')
);
#1347=CARTESIAN_POINT('',(4.6951482058,-17.6537572538,0.0000000000));
#1348=CARTESIAN_POINT('',(4.7324244933,-17.6886631549,0.0000000000));

#1349=(
BOUNDED_CURVE()
B_SPLINE_CURVE(1,(#1350,#1351),.UNSPECIFIED.,.F.,.F.)
B_SPLINE_CURVE_WITH_KNOTS((2,2),(0.000,1.000),.UNSPECIFIED.)
CURVE()
GEOMETRIC_REPRESENTATION_ITEM()
RATIONAL_B_SPLINE_CURVE((1.0000000000,1.0000000000))
REPRESENTATION_ITEM('')
);
#1350=CARTESIAN_POINT('',(4.7324244933,-17.6886631549,0.0000000000));
#1351=CARTESIAN_POINT('',(4.7543402518,-17.7361280212,0.0000000000));

#1352=(
BOUNDED_CURVE()
B_SPLINE_CURVE(1,(#1353,#1354),.UNSPECIFIED.,.F.,.F.)
B_SPLINE_CURVE_WITH_KNOTS((2,2),(0.000,1.000),.UNSPECIFIED.)
CURVE()
GEOMETRIC_REPRESENTATION_ITEM()
RATIONAL_B_SPLINE_CURVE((1.0000000000,1.0000000000))
REPRESENTATION_ITEM('')
);
#1353=CARTESIAN_POINT('',(4.7543402518,-17.7361280212,0.0000000000));
#1354=CARTESIAN_POINT('',(4.7575590056,-17.7889257573,0.0000000000));

#1355=(
BOUNDED_CURVE()
B_SPLINE_CURVE(1,(#1356,#1357),.UNSPECIFIED.,.F.,.F.)
B_SPLINE_CURVE_WITH_KNOTS((2,2),(0.000,1.000),.UNSPECIFIED.)
CURVE()
GEOMETRIC_REPRESENTATION_ITEM()
RATIONAL_B_SPLINE_CURVE((1.0000000000,1.0000000000))
REPRESENTATION_ITEM('')
);
#1356=CARTESIAN_POINT('',(4.7575590056,-17.7889257573,0.0000000000));
#1357=CARTESIAN_POINT('',(4.7415907287,-17.8390183863,0.0000000000));

#1358=(
BOUNDED_CURVE()
B_SPLINE_CURVE(1,(#1359,#1360),.UNSPECIFIED.,.F.,.F.)
B_SPLINE_CURVE_WITH_KNOTS((2,2),(0.000,1.000),.UNSPECIFIED.)
CURVE()
GEOMETRIC_REPRESENTATION_ITEM()
RATIONAL_B_SPLINE_CURVE((1.0000000000,1.0000000000))
REPRESENTATION_ITEM('')
);
#1359=CARTESIAN_POINT('',(4.7415907287,-17.8390183863,0.0000000000));
#1360=CARTESIAN_POINT('',(4.5042885226,-18.2461857104,0.0000000000));

#1361=(
BOUNDED_CURVE()
B_SPLINE_CURVE(1,(#1362,#1363),.UNSPECIFIED.,.F.,.F.)
B_SPLINE_CURVE_WITH_KNOTS((2,2),(0.000,1.000),.UNSPECIFIED.)
CURVE()
GEOMETRIC_REPRESENTATION_ITEM()
RATIONAL_B_SPLINE_CURVE((1.0000000000,1.0000000000))
REPRESENTATION_ITEM('')
);
#1362=CARTESIAN_POINT('',(4.5042885226,-18.2461857104,0.0000000000));
#1363=CARTESIAN_POINT('',(4.7587681002,-18.2461857104,0.0000000000));

#1364=(
BOUNDED_CURVE()
B_SPLINE_CURVE(1,(#1365,#1366),.UNSPECIFIED.,.F.,.F.)
B_SPLINE_CURVE_WITH_KNOTS((2,2),(0.000,1.000),.UNSPECIFIED.)
CURVE()
GEOMETRIC_REPRESENTATION_ITEM()
RATIONAL_B_SPLINE_CURVE((1.0000000000,1.0000000000))
REPRESENTATION_ITEM('')
);
#1365=CARTESIAN_POINT('',(4.9623517622,-18.2461857104,0.0000000000));
#1366=CARTESIAN_POINT('',(4.9623517622,-18.2122551000,0.0000000000));

#1367=(
BOUNDED_CURVE()
B_SPLINE_CURVE(1,(#1368,#1369),.UNSPECIFIED.,.F.,.F.)
B_SPLINE_CURVE_WITH_KNOTS((2,2),(0.000,1.000),.UNSPECIFIED.)
CURVE()
GEOMETRIC_REPRESENTATION_ITEM()
RATIONAL_B_SPLINE_CURVE((1.0000000000,1.0000000000))
REPRESENTATION_ITEM('')
);
#1368=CARTESIAN_POINT('',(-31.0210605034,11.0698616234,0.0000000000));
#1369=CARTESIAN_POINT('',(-40.0296375487,11.0698616234,0.0000000000));

#1370=(
BOUNDED_CURVE()
B_SPLINE_CURVE(1,(#1371,#1372),.UNSPECIFIED.,.F.,.F.)
B_SPLINE_CURVE_WITH_KNOTS((2,2),(0.000,1.000),.UNSPECIFIED.)
CURVE()
GEOMETRIC_REPRESENTATION_ITEM()
RATIONAL_B_SPLINE_CURVE((1.0000000000,1.0000000000))
REPRESENTATION_ITEM('')
);
#1371=CARTESIAN_POINT('',(-31.0210605034,-13.9200328920,0.0000000000));
#1372=CARTESIAN_POINT('',(-40.0296375487,-13.9200328920,0.0000000000));

#1373=(
BOUNDED_CURVE()
B_SPLINE_CURVE(1,(#1374,#1375),.UNSPECIFIED.,.F.,.F.)
B_SPLINE_CURVE_WITH_KNOTS((2,2),(0.000,1.000),.UNSPECIFIED.)
CURVE()
GEOMETRIC_REPRESENTATION_ITEM()
RATIONAL_B_SPLINE_CURVE((1.0000000000,1.0000000000))
REPRESENTATION_ITEM('')
);
#1374=CARTESIAN_POINT('',(-39.5206783936,11.0698616234,0.0000000000));
#1375=CARTESIAN_POINT('',(-39.5206783936,-2.0103886626,0.0000000000));

#1376=(
BOUNDED_CURVE()
B_SPLINE_CURVE(1,(#1377,#1378),.UNSPECIFIED.,.F.,.F.)
B_SPLINE_CURVE_WITH_KNOTS((2,2),(0.000,1.000),.UNSPECIFIED.)
CURVE()
GEOMETRIC_REPRESENTATION_ITEM()
RATIONAL_B_SPLINE_CURVE((1.0000000000,1.0000000000))
REPRESENTATION_ITEM('')
);
#1377=CARTESIAN_POINT('',(-39.5206783936,-3.0283069729,0.0000000000));
#1378=CARTESIAN_POINT('',(-39.5206783936,-13.9200328920,0.0000000000));

#1379=(
BOUNDED_CURVE()
B_SPLINE_CURVE(1,(#1380,#1381),.UNSPECIFIED.,.F.,.F.)
B_SPLINE_CURVE_WITH_KNOTS((2,2),(0.000,1.000),.UNSPECIFIED.)
CURVE()
GEOMETRIC_REPRESENTATION_ITEM()
RATIONAL_B_SPLINE_CURVE((1.0000000000,1.0000000000))
REPRESENTATION_ITEM('')
);
#1380=CARTESIAN_POINT('',(-39.5206783936,-13.9200328920,0.0000000000));
#1381=CARTESIAN_POINT('',(-39.2661988161,-13.2583859904,0.0000000000));

#1382=(
BOUNDED_CURVE()
B_SPLINE_CURVE(1,(#1383,#1384),.UNSPECIFIED.,.F.,.F.)
B_SPLINE_CURVE_WITH_KNOTS((2,2),(0.000,1.000),.UNSPECIFIED.)
CURVE()
GEOMETRIC_REPRESENTATION_ITEM()
RATIONAL_B_SPLINE_CURVE((1.0000000000,1.0000000000))
REPRESENTATION_ITEM('')
);
#1383=CARTESIAN_POINT('',(-39.5206783936,11.0698616234,0.0000000000));
#1384=CARTESIAN_POINT('',(-39.7242620556,10.4082147218,0.0000000000));

#1385=(
BOUNDED_CURVE()
B_SPLINE_CURVE(1,(#1386,#1387),.UNSPECIFIED.,.F.,.F.)
B_SPLINE_CURVE_WITH_KNOTS((2,2),(0.000,1.000),.UNSPECIFIED.)
CURVE()
GEOMETRIC_REPRESENTATION_ITEM()
RATIONAL_B_SPLINE_CURVE((1.0000000000,1.0000000000))
REPRESENTATION_ITEM('')
);
#1386=CARTESIAN_POINT('',(-39.5206783936,11.0698616234,0.0000000000));
#1387=CARTESIAN_POINT('',(-39.2661988161,10.4082147218,0.0000000000));

#1388=(
BOUNDED_CURVE()
B_SPLINE_CURVE(1,(#1389,#1390),.UNSPECIFIED.,.F.,.F.)
B_SPLINE_CURVE_WITH_KNOTS((2,2),(0.000,1.000),.UNSPECIFIED.)
CURVE()
GEOMETRIC_REPRESENTATION_ITEM()
RATIONAL_B_SPLINE_CURVE((1.0000000000,1.0000000000))
REPRESENTATION_ITEM('')
);
#1389=CARTESIAN_POINT('',(-39.5206783936,-13.9200328920,0.0000000000));
#1390=CARTESIAN_POINT('',(-39.7242620556,-13.2583859904,0.0000000000));

#1391=(
BOUNDED_CURVE()
B_SPLINE_CURVE(1,(#1392,#1393),.UNSPECIFIED.,.F.,.F.)
B_SPLINE_CURVE_WITH_KNOTS((2,2),(0.000,1.000),.UNSPECIFIED.)
CURVE()
GEOMETRIC_REPRESENTATION_ITEM()
RATIONAL_B_SPLINE_CURVE((1.0000000000,1.0000000000))
REPRESENTATION_ITEM('')
);
#1392=CARTESIAN_POINT('',(-40.4368048728,-2.3157641557,0.0000000000));
#1393=CARTESIAN_POINT('',(-40.4161920270,-2.2818335454,0.0000000000));

#1394=(
BOUNDED_CURVE()
B_SPLINE_CURVE(1,(#1395,#1396),.UNSPECIFIED.,.F.,.F.)
B_SPLINE_CURVE_WITH_KNOTS((2,2),(0.000,1.000),.UNSPECIFIED.)
CURVE()
GEOMETRIC_REPRESENTATION_ITEM()
RATIONAL_B_SPLINE_CURVE((1.0000000000,1.0000000000))
REPRESENTATION_ITEM('')
);
#1395=CARTESIAN_POINT('',(-40.4161920270,-2.2818335454,0.0000000000));
#1396=CARTESIAN_POINT('',(-40.3769228884,-2.2420721720,0.0000000000));

#1397=(
BOUNDED_CURVE()
B_SPLINE_CURVE(1,(#1398,#1399),.UNSPECIFIED.,.F.,.F.)
B_SPLINE_CURVE_WITH_KNOTS((2,2),(0.000,1.000),.UNSPECIFIED.)
CURVE()
GEOMETRIC_REPRESENTATION_ITEM()
RATIONAL_B_SPLINE_CURVE((1.0000000000,1.0000000000))
REPRESENTATION_ITEM('')
);
#1398=CARTESIAN_POINT('',(-40.3769228884,-2.2420721720,0.0000000000));
#1399=CARTESIAN_POINT('',(-40.3235249137,-2.2186953630,0.0000000000));

#1400=(
BOUNDED_CURVE()
B_SPLINE_CURVE(1,(#1401,#1402),.UNSPECIFIED.,.F.,.F.)
B_SPLINE_CURVE_WITH_KNOTS((2,2),(0.000,1.000),.UNSPECIFIED.)
CURVE()
GEOMETRIC_REPRESENTATION_ITEM()
RATIONAL_B_SPLINE_CURVE((1.0000000000,1.0000000000))
REPRESENTATION_ITEM('')
);
#1401=CARTESIAN_POINT('',(-40.3235249137,-2.2186953630,0.0000000000));
#1402=CARTESIAN_POINT('',(-40.2641274607,-2.2152620256,0.0000000000));

#1403=(
BOUNDED_CURVE()
B_SPLINE_CURVE(1,(#1404,#1405),.UNSPECIFIED.,.F.,.F.)
B_SPLINE_CURVE_WITH_KNOTS((2,2),(0.000,1.000),.UNSPECIFIED.)
CURVE()
GEOMETRIC_REPRESENTATION_ITEM()
RATIONAL_B_SPLINE_CURVE((1.0000000000,1.0000000000))
REPRESENTATION_ITEM('')
);
#1404=CARTESIAN_POINT('',(-40.2641274607,-2.2152620256,0.0000000000));
#1405=CARTESIAN_POINT('',(-40.2077732530,-2.2322948543,0.0000000000));

#1406=(
BOUNDED_CURVE()
B_SPLINE_CURVE(1,(#1407,#1408),.UNSPECIFIED.,.F.,.F.)
B_SPLINE_CURVE_WITH_KNOTS((2,2),(0.000,1.000),.UNSPECIFIED.)
CURVE()
GEOMETRIC_REPRESENTATION_ITEM()
RATIONAL_B_SPLINE_CURVE((1.0000000000,1.0000000000))
REPRESENTATION_ITEM('')
);
#1407=CARTESIAN_POINT('',(-40.2077732530,-2.2322948543,0.0000000000));
#1408=CARTESIAN_POINT('',(-40.1630417080,-2.2672007553,0.0000000000));

#1409=(
BOUNDED_CURVE()
B_SPLINE_CURVE(1,(#1410,#1411),.UNSPECIFIED.,.F.,.F.)
B_SPLINE_CURVE_WITH_KNOTS((2,2),(0.000,1.000),.UNSPECIFIED.)
CURVE()
GEOMETRIC_REPRESENTATION_ITEM()
RATIONAL_B_SPLINE_CURVE((1.0000000000,1.0000000000))
REPRESENTATION_ITEM('')
);
#1410=CARTESIAN_POINT('',(-40.1630417080,-2.2672007553,0.0000000000));
#1411=CARTESIAN_POINT('',(-40.1367427978,-2.3146656216,0.0000000000));

#1412=(
BOUNDED_CURVE()
B_SPLINE_CURVE(1,(#1413,#1414),.UNSPECIFIED.,.F.,.F.)
B_SPLINE_CURVE_WITH_KNOTS((2,2),(0.000,1.000),.UNSPECIFIED.)
CURVE()
GEOMETRIC_REPRESENTATION_ITEM()
RATIONAL_B_SPLINE_CURVE((1.0000000000,1.0000000000))
REPRESENTATION_ITEM('')
);
#1413=CARTESIAN_POINT('',(-40.1367427978,-2.3146656216,0.0000000000));
#1414=CARTESIAN_POINT('',(-40.1328802932,-2.3674633577,0.0000000000));

#1415=(
BOUNDED_CURVE()
B_SPLINE_CURVE(1,(#1416,#1417),.UNSPECIFIED.,.F.,.F.)
B_SPLINE_CURVE_WITH_KNOTS((2,2),(0.000,1.000),.UNSPECIFIED.)
CURVE()
GEOMETRIC_REPRESENTATION_ITEM()
RATIONAL_B_SPLINE_CURVE((1.0000000000,1.0000000000))
REPRESENTATION_ITEM('')
);
#1416=CARTESIAN_POINT('',(-40.1328802932,-2.3674633577,0.0000000000));
#1417=CARTESIAN_POINT('',(-40.1520422255,-2.4175559867,0.0000000000));

#1418=(
BOUNDED_CURVE()
B_SPLINE_CURVE(1,(#1419,#1420),.UNSPECIFIED.,.F.,.F.)
B_SPLINE_CURVE_WITH_KNOTS((2,2),(0.000,1.000),.UNSPECIFIED.)
CURVE()
GEOMETRIC_REPRESENTATION_ITEM()
RATIONAL_B_SPLINE_CURVE((1.0000000000,1.0000000000))
REPRESENTATION_ITEM('')
);
#1419=CARTESIAN_POINT('',(-40.1520422255,-2.4175559867,0.0000000000));
#1420=CARTESIAN_POINT('',(-40.4368048728,-2.8247233108,0.0000000000));

#1421=(
BOUNDED_CURVE()
B_SPLINE_CURVE(1,(#1422,#1423),.UNSPECIFIED.,.F.,.F.)
B_SPLINE_CURVE_WITH_KNOTS((2,2),(0.000,1.000),.UNSPECIFIED.)
CURVE()
GEOMETRIC_REPRESENTATION_ITEM()
RATIONAL_B_SPLINE_CURVE((1.0000000000,1.0000000000))
REPRESENTATION_ITEM('')
);
#1422=CARTESIAN_POINT('',(-40.4368048728,-2.8247233108,0.0000000000));
#1423=CARTESIAN_POINT('',(-40.1314293797,-2.8247233108,0.0000000000));

#1424=(
BOUNDED_CURVE()
B_SPLINE_CURVE(1,(#1425,#1426),.UNSPECIFIED.,.F.,.F.)
B_SPLINE_CURVE_WITH_KNOTS((2,2),(0.000,1.000),.UNSPECIFIED.)
CURVE()
GEOMETRIC_REPRESENTATION_ITEM()
RATIONAL_B_SPLINE_CURVE((1.0000000000,1.0000000000))
REPRESENTATION_ITEM('')
);
#1425=CARTESIAN_POINT('',(-39.6733661401,-2.2139723247,0.0000000000));
#1426=CARTESIAN_POINT('',(-39.9787416332,-2.2139723247,0.0000000000));

#1427=(
BOUNDED_CURVE()
B_SPLINE_CURVE(1,(#1428,#1429),.UNSPECIFIED.,.F.,.F.)
B_SPLINE_CURVE_WITH_KNOTS((2,2),(0.000,1.000),.UNSPECIFIED.)
CURVE()
GEOMETRIC_REPRESENTATION_ITEM()
RATIONAL_B_SPLINE_CURVE((1.0000000000,1.0000000000))
REPRESENTATION_ITEM('')
);
#1428=CARTESIAN_POINT('',(-39.9787416332,-2.2139723247,0.0000000000));
#1429=CARTESIAN_POINT('',(-39.9787416332,-2.4854172074,0.0000000000));

#1430=(
BOUNDED_CURVE()
B_SPLINE_CURVE(1,(#1431,#1432),.UNSPECIFIED.,.F.,.F.)
B_SPLINE_CURVE_WITH_KNOTS((2,2),(0.000,1.000),.UNSPECIFIED.)
CURVE()
GEOMETRIC_REPRESENTATION_ITEM()
RATIONAL_B_SPLINE_CURVE((1.0000000000,1.0000000000))
REPRESENTATION_ITEM('')
);
#1431=CARTESIAN_POINT('',(-39.9787416332,-2.4854172074,0.0000000000));
#1432=CARTESIAN_POINT('',(-39.8260538867,-2.4854172074,0.0000000000));

#1433=(
BOUNDED_CURVE()
B_SPLINE_CURVE(1,(#1434,#1435),.UNSPECIFIED.,.F.,.F.)
B_SPLINE_CURVE_WITH_KNOTS((2,2),(0.000,1.000),.UNSPECIFIED.)
CURVE()
GEOMETRIC_REPRESENTATION_ITEM()
RATIONAL_B_SPLINE_CURVE((1.0000000000,1.0000000000))
REPRESENTATION_ITEM('')
);
#1434=CARTESIAN_POINT('',(-39.8260538867,-2.4854172074,0.0000000000));
#1435=CARTESIAN_POINT('',(-39.7963424430,-2.4881865734,0.0000000000));

#1436=(
BOUNDED_CURVE()
B_SPLINE_CURVE(1,(#1437,#1438),.UNSPECIFIED.,.F.,.F.)
B_SPLINE_CURVE_WITH_KNOTS((2,2),(0.000,1.000),.UNSPECIFIED.)
CURVE()
GEOMETRIC_REPRESENTATION_ITEM()
RATIONAL_B_SPLINE_CURVE((1.0000000000,1.0000000000))
REPRESENTATION_ITEM('')
);
#1437=CARTESIAN_POINT('',(-39.7963424430,-2.4881865734,0.0000000000));
#1438=CARTESIAN_POINT('',(-39.7677938117,-2.4960094073,0.0000000000));

#1439=(
BOUNDED_CURVE()
B_SPLINE_CURVE(1,(#1440,#1441),.UNSPECIFIED.,.F.,.F.)
B_SPLINE_CURVE_WITH_KNOTS((2,2),(0.000,1.000),.UNSPECIFIED.)
CURVE()
GEOMETRIC_REPRESENTATION_ITEM()
RATIONAL_B_SPLINE_CURVE((1.0000000000,1.0000000000))
REPRESENTATION_ITEM('')
);
#1440=CARTESIAN_POINT('',(-39.7677938117,-2.4960094073,0.0000000000));
#1441=CARTESIAN_POINT('',(-39.7414851309,-2.5085905540,0.0000000000));

#1442=(
BOUNDED_CURVE()
B_SPLINE_CURVE(1,(#1443,#1444),.UNSPECIFIED.,.F.,.F.)
B_SPLINE_CURVE_WITH_KNOTS((2,2),(0.000,1.000),.UNSPECIFIED.)
CURVE()
GEOMETRIC_REPRESENTATION_ITEM()
RATIONAL_B_SPLINE_CURVE((1.0000000000,1.0000000000))
REPRESENTATION_ITEM('')
);
#1443=CARTESIAN_POINT('',(-39.7414851309,-2.5085905540,0.0000000000));
#1444=CARTESIAN_POINT('',(-39.7184090254,-2.5254553276,0.0000000000));

#1445=(
BOUNDED_CURVE()
B_SPLINE_CURVE(1,(#1446,#1447),.UNSPECIFIED.,.F.,.F.)
B_SPLINE_CURVE_WITH_KNOTS((2,2),(0.000,1.000),.UNSPECIFIED.)
CURVE()
GEOMETRIC_REPRESENTATION_ITEM()
RATIONAL_B_SPLINE_CURVE((1.0000000000,1.0000000000))
REPRESENTATION_ITEM('')
);
#1446=CARTESIAN_POINT('',(-39.7184090254,-2.5254553276,0.0000000000));
#1447=CARTESIAN_POINT('',(-39.6994361550,-2.5459674214,0.0000000000));

#1448=(
BOUNDED_CURVE()
B_SPLINE_CURVE(1,(#1449,#1450),.UNSPECIFIED.,.F.,.F.)
B_SPLINE_CURVE_WITH_KNOTS((2,2),(0.000,1.000),.UNSPECIFIED.)
CURVE()
GEOMETRIC_REPRESENTATION_ITEM()
RATIONAL_B_SPLINE_CURVE((1.0000000000,1.0000000000))
REPRESENTATION_ITEM('')
);
#1449=CARTESIAN_POINT('',(-39.6994361550,-2.5459674214,0.0000000000));
#1450=CARTESIAN_POINT('',(-39.6852823650,-2.5693529155,0.0000000000));

#1451=(
BOUNDED_CURVE()
B_SPLINE_CURVE(1,(#1452,#1453),.UNSPECIFIED.,.F.,.F.)
B_SPLINE_CURVE_WITH_KNOTS((2,2),(0.000,1.000),.UNSPECIFIED.)
CURVE()
GEOMETRIC_REPRESENTATION_ITEM()
RATIONAL_B_SPLINE_CURVE((1.0000000000,1.0000000000))
REPRESENTATION_ITEM('')
);
#1452=CARTESIAN_POINT('',(-39.6852823650,-2.5693529155,0.0000000000));
#1453=CARTESIAN_POINT('',(-39.6764816769,-2.5947294766,0.0000000000));

#1454=(
BOUNDED_CURVE()
B_SPLINE_CURVE(1,(#1455,#1456),.UNSPECIFIED.,.F.,.F.)
B_SPLINE_CURVE_WITH_KNOTS((2,2),(0.000,1.000),.UNSPECIFIED.)
CURVE()
GEOMETRIC_REPRESENTATION_ITEM()
RATIONAL_B_SPLINE_CURVE((1.0000000000,1.0000000000))
REPRESENTATION_ITEM('')
);
#1455=CARTESIAN_POINT('',(-39.6764816769,-2.5947294766,0.0000000000));
#1456=CARTESIAN_POINT('',(-39.6733661401,-2.6211396488,0.0000000000));

#1457=(
BOUNDED_CURVE()
B_SPLINE_CURVE(1,(#1458,#1459),.UNSPECIFIED.,.F.,.F.)
B_SPLINE_CURVE_WITH_KNOTS((2,2),(0.000,1.000),.UNSPECIFIED.)
CURVE()
GEOMETRIC_REPRESENTATION_ITEM()
RATIONAL_B_SPLINE_CURVE((1.0000000000,1.0000000000))
REPRESENTATION_ITEM('')
);
#1458=CARTESIAN_POINT('',(-39.6733661401,-2.6211396488,0.0000000000));
#1459=CARTESIAN_POINT('',(-39.6733661401,-2.6890008695,0.0000000000));

#1460=(
BOUNDED_CURVE()
B_SPLINE_CURVE(1,(#1461,#1462),.UNSPECIFIED.,.F.,.F.)
B_SPLINE_CURVE_WITH_KNOTS((2,2),(0.000,1.000),.UNSPECIFIED.)
CURVE()
GEOMETRIC_REPRESENTATION_ITEM()
RATIONAL_B_SPLINE_CURVE((1.0000000000,1.0000000000))
REPRESENTATION_ITEM('')
);
#1461=CARTESIAN_POINT('',(-39.6733661401,-2.6890008695,0.0000000000));
#1462=CARTESIAN_POINT('',(-39.6764816769,-2.7154110416,0.0000000000));

#1463=(
BOUNDED_CURVE()
B_SPLINE_CURVE(1,(#1464,#1465),.UNSPECIFIED.,.F.,.F.)
B_SPLINE_CURVE_WITH_KNOTS((2,2),(0.000,1.000),.UNSPECIFIED.)
CURVE()
GEOMETRIC_REPRESENTATION_ITEM()
RATIONAL_B_SPLINE_CURVE((1.0000000000,1.0000000000))
REPRESENTATION_ITEM('')
);
#1464=CARTESIAN_POINT('',(-39.6764816769,-2.7154110416,0.0000000000));
#1465=CARTESIAN_POINT('',(-39.6852823650,-2.7407876027,0.0000000000));

#1466=(
BOUNDED_CURVE()
B_SPLINE_CURVE(1,(#1467,#1468),.UNSPECIFIED.,.F.,.F.)
B_SPLINE_CURVE_WITH_KNOTS((2,2),(0.000,1.000),.UNSPECIFIED.)
CURVE()
GEOMETRIC_REPRESENTATION_ITEM()
RATIONAL_B_SPLINE_CURVE((1.0000000000,1.0000000000))
REPRESENTATION_ITEM('')
);
#1467=CARTESIAN_POINT('',(-39.6852823650,-2.7407876027,0.0000000000));
#1468=CARTESIAN_POINT('',(-39.6994361550,-2.7641730968,0.0000000000));

#1469=(
BOUNDED_CURVE()
B_SPLINE_CURVE(1,(#1470,#1471),.UNSPECIFIED.,.F.,.F.)
B_SPLINE_CURVE_WITH_KNOTS((2,2),(0.000,1.000),.UNSPECIFIED.)
CURVE()
GEOMETRIC_REPRESENTATION_ITEM()
RATIONAL_B_SPLINE_CURVE((1.0000000000,1.0000000000))
REPRESENTATION_ITEM('')
);
#1470=CARTESIAN_POINT('',(-39.6994361550,-2.7641730968,0.0000000000));
#1471=CARTESIAN_POINT('',(-39.7184090254,-2.7846851906,0.0000000000));

#1472=(
BOUNDED_CURVE()
B_SPLINE_CURVE(1,(#1473,#1474),.UNSPECIFIED.,.F.,.F.)
B_SPLINE_CURVE_WITH_KNOTS((2,2),(0.000,1.000),.UNSPECIFIED.)
CURVE()
GEOMETRIC_REPRESENTATION_ITEM()
RATIONAL_B_SPLINE_CURVE((1.0000000000,1.0000000000))
REPRESENTATION_ITEM('')
);
#1473=CARTESIAN_POINT('',(-39.7184090254,-2.7846851906,0.0000000000));
#1474=CARTESIAN_POINT('',(-39.7414851309,-2.8015499643,0.0000000000));

#1475=(
BOUNDED_CURVE()
B_SPLINE_CURVE(1,(#1476,#1477),.UNSPECIFIED.,.F.,.F.)
B_SPLINE_CURVE_WITH_KNOTS((2,2),(0.000,1.000),.UNSPECIFIED.)
CURVE()
GEOMETRIC_REPRESENTATION_ITEM()
RATIONAL_B_SPLINE_CURVE((1.0000000000,1.0000000000))
REPRESENTATION_ITEM('')
);
#1476=CARTESIAN_POINT('',(-39.7414851309,-2.8015499643,0.0000000000));
#1477=CARTESIAN_POINT('',(-39.7677938117,-2.8141311109,0.0000000000));

#1478=(
BOUNDED_CURVE()
B_SPLINE_CURVE(1,(#1479,#1480),.UNSPECIFIED.,.F.,.F.)
B_SPLINE_CURVE_WITH_KNOTS((2,2),(0.000,1.000),.UNSPECIFIED.)
CURVE()
GEOMETRIC_REPRESENTATION_ITEM()
RATIONAL_B_SPLINE_CURVE((1.0000000000,1.0000000000))
REPRESENTATION_ITEM('')
);
#1479=CARTESIAN_POINT('',(-39.7677938117,-2.8141311109,0.0000000000));
#1480=CARTESIAN_POINT('',(-39.7963424430,-2.8219539448,0.0000000000));

#1481=(
BOUNDED_CURVE()
B_SPLINE_CURVE(1,(#1482,#1483),.UNSPECIFIED.,.F.,.F.)
B_SPLINE_CURVE_WITH_KNOTS((2,2),(0.000,1.000),.UNSPECIFIED.)
CURVE()
GEOMETRIC_REPRESENTATION_ITEM()
RATIONAL_B_SPLINE_CURVE((1.0000000000,1.0000000000))
REPRESENTATION_ITEM('')
);
#1482=CARTESIAN_POINT('',(-39.7963424430,-2.8219539448,0.0000000000));
#1483=CARTESIAN_POINT('',(-39.8260538867,-2.8247233108,0.0000000000));

#1484=(
BOUNDED_CURVE()
B_SPLINE_CURVE(1,(#1485,#1486),.UNSPECIFIED.,.F.,.F.)
B_SPLINE_CURVE_WITH_KNOTS((2,2),(0.000,1.000),.UNSPECIFIED.)
CURVE()
GEOMETRIC_REPRESENTATION_ITEM()
RATIONAL_B_SPLINE_CURVE((1.0000000000,1.0000000000))
REPRESENTATION_ITEM('')
);
#1485=CARTESIAN_POINT('',(-39.8260538867,-2.8247233108,0.0000000000));
#1486=CARTESIAN_POINT('',(-39.9787416332,-2.8247233108,0.0000000000));

#1487=(
BOUNDED_CURVE()
B_SPLINE_CURVE(1,(#1488,#1489),.UNSPECIFIED.,.F.,.F.)
B_SPLINE_CURVE_WITH_KNOTS((2,2),(0.000,1.000),.UNSPECIFIED.)
CURVE()
GEOMETRIC_REPRESENTATION_ITEM()
RATIONAL_B_SPLINE_CURVE((1.0000000000,1.0000000000))
REPRESENTATION_ITEM('')
);
#1488=CARTESIAN_POINT('',(-39.5206783936,-2.8247233108,0.0000000000));
#1489=CARTESIAN_POINT('',(-39.5206783936,-2.7907927005,0.0000000000));

#1490=(
BOUNDED_CURVE()
B_SPLINE_CURVE(1,(#1491,#1492),.UNSPECIFIED.,.F.,.F.)
B_SPLINE_CURVE_WITH_KNOTS((2,2),(0.000,1.000),.UNSPECIFIED.)
CURVE()
GEOMETRIC_REPRESENTATION_ITEM()
RATIONAL_B_SPLINE_CURVE((1.0000000000,1.0000000000))
REPRESENTATION_ITEM('')
);
#1491=CARTESIAN_POINT('',(41.7092027605,-0.6361989439,0.0000000000));
#1492=CARTESIAN_POINT('',(41.8873384648,-1.1960540145,0.0000000000));

#1493=(
BOUNDED_CURVE()
B_SPLINE_CURVE(1,(#1494,#1495),.UNSPECIFIED.,.F.,.F.)
B_SPLINE_CURVE_WITH_KNOTS((2,2),(0.000,1.000),.UNSPECIFIED.)
CURVE()
GEOMETRIC_REPRESENTATION_ITEM()
RATIONAL_B_SPLINE_CURVE((1.0000000000,1.0000000000))
REPRESENTATION_ITEM('')
);
#1494=CARTESIAN_POINT('',(41.8873384648,-1.1960540145,0.0000000000));
#1495=CARTESIAN_POINT('',(42.0654741691,-0.6361989439,0.0000000000));

#1496=(
BOUNDED_CURVE()
B_SPLINE_CURVE(1,(#1497,#1498),.UNSPECIFIED.,.F.,.F.)
B_SPLINE_CURVE_WITH_KNOTS((2,2),(0.000,1.000),.UNSPECIFIED.)
CURVE()
GEOMETRIC_REPRESENTATION_ITEM()
RATIONAL_B_SPLINE_CURVE((1.0000000000,1.0000000000))
REPRESENTATION_ITEM('')
);
#1497=CARTESIAN_POINT('',(4.8096640157,-16.1085572590,0.0000000000));
#1498=CARTESIAN_POINT('',(4.8096640157,-15.5487021883,0.0000000000));

#1499=(
BOUNDED_CURVE()
B_SPLINE_CURVE(1,(#1500,#1501),.UNSPECIFIED.,.F.,.F.)
B_SPLINE_CURVE_WITH_KNOTS((2,2),(0.000,1.000),.UNSPECIFIED.)
CURVE()
GEOMETRIC_REPRESENTATION_ITEM()
RATIONAL_B_SPLINE_CURVE((1.0000000000,1.0000000000))
REPRESENTATION_ITEM('')
);
#1500=CARTESIAN_POINT('',(5.1150395088,-16.1085572590,0.0000000000));
#1501=CARTESIAN_POINT('',(5.1150395088,-15.5487021883,0.0000000000));

#1502=(
BOUNDED_CURVE()
B_SPLINE_CURVE(1,(#1503,#1504),.UNSPECIFIED.,.F.,.F.)
B_SPLINE_CURVE_WITH_KNOTS((2,2),(0.000,1.000),.UNSPECIFIED.)
CURVE()
GEOMETRIC_REPRESENTATION_ITEM()
RATIONAL_B_SPLINE_CURVE((1.0000000000,1.0000000000))
REPRESENTATION_ITEM('')
);
#1503=CARTESIAN_POINT('',(4.8096640157,-15.7975266642,0.0000000000));
#1504=CARTESIAN_POINT('',(5.1150395088,-15.7975266642,0.0000000000));

#1505=(
BOUNDED_CURVE()
B_SPLINE_CURVE(1,(#1506,#1507),.UNSPECIFIED.,.F.,.F.)
B_SPLINE_CURVE_WITH_KNOTS((2,2),(0.000,1.000),.UNSPECIFIED.)
CURVE()
GEOMETRIC_REPRESENTATION_ITEM()
RATIONAL_B_SPLINE_CURVE((1.0000000000,1.0000000000))
REPRESENTATION_ITEM('')
);
#1506=CARTESIAN_POINT('',(-32.1407706446,-0.6361989439,0.0000000000));
#1507=CARTESIAN_POINT('',(-31.9371869826,-1.1960540145,0.0000000000));

#1508=(
BOUNDED_CURVE()
B_SPLINE_CURVE(1,(#1509,#1510),.UNSPECIFIED.,.F.,.F.)
B_SPLINE_CURVE_WITH_KNOTS((2,2),(0.000,1.000),.UNSPECIFIED.)
CURVE()
GEOMETRIC_REPRESENTATION_ITEM()
RATIONAL_B_SPLINE_CURVE((1.0000000000,1.0000000000))
REPRESENTATION_ITEM('')
);
#1509=CARTESIAN_POINT('',(-31.9371869826,-1.1960540145,0.0000000000));
#1510=CARTESIAN_POINT('',(-31.7336033206,-0.6361989439,0.0000000000));

#1511=(
BOUNDED_CURVE()
B_SPLINE_CURVE(1,(#1512,#1513),.UNSPECIFIED.,.F.,.F.)
B_SPLINE_CURVE_WITH_KNOTS((2,2),(0.000,1.000),.UNSPECIFIED.)
CURVE()
GEOMETRIC_REPRESENTATION_ITEM()
RATIONAL_B_SPLINE_CURVE((1.0000000000,1.0000000000))
REPRESENTATION_ITEM('')
);
#1512=CARTESIAN_POINT('',(4.8096640157,13.7164492300,0.0000000000));
#1513=CARTESIAN_POINT('',(4.8096640157,14.2763043006,0.0000000000));

#1514=(
BOUNDED_CURVE()
B_SPLINE_CURVE(1,(#1515,#1516),.UNSPECIFIED.,.F.,.F.)
B_SPLINE_CURVE_WITH_KNOTS((2,2),(0.000,1.000),.UNSPECIFIED.)
CURVE()
GEOMETRIC_REPRESENTATION_ITEM()
RATIONAL_B_SPLINE_CURVE((1.0000000000,1.0000000000))
REPRESENTATION_ITEM('')
);
#1515=CARTESIAN_POINT('',(5.1150395088,13.7164492300,0.0000000000));
#1516=CARTESIAN_POINT('',(5.1150395088,14.2763043006,0.0000000000));

#1517=(
BOUNDED_CURVE()
B_SPLINE_CURVE(1,(#1518,#1519),.UNSPECIFIED.,.F.,.F.)
B_SPLINE_CURVE_WITH_KNOTS((2,2),(0.000,1.000),.UNSPECIFIED.)
CURVE()
GEOMETRIC_REPRESENTATION_ITEM()
RATIONAL_B_SPLINE_CURVE((1.0000000000,1.0000000000))
REPRESENTATION_ITEM('')
);
#1518=CARTESIAN_POINT('',(4.8096640157,14.0274798248,0.0000000000));
#1519=CARTESIAN_POINT('',(5.1150395088,14.0274798248,0.0000000000));

#1520=(
BOUNDED_CURVE()
B_SPLINE_CURVE(1,(#1521,#1522),.UNSPECIFIED.,.F.,.F.)
B_SPLINE_CURVE_WITH_KNOTS((2,2),(0.000,1.000),.UNSPECIFIED.)
CURVE()
GEOMETRIC_REPRESENTATION_ITEM()
RATIONAL_B_SPLINE_CURVE((1.0000000000,1.0000000000))
REPRESENTATION_ITEM('')
);
#1521=CARTESIAN_POINT('',(-32.5479379687,14.5816797936,0.0000000000));
#1522=CARTESIAN_POINT('',(-44.4575821981,14.5816797936,0.0000000000));

#1523=(
BOUNDED_CURVE()
B_SPLINE_CURVE(1,(#1524,#1525),.UNSPECIFIED.,.F.,.F.)
B_SPLINE_CURVE_WITH_KNOTS((2,2),(0.000,1.000),.UNSPECIFIED.)
CURVE()
GEOMETRIC_REPRESENTATION_ITEM()
RATIONAL_B_SPLINE_CURVE((1.0000000000,1.0000000000))
REPRESENTATION_ITEM('')
);
#1524=CARTESIAN_POINT('',(-32.5479379687,-16.4139327520,0.0000000000));
#1525=CARTESIAN_POINT('',(-44.4575821981,-16.4139327520,0.0000000000));

#1526=(
BOUNDED_CURVE()
B_SPLINE_CURVE(1,(#1527,#1528),.UNSPECIFIED.,.F.,.F.)
B_SPLINE_CURVE_WITH_KNOTS((2,2),(0.000,1.000),.UNSPECIFIED.)
CURVE()
GEOMETRIC_REPRESENTATION_ITEM()
RATIONAL_B_SPLINE_CURVE((1.0000000000,1.0000000000))
REPRESENTATION_ITEM('')
);
#1527=CARTESIAN_POINT('',(-43.9486230430,14.5816797936,0.0000000000));
#1528=CARTESIAN_POINT('',(-43.9486230430,0.2290316198,0.0000000000));

#1529=(
BOUNDED_CURVE()
B_SPLINE_CURVE(1,(#1530,#1531),.UNSPECIFIED.,.F.,.F.)
B_SPLINE_CURVE_WITH_KNOTS((2,2),(0.000,1.000),.UNSPECIFIED.)
CURVE()
GEOMETRIC_REPRESENTATION_ITEM()
RATIONAL_B_SPLINE_CURVE((1.0000000000,1.0000000000))
REPRESENTATION_ITEM('')
);
#1530=CARTESIAN_POINT('',(-43.9486230430,-0.7379907749,0.0000000000));
#1531=CARTESIAN_POINT('',(-43.9486230430,-16.4139327520,0.0000000000));

#1532=(
BOUNDED_CURVE()
B_SPLINE_CURVE(1,(#1533,#1534),.UNSPECIFIED.,.F.,.F.)
B_SPLINE_CURVE_WITH_KNOTS((2,2),(0.000,1.000),.UNSPECIFIED.)
CURVE()
GEOMETRIC_REPRESENTATION_ITEM()
RATIONAL_B_SPLINE_CURVE((1.0000000000,1.0000000000))
REPRESENTATION_ITEM('')
);
#1533=CARTESIAN_POINT('',(-43.9486230430,-16.4139327520,0.0000000000));
#1534=CARTESIAN_POINT('',(-43.7450393809,-15.7522858504,0.0000000000));

#1535=(
BOUNDED_CURVE()
B_SPLINE_CURVE(1,(#1536,#1537),.UNSPECIFIED.,.F.,.F.)
B_SPLINE_CURVE_WITH_KNOTS((2,2),(0.000,1.000),.UNSPECIFIED.)
CURVE()
GEOMETRIC_REPRESENTATION_ITEM()
RATIONAL_B_SPLINE_CURVE((1.0000000000,1.0000000000))
REPRESENTATION_ITEM('')
);
#1536=CARTESIAN_POINT('',(-43.9486230430,14.5816797936,0.0000000000));
#1537=CARTESIAN_POINT('',(-44.2031026205,13.9200328920,0.0000000000));

#1538=(
BOUNDED_CURVE()
B_SPLINE_CURVE(1,(#1539,#1540),.UNSPECIFIED.,.F.,.F.)
B_SPLINE_CURVE_WITH_KNOTS((2,2),(0.000,1.000),.UNSPECIFIED.)
CURVE()
GEOMETRIC_REPRESENTATION_ITEM()
RATIONAL_B_SPLINE_CURVE((1.0000000000,1.0000000000))
REPRESENTATION_ITEM('')
);
#1539=CARTESIAN_POINT('',(-43.9486230430,14.5816797936,0.0000000000));
#1540=CARTESIAN_POINT('',(-43.7450393809,13.9200328920,0.0000000000));

#1541=(
BOUNDED_CURVE()
B_SPLINE_CURVE(1,(#1542,#1543),.UNSPECIFIED.,.F.,.F.)
B_SPLINE_CURVE_WITH_KNOTS((2,2),(0.000,1.000),.UNSPECIFIED.)
CURVE()
GEOMETRIC_REPRESENTATION_ITEM()
RATIONAL_B_SPLINE_CURVE((1.0000000000,1.0000000000))
REPRESENTATION_ITEM('')
);
#1542=CARTESIAN_POINT('',(-43.9486230430,-16.4139327520,0.0000000000));
#1543=CARTESIAN_POINT('',(-44.2031026205,-15.7522858504,0.0000000000));

#1544=(
BOUNDED_CURVE()
B_SPLINE_CURVE(1,(#1545,#1546),.UNSPECIFIED.,.F.,.F.)
B_SPLINE_CURVE_WITH_KNOTS((2,2),(0.000,1.000),.UNSPECIFIED.)
CURVE()
GEOMETRIC_REPRESENTATION_ITEM()
RATIONAL_B_SPLINE_CURVE((1.0000000000,1.0000000000))
REPRESENTATION_ITEM('')
);
#1545=CARTESIAN_POINT('',(-44.8138536067,0.0254479578,0.0000000000));
#1546=CARTESIAN_POINT('',(-44.6866138179,0.0254479578,0.0000000000));

#1547=(
BOUNDED_CURVE()
B_SPLINE_CURVE(1,(#1548,#1549),.UNSPECIFIED.,.F.,.F.)
B_SPLINE_CURVE_WITH_KNOTS((2,2),(0.000,1.000),.UNSPECIFIED.)
CURVE()
GEOMETRIC_REPRESENTATION_ITEM()
RATIONAL_B_SPLINE_CURVE((1.0000000000,1.0000000000))
REPRESENTATION_ITEM('')
);
#1548=CARTESIAN_POINT('',(-44.6866138179,0.0254479578,0.0000000000));
#1549=CARTESIAN_POINT('',(-44.6379212588,0.0159776400,0.0000000000));

#1550=(
BOUNDED_CURVE()
B_SPLINE_CURVE(1,(#1551,#1552),.UNSPECIFIED.,.F.,.F.)
B_SPLINE_CURVE_WITH_KNOTS((2,2),(0.000,1.000),.UNSPECIFIED.)
CURVE()
GEOMETRIC_REPRESENTATION_ITEM()
RATIONAL_B_SPLINE_CURVE((1.0000000000,1.0000000000))
REPRESENTATION_ITEM('')
);
#1551=CARTESIAN_POINT('',(-44.6379212588,0.0159776400,0.0000000000));
#1552=CARTESIAN_POINT('',(-44.5966417004,-0.0109915431,0.0000000000));

#1553=(
BOUNDED_CURVE()
B_SPLINE_CURVE(1,(#1554,#1555),.UNSPECIFIED.,.F.,.F.)
B_SPLINE_CURVE_WITH_KNOTS((2,2),(0.000,1.000),.UNSPECIFIED.)
CURVE()
GEOMETRIC_REPRESENTATION_ITEM()
RATIONAL_B_SPLINE_CURVE((1.0000000000,1.0000000000))
REPRESENTATION_ITEM('')
);
#1554=CARTESIAN_POINT('',(-44.5966417004,-0.0109915431,0.0000000000));
#1555=CARTESIAN_POINT('',(-44.5690595813,-0.0513537779,0.0000000000));

#1556=(
BOUNDED_CURVE()
B_SPLINE_CURVE(1,(#1557,#1558),.UNSPECIFIED.,.F.,.F.)
B_SPLINE_CURVE_WITH_KNOTS((2,2),(0.000,1.000),.UNSPECIFIED.)
CURVE()
GEOMETRIC_REPRESENTATION_ITEM()
RATIONAL_B_SPLINE_CURVE((1.0000000000,1.0000000000))
REPRESENTATION_ITEM('')
);
#1557=CARTESIAN_POINT('',(-44.5690595813,-0.0513537779,0.0000000000));
#1558=CARTESIAN_POINT('',(-44.5593740291,-0.0989642802,0.0000000000));

#1559=(
BOUNDED_CURVE()
B_SPLINE_CURVE(1,(#1560,#1561),.UNSPECIFIED.,.F.,.F.)
B_SPLINE_CURVE_WITH_KNOTS((2,2),(0.000,1.000),.UNSPECIFIED.)
CURVE()
GEOMETRIC_REPRESENTATION_ITEM()
RATIONAL_B_SPLINE_CURVE((1.0000000000,1.0000000000))
REPRESENTATION_ITEM('')
);
#1560=CARTESIAN_POINT('',(-44.5593740291,-0.0989642802,0.0000000000));
#1561=CARTESIAN_POINT('',(-44.5690595813,-0.1465747824,0.0000000000));

#1562=(
BOUNDED_CURVE()
B_SPLINE_CURVE(1,(#1563,#1564),.UNSPECIFIED.,.F.,.F.)
B_SPLINE_CURVE_WITH_KNOTS((2,2),(0.000,1.000),.UNSPECIFIED.)
CURVE()
GEOMETRIC_REPRESENTATION_ITEM()
RATIONAL_B_SPLINE_CURVE((1.0000000000,1.0000000000))
REPRESENTATION_ITEM('')
);
#1563=CARTESIAN_POINT('',(-44.5690595813,-0.1465747824,0.0000000000));
#1564=CARTESIAN_POINT('',(-44.5966417004,-0.1869370172,0.0000000000));

#1565=(
BOUNDED_CURVE()
B_SPLINE_CURVE(1,(#1566,#1567),.UNSPECIFIED.,.F.,.F.)
B_SPLINE_CURVE_WITH_KNOTS((2,2),(0.000,1.000),.UNSPECIFIED.)
CURVE()
GEOMETRIC_REPRESENTATION_ITEM()
RATIONAL_B_SPLINE_CURVE((1.0000000000,1.0000000000))
REPRESENTATION_ITEM('')
);
#1566=CARTESIAN_POINT('',(-44.5966417004,-0.1869370172,0.0000000000));
#1567=CARTESIAN_POINT('',(-44.6379212588,-0.2139062004,0.0000000000));

#1568=(
BOUNDED_CURVE()
B_SPLINE_CURVE(1,(#1569,#1570),.UNSPECIFIED.,.F.,.F.)
B_SPLINE_CURVE_WITH_KNOTS((2,2),(0.000,1.000),.UNSPECIFIED.)
CURVE()
GEOMETRIC_REPRESENTATION_ITEM()
RATIONAL_B_SPLINE_CURVE((1.0000000000,1.0000000000))
REPRESENTATION_ITEM('')
);
#1569=CARTESIAN_POINT('',(-44.6379212588,-0.2139062004,0.0000000000));
#1570=CARTESIAN_POINT('',(-44.6866138179,-0.2233765181,0.0000000000));

#1571=(
BOUNDED_CURVE()
B_SPLINE_CURVE(1,(#1572,#1573),.UNSPECIFIED.,.F.,.F.)
B_SPLINE_CURVE_WITH_KNOTS((2,2),(0.000,1.000),.UNSPECIFIED.)
CURVE()
GEOMETRIC_REPRESENTATION_ITEM()
RATIONAL_B_SPLINE_CURVE((1.0000000000,1.0000000000))
REPRESENTATION_ITEM('')
);
#1572=CARTESIAN_POINT('',(-44.6866138179,-0.2233765181,0.0000000000));
#1573=CARTESIAN_POINT('',(-44.7502337123,-0.2233765181,0.0000000000));

#1574=(
BOUNDED_CURVE()
B_SPLINE_CURVE(1,(#1575,#1576),.UNSPECIFIED.,.F.,.F.)
B_SPLINE_CURVE_WITH_KNOTS((2,2),(0.000,1.000),.UNSPECIFIED.)
CURVE()
GEOMETRIC_REPRESENTATION_ITEM()
RATIONAL_B_SPLINE_CURVE((1.0000000000,1.0000000000))
REPRESENTATION_ITEM('')
);
#1575=CARTESIAN_POINT('',(-44.6866138179,-0.2233765181,0.0000000000));
#1576=CARTESIAN_POINT('',(-44.6618542815,-0.2259151036,0.0000000000));

#1577=(
BOUNDED_CURVE()
B_SPLINE_CURVE(1,(#1578,#1579),.UNSPECIFIED.,.F.,.F.)
B_SPLINE_CURVE_WITH_KNOTS((2,2),(0.000,1.000),.UNSPECIFIED.)
CURVE()
GEOMETRIC_REPRESENTATION_ITEM()
RATIONAL_B_SPLINE_CURVE((1.0000000000,1.0000000000))
REPRESENTATION_ITEM('')
);
#1578=CARTESIAN_POINT('',(-44.6618542815,-0.2259151036,0.0000000000));
#1579=CARTESIAN_POINT('',(-44.6380637554,-0.2330860346,0.0000000000));

#1580=(
BOUNDED_CURVE()
B_SPLINE_CURVE(1,(#1581,#1582),.UNSPECIFIED.,.F.,.F.)
B_SPLINE_CURVE_WITH_KNOTS((2,2),(0.000,1.000),.UNSPECIFIED.)
CURVE()
GEOMETRIC_REPRESENTATION_ITEM()
RATIONAL_B_SPLINE_CURVE((1.0000000000,1.0000000000))
REPRESENTATION_ITEM('')
);
#1581=CARTESIAN_POINT('',(-44.6380637554,-0.2330860346,0.0000000000));
#1582=CARTESIAN_POINT('',(-44.6161398548,-0.2446187524,0.0000000000));

#1583=(
BOUNDED_CURVE()
B_SPLINE_CURVE(1,(#1584,#1585),.UNSPECIFIED.,.F.,.F.)
B_SPLINE_CURVE_WITH_KNOTS((2,2),(0.000,1.000),.UNSPECIFIED.)
CURVE()
GEOMETRIC_REPRESENTATION_ITEM()
RATIONAL_B_SPLINE_CURVE((1.0000000000,1.0000000000))
REPRESENTATION_ITEM('')
);
#1584=CARTESIAN_POINT('',(-44.6161398548,-0.2446187524,0.0000000000));
#1585=CARTESIAN_POINT('',(-44.5969097668,-0.2600781283,0.0000000000));

#1586=(
BOUNDED_CURVE()
B_SPLINE_CURVE(1,(#1587,#1588),.UNSPECIFIED.,.F.,.F.)
B_SPLINE_CURVE_WITH_KNOTS((2,2),(0.000,1.000),.UNSPECIFIED.)
CURVE()
GEOMETRIC_REPRESENTATION_ITEM()
RATIONAL_B_SPLINE_CURVE((1.0000000000,1.0000000000))
REPRESENTATION_ITEM('')
);
#1587=CARTESIAN_POINT('',(-44.5969097668,-0.2600781283,0.0000000000));
#1588=CARTESIAN_POINT('',(-44.5810990415,-0.2788808809,0.0000000000));

#1589=(
BOUNDED_CURVE()
B_SPLINE_CURVE(1,(#1590,#1591),.UNSPECIFIED.,.F.,.F.)
B_SPLINE_CURVE_WITH_KNOTS((2,2),(0.000,1.000),.UNSPECIFIED.)
CURVE()
GEOMETRIC_REPRESENTATION_ITEM()
RATIONAL_B_SPLINE_CURVE((1.0000000000,1.0000000000))
REPRESENTATION_ITEM('')
);
#1590=CARTESIAN_POINT('',(-44.5810990415,-0.2788808809,0.0000000000));
#1591=CARTESIAN_POINT('',(-44.5693042165,-0.3003175838,0.0000000000));

#1592=(
BOUNDED_CURVE()
B_SPLINE_CURVE(1,(#1593,#1594),.UNSPECIFIED.,.F.,.F.)
B_SPLINE_CURVE_WITH_KNOTS((2,2),(0.000,1.000),.UNSPECIFIED.)
CURVE()
GEOMETRIC_REPRESENTATION_ITEM()
RATIONAL_B_SPLINE_CURVE((1.0000000000,1.0000000000))
REPRESENTATION_ITEM('')
);
#1593=CARTESIAN_POINT('',(-44.5693042165,-0.3003175838,0.0000000000));
#1594=CARTESIAN_POINT('',(-44.5619703098,-0.3235794315,0.0000000000));

#1595=(
BOUNDED_CURVE()
B_SPLINE_CURVE(1,(#1596,#1597),.UNSPECIFIED.,.F.,.F.)
B_SPLINE_CURVE_WITH_KNOTS((2,2),(0.000,1.000),.UNSPECIFIED.)
CURVE()
GEOMETRIC_REPRESENTATION_ITEM()
RATIONAL_B_SPLINE_CURVE((1.0000000000,1.0000000000))
REPRESENTATION_ITEM('')
);
#1596=CARTESIAN_POINT('',(-44.5619703098,-0.3235794315,0.0000000000));
#1597=CARTESIAN_POINT('',(-44.5593740291,-0.3477887560,0.0000000000));

#1598=(
BOUNDED_CURVE()
B_SPLINE_CURVE(1,(#1599,#1600),.UNSPECIFIED.,.F.,.F.)
B_SPLINE_CURVE_WITH_KNOTS((2,2),(0.000,1.000),.UNSPECIFIED.)
CURVE()
GEOMETRIC_REPRESENTATION_ITEM()
RATIONAL_B_SPLINE_CURVE((1.0000000000,1.0000000000))
REPRESENTATION_ITEM('')
);
#1599=CARTESIAN_POINT('',(-44.5593740291,-0.3477887560,0.0000000000));
#1600=CARTESIAN_POINT('',(-44.5593740291,-0.4099948749,0.0000000000));

#1601=(
BOUNDED_CURVE()
B_SPLINE_CURVE(1,(#1602,#1603),.UNSPECIFIED.,.F.,.F.)
B_SPLINE_CURVE_WITH_KNOTS((2,2),(0.000,1.000),.UNSPECIFIED.)
CURVE()
GEOMETRIC_REPRESENTATION_ITEM()
RATIONAL_B_SPLINE_CURVE((1.0000000000,1.0000000000))
REPRESENTATION_ITEM('')
);
#1602=CARTESIAN_POINT('',(-44.5593740291,-0.4099948749,0.0000000000));
#1603=CARTESIAN_POINT('',(-44.5619703098,-0.4342041994,0.0000000000));

#1604=(
BOUNDED_CURVE()
B_SPLINE_CURVE(1,(#1605,#1606),.UNSPECIFIED.,.F.,.F.)
B_SPLINE_CURVE_WITH_KNOTS((2,2),(0.000,1.000),.UNSPECIFIED.)
CURVE()
GEOMETRIC_REPRESENTATION_ITEM()
RATIONAL_B_SPLINE_CURVE((1.0000000000,1.0000000000))
REPRESENTATION_ITEM('')
);
#1605=CARTESIAN_POINT('',(-44.5619703098,-0.4342041994,0.0000000000));
#1606=CARTESIAN_POINT('',(-44.5693042165,-0.4574660471,0.0000000000));

#1607=(
BOUNDED_CURVE()
B_SPLINE_CURVE(1,(#1608,#1609),.UNSPECIFIED.,.F.,.F.)
B_SPLINE_CURVE_WITH_KNOTS((2,2),(0.000,1.000),.UNSPECIFIED.)
CURVE()
GEOMETRIC_REPRESENTATION_ITEM()
RATIONAL_B_SPLINE_CURVE((1.0000000000,1.0000000000))
REPRESENTATION_ITEM('')
);
#1608=CARTESIAN_POINT('',(-44.5693042165,-0.4574660471,0.0000000000));
#1609=CARTESIAN_POINT('',(-44.5810990415,-0.4789027500,0.0000000000));

#1610=(
BOUNDED_CURVE()
B_SPLINE_CURVE(1,(#1611,#1612),.UNSPECIFIED.,.F.,.F.)
B_SPLINE_CURVE_WITH_KNOTS((2,2),(0.000,1.000),.UNSPECIFIED.)
CURVE()
GEOMETRIC_REPRESENTATION_ITEM()
RATIONAL_B_SPLINE_CURVE((1.0000000000,1.0000000000))
REPRESENTATION_ITEM('')
);
#1611=CARTESIAN_POINT('',(-44.5810990415,-0.4789027500,0.0000000000));
#1612=CARTESIAN_POINT('',(-44.5969097668,-0.4977055027,0.0000000000));

#1613=(
BOUNDED_CURVE()
B_SPLINE_CURVE(1,(#1614,#1615),.UNSPECIFIED.,.F.,.F.)
B_SPLINE_CURVE_WITH_KNOTS((2,2),(0.000,1.000),.UNSPECIFIED.)
CURVE()
GEOMETRIC_REPRESENTATION_ITEM()
RATIONAL_B_SPLINE_CURVE((1.0000000000,1.0000000000))
REPRESENTATION_ITEM('')
);
#1614=CARTESIAN_POINT('',(-44.5969097668,-0.4977055027,0.0000000000));
#1615=CARTESIAN_POINT('',(-44.6161398548,-0.5131648785,0.0000000000));

#1616=(
BOUNDED_CURVE()
B_SPLINE_CURVE(1,(#1617,#1618),.UNSPECIFIED.,.F.,.F.)
B_SPLINE_CURVE_WITH_KNOTS((2,2),(0.000,1.000),.UNSPECIFIED.)
CURVE()
GEOMETRIC_REPRESENTATION_ITEM()
RATIONAL_B_SPLINE_CURVE((1.0000000000,1.0000000000))
REPRESENTATION_ITEM('')
);
#1617=CARTESIAN_POINT('',(-44.6161398548,-0.5131648785,0.0000000000));
#1618=CARTESIAN_POINT('',(-44.6380637554,-0.5246975963,0.0000000000));

#1619=(
BOUNDED_CURVE()
B_SPLINE_CURVE(1,(#1620,#1621),.UNSPECIFIED.,.F.,.F.)
B_SPLINE_CURVE_WITH_KNOTS((2,2),(0.000,1.000),.UNSPECIFIED.)
CURVE()
GEOMETRIC_REPRESENTATION_ITEM()
RATIONAL_B_SPLINE_CURVE((1.0000000000,1.0000000000))
REPRESENTATION_ITEM('')
);
#1620=CARTESIAN_POINT('',(-44.6380637554,-0.5246975963,0.0000000000));
#1621=CARTESIAN_POINT('',(-44.6618542815,-0.5318685273,0.0000000000));

#1622=(
BOUNDED_CURVE()
B_SPLINE_CURVE(1,(#1623,#1624),.UNSPECIFIED.,.F.,.F.)
B_SPLINE_CURVE_WITH_KNOTS((2,2),(0.000,1.000),.UNSPECIFIED.)
CURVE()
GEOMETRIC_REPRESENTATION_ITEM()
RATIONAL_B_SPLINE_CURVE((1.0000000000,1.0000000000))
REPRESENTATION_ITEM('')
);
#1623=CARTESIAN_POINT('',(-44.6618542815,-0.5318685273,0.0000000000));
#1624=CARTESIAN_POINT('',(-44.6866138179,-0.5344071129,0.0000000000));

#1625=(
BOUNDED_CURVE()
B_SPLINE_CURVE(1,(#1626,#1627),.UNSPECIFIED.,.F.,.F.)
B_SPLINE_CURVE_WITH_KNOTS((2,2),(0.000,1.000),.UNSPECIFIED.)
CURVE()
GEOMETRIC_REPRESENTATION_ITEM()
RATIONAL_B_SPLINE_CURVE((1.0000000000,1.0000000000))
REPRESENTATION_ITEM('')
);
#1626=CARTESIAN_POINT('',(-44.6866138179,-0.5344071129,0.0000000000));
#1627=CARTESIAN_POINT('',(-44.8138536067,-0.5344071129,0.0000000000));

#1628=(
BOUNDED_CURVE()
B_SPLINE_CURVE(1,(#1629,#1630),.UNSPECIFIED.,.F.,.F.)
B_SPLINE_CURVE_WITH_KNOTS((2,2),(0.000,1.000),.UNSPECIFIED.)
CURVE()
GEOMETRIC_REPRESENTATION_ITEM()
RATIONAL_B_SPLINE_CURVE((1.0000000000,1.0000000000))
REPRESENTATION_ITEM('')
);
#1629=CARTESIAN_POINT('',(-44.3557903671,-0.0989642802,0.0000000000));
#1630=CARTESIAN_POINT('',(-44.2539985360,0.0254479578,0.0000000000));

#1631=(
BOUNDED_CURVE()
B_SPLINE_CURVE(1,(#1632,#1633),.UNSPECIFIED.,.F.,.F.)
B_SPLINE_CURVE_WITH_KNOTS((2,2),(0.000,1.000),.UNSPECIFIED.)
CURVE()
GEOMETRIC_REPRESENTATION_ITEM()
RATIONAL_B_SPLINE_CURVE((1.0000000000,1.0000000000))
REPRESENTATION_ITEM('')
);
#1632=CARTESIAN_POINT('',(-44.2539985360,0.0254479578,0.0000000000));
#1633=CARTESIAN_POINT('',(-44.2539985360,-0.5344071129,0.0000000000));

#1634=(
BOUNDED_CURVE()
B_SPLINE_CURVE(1,(#1635,#1636),.UNSPECIFIED.,.F.,.F.)
B_SPLINE_CURVE_WITH_KNOTS((2,2),(0.000,1.000),.UNSPECIFIED.)
CURVE()
GEOMETRIC_REPRESENTATION_ITEM()
RATIONAL_B_SPLINE_CURVE((1.0000000000,1.0000000000))
REPRESENTATION_ITEM('')
);
#1635=CARTESIAN_POINT('',(-44.0504148740,-0.5344071129,0.0000000000));
#1636=CARTESIAN_POINT('',(-44.0504148740,-0.5033040534,0.0000000000));

#1637=(
BOUNDED_CURVE()
B_SPLINE_CURVE(1,(#1638,#1639),.UNSPECIFIED.,.F.,.F.)
B_SPLINE_CURVE_WITH_KNOTS((2,2),(0.000,1.000),.UNSPECIFIED.)
CURVE()
GEOMETRIC_REPRESENTATION_ITEM()
RATIONAL_B_SPLINE_CURVE((1.0000000000,1.0000000000))
REPRESENTATION_ITEM('')
);
#1638=CARTESIAN_POINT('',(42.4726414932,14.5816797936,0.0000000000));
#1639=CARTESIAN_POINT('',(42.4726414932,19.8748550067,0.0000000000));

#1640=(
BOUNDED_CURVE()
B_SPLINE_CURVE(1,(#1641,#1642),.UNSPECIFIED.,.F.,.F.)
B_SPLINE_CURVE_WITH_KNOTS((2,2),(0.000,1.000),.UNSPECIFIED.)
CURVE()
GEOMETRIC_REPRESENTATION_ITEM()
RATIONAL_B_SPLINE_CURVE((1.0000000000,1.0000000000))
REPRESENTATION_ITEM('')
);
#1641=CARTESIAN_POINT('',(-32.5479379687,14.5816797936,0.0000000000));
#1642=CARTESIAN_POINT('',(-32.5479379687,19.8748550067,0.0000000000));

#1643=(
BOUNDED_CURVE()
B_SPLINE_CURVE(1,(#1644,#1645),.UNSPECIFIED.,.F.,.F.)
B_SPLINE_CURVE_WITH_KNOTS((2,2),(0.000,1.000),.UNSPECIFIED.)
CURVE()
GEOMETRIC_REPRESENTATION_ITEM()
RATIONAL_B_SPLINE_CURVE((1.0000000000,1.0000000000))
REPRESENTATION_ITEM('')
);
#1644=CARTESIAN_POINT('',(42.4726414932,19.3658958516,0.0000000000));
#1645=CARTESIAN_POINT('',(6.0820619035,19.3658958516,0.0000000000));

#1646=(
BOUNDED_CURVE()
B_SPLINE_CURVE(1,(#1647,#1648),.UNSPECIFIED.,.F.,.F.)
B_SPLINE_CURVE_WITH_KNOTS((2,2),(0.000,1.000),.UNSPECIFIED.)
CURVE()
GEOMETRIC_REPRESENTATION_ITEM()
RATIONAL_B_SPLINE_CURVE((1.0000000000,1.0000000000))
REPRESENTATION_ITEM('')
);
#1647=CARTESIAN_POINT('',(3.8426416210,19.3658958516,0.0000000000));
#1648=CARTESIAN_POINT('',(-32.5479379687,19.3658958516,0.0000000000));

#1649=(
BOUNDED_CURVE()
B_SPLINE_CURVE(1,(#1650,#1651),.UNSPECIFIED.,.F.,.F.)
B_SPLINE_CURVE_WITH_KNOTS((2,2),(0.000,1.000),.UNSPECIFIED.)
CURVE()
GEOMETRIC_REPRESENTATION_ITEM()
RATIONAL_B_SPLINE_CURVE((1.0000000000,1.0000000000))
REPRESENTATION_ITEM('')
);
#1650=CARTESIAN_POINT('',(-32.5479379687,19.3658958516,0.0000000000));
#1651=CARTESIAN_POINT('',(-31.8862910671,19.1623121896,0.0000000000));

#1652=(
BOUNDED_CURVE()
B_SPLINE_CURVE(1,(#1653,#1654),.UNSPECIFIED.,.F.,.F.)
B_SPLINE_CURVE_WITH_KNOTS((2,2),(0.000,1.000),.UNSPECIFIED.)
CURVE()
GEOMETRIC_REPRESENTATION_ITEM()
RATIONAL_B_SPLINE_CURVE((1.0000000000,1.0000000000))
REPRESENTATION_ITEM('')
);
#1653=CARTESIAN_POINT('',(42.4726414932,19.3658958516,0.0000000000));
#1654=CARTESIAN_POINT('',(41.8109945916,19.6203754291,0.0000000000));

#1655=(
BOUNDED_CURVE()
B_SPLINE_CURVE(1,(#1656,#1657),.UNSPECIFIED.,.F.,.F.)
B_SPLINE_CURVE_WITH_KNOTS((2,2),(0.000,1.000),.UNSPECIFIED.)
CURVE()
GEOMETRIC_REPRESENTATION_ITEM()
RATIONAL_B_SPLINE_CURVE((1.0000000000,1.0000000000))
REPRESENTATION_ITEM('')
);
#1656=CARTESIAN_POINT('',(42.4726414932,19.3658958516,0.0000000000));
#1657=CARTESIAN_POINT('',(41.8109945916,19.1623121896,0.0000000000));

#1658=(
BOUNDED_CURVE()
B_SPLINE_CURVE(1,(#1659,#1660),.UNSPECIFIED.,.F.,.F.)
B_SPLINE_CURVE_WITH_KNOTS((2,2),(0.000,1.000),.UNSPECIFIED.)
CURVE()
GEOMETRIC_REPRESENTATION_ITEM()
RATIONAL_B_SPLINE_CURVE((1.0000000000,1.0000000000))
REPRESENTATION_ITEM('')
);
#1659=CARTESIAN_POINT('',(-32.5479379687,19.3658958516,0.0000000000));
#1660=CARTESIAN_POINT('',(-31.8862910671,19.6203754291,0.0000000000));

#1661=(
BOUNDED_CURVE()
B_SPLINE_CURVE(1,(#1662,#1663),.UNSPECIFIED.,.F.,.F.)
B_SPLINE_CURVE_WITH_KNOTS((2,2),(0.000,1.000),.UNSPECIFIED.)
CURVE()
GEOMETRIC_REPRESENTATION_ITEM()
RATIONAL_B_SPLINE_CURVE((1.0000000000,1.0000000000))
REPRESENTATION_ITEM('')
);
#1662=CARTESIAN_POINT('',(4.0462252831,19.6090652257,0.0000000000));
#1663=CARTESIAN_POINT('',(4.0462252831,19.6712713447,0.0000000000));

#1664=(
BOUNDED_CURVE()
B_SPLINE_CURVE(1,(#1665,#1666),.UNSPECIFIED.,.F.,.F.)
B_SPLINE_CURVE_WITH_KNOTS((2,2),(0.000,1.000),.UNSPECIFIED.)
CURVE()
GEOMETRIC_REPRESENTATION_ITEM()
RATIONAL_B_SPLINE_CURVE((1.0000000000,1.0000000000))
REPRESENTATION_ITEM('')
);
#1665=CARTESIAN_POINT('',(4.0462252831,19.6712713447,0.0000000000));
#1666=CARTESIAN_POINT('',(4.3007048606,19.6712713447,0.0000000000));

#1667=(
BOUNDED_CURVE()
B_SPLINE_CURVE(1,(#1668,#1669),.UNSPECIFIED.,.F.,.F.)
B_SPLINE_CURVE_WITH_KNOTS((2,2),(0.000,1.000),.UNSPECIFIED.)
CURVE()
GEOMETRIC_REPRESENTATION_ITEM()
RATIONAL_B_SPLINE_CURVE((1.0000000000,1.0000000000))
REPRESENTATION_ITEM('')
);
#1668=CARTESIAN_POINT('',(4.3007048606,19.6712713447,0.0000000000));
#1669=CARTESIAN_POINT('',(4.1734650718,19.1114162740,0.0000000000));

#1670=(
BOUNDED_CURVE()
B_SPLINE_CURVE(1,(#1671,#1672),.UNSPECIFIED.,.F.,.F.)
B_SPLINE_CURVE_WITH_KNOTS((2,2),(0.000,1.000),.UNSPECIFIED.)
CURVE()
GEOMETRIC_REPRESENTATION_ITEM()
RATIONAL_B_SPLINE_CURVE((1.0000000000,1.0000000000))
REPRESENTATION_ITEM('')
);
#1671=CARTESIAN_POINT('',(4.7587681002,19.6712713447,0.0000000000));
#1672=CARTESIAN_POINT('',(4.5042885226,19.6712713447,0.0000000000));

#1673=(
BOUNDED_CURVE()
B_SPLINE_CURVE(1,(#1674,#1675),.UNSPECIFIED.,.F.,.F.)
B_SPLINE_CURVE_WITH_KNOTS((2,2),(0.000,1.000),.UNSPECIFIED.)
CURVE()
GEOMETRIC_REPRESENTATION_ITEM()
RATIONAL_B_SPLINE_CURVE((1.0000000000,1.0000000000))
REPRESENTATION_ITEM('')
);
#1674=CARTESIAN_POINT('',(4.5042885226,19.6712713447,0.0000000000));
#1675=CARTESIAN_POINT('',(4.5042885226,19.4224468688,0.0000000000));

#1676=(
BOUNDED_CURVE()
B_SPLINE_CURVE(1,(#1677,#1678),.UNSPECIFIED.,.F.,.F.)
B_SPLINE_CURVE_WITH_KNOTS((2,2),(0.000,1.000),.UNSPECIFIED.)
CURVE()
GEOMETRIC_REPRESENTATION_ITEM()
RATIONAL_B_SPLINE_CURVE((1.0000000000,1.0000000000))
REPRESENTATION_ITEM('')
);
#1677=CARTESIAN_POINT('',(4.5042885226,19.4224468688,0.0000000000));
#1678=CARTESIAN_POINT('',(4.6315283114,19.4224468688,0.0000000000));

#1679=(
BOUNDED_CURVE()
B_SPLINE_CURVE(1,(#1680,#1681),.UNSPECIFIED.,.F.,.F.)
B_SPLINE_CURVE_WITH_KNOTS((2,2),(0.000,1.000),.UNSPECIFIED.)
CURVE()
GEOMETRIC_REPRESENTATION_ITEM()
RATIONAL_B_SPLINE_CURVE((1.0000000000,1.0000000000))
REPRESENTATION_ITEM('')
);
#1680=CARTESIAN_POINT('',(4.6315283114,19.4224468688,0.0000000000));
#1681=CARTESIAN_POINT('',(4.6562878478,19.4199082833,0.0000000000));

#1682=(
BOUNDED_CURVE()
B_SPLINE_CURVE(1,(#1683,#1684),.UNSPECIFIED.,.F.,.F.)
B_SPLINE_CURVE_WITH_KNOTS((2,2),(0.000,1.000),.UNSPECIFIED.)
CURVE()
GEOMETRIC_REPRESENTATION_ITEM()
RATIONAL_B_SPLINE_CURVE((1.0000000000,1.0000000000))
REPRESENTATION_ITEM('')
);
#1683=CARTESIAN_POINT('',(4.6562878478,19.4199082833,0.0000000000));
#1684=CARTESIAN_POINT('',(4.6800783739,19.4127373523,0.0000000000));

#1685=(
BOUNDED_CURVE()
B_SPLINE_CURVE(1,(#1686,#1687),.UNSPECIFIED.,.F.,.F.)
B_SPLINE_CURVE_WITH_KNOTS((2,2),(0.000,1.000),.UNSPECIFIED.)
CURVE()
GEOMETRIC_REPRESENTATION_ITEM()
RATIONAL_B_SPLINE_CURVE((1.0000000000,1.0000000000))
REPRESENTATION_ITEM('')
);
#1686=CARTESIAN_POINT('',(4.6800783739,19.4127373523,0.0000000000));
#1687=CARTESIAN_POINT('',(4.7020022745,19.4012046345,0.0000000000));

#1688=(
BOUNDED_CURVE()
B_SPLINE_CURVE(1,(#1689,#1690),.UNSPECIFIED.,.F.,.F.)
B_SPLINE_CURVE_WITH_KNOTS((2,2),(0.000,1.000),.UNSPECIFIED.)
CURVE()
GEOMETRIC_REPRESENTATION_ITEM()
RATIONAL_B_SPLINE_CURVE((1.0000000000,1.0000000000))
REPRESENTATION_ITEM('')
);
#1689=CARTESIAN_POINT('',(4.7020022745,19.4012046345,0.0000000000));
#1690=CARTESIAN_POINT('',(4.7212323625,19.3857452586,0.0000000000));

#1691=(
BOUNDED_CURVE()
B_SPLINE_CURVE(1,(#1692,#1693),.UNSPECIFIED.,.F.,.F.)
B_SPLINE_CURVE_WITH_KNOTS((2,2),(0.000,1.000),.UNSPECIFIED.)
CURVE()
GEOMETRIC_REPRESENTATION_ITEM()
RATIONAL_B_SPLINE_CURVE((1.0000000000,1.0000000000))
REPRESENTATION_ITEM('')
);
#1692=CARTESIAN_POINT('',(4.7212323625,19.3857452586,0.0000000000));
#1693=CARTESIAN_POINT('',(4.7370430878,19.3669425060,0.0000000000));

#1694=(
BOUNDED_CURVE()
B_SPLINE_CURVE(1,(#1695,#1696),.UNSPECIFIED.,.F.,.F.)
B_SPLINE_CURVE_WITH_KNOTS((2,2),(0.000,1.000),.UNSPECIFIED.)
CURVE()
GEOMETRIC_REPRESENTATION_ITEM()
RATIONAL_B_SPLINE_CURVE((1.0000000000,1.0000000000))
REPRESENTATION_ITEM('')
);
#1695=CARTESIAN_POINT('',(4.7370430878,19.3669425060,0.0000000000));
#1696=CARTESIAN_POINT('',(4.7488379128,19.3455058031,0.0000000000));

#1697=(
BOUNDED_CURVE()
B_SPLINE_CURVE(1,(#1698,#1699),.UNSPECIFIED.,.F.,.F.)
B_SPLINE_CURVE_WITH_KNOTS((2,2),(0.000,1.000),.UNSPECIFIED.)
CURVE()
GEOMETRIC_REPRESENTATION_ITEM()
RATIONAL_B_SPLINE_CURVE((1.0000000000,1.0000000000))
REPRESENTATION_ITEM('')
);
#1698=CARTESIAN_POINT('',(4.7488379128,19.3455058031,0.0000000000));
#1699=CARTESIAN_POINT('',(4.7561718195,19.3222439554,0.0000000000));

#1700=(
BOUNDED_CURVE()
B_SPLINE_CURVE(1,(#1701,#1702),.UNSPECIFIED.,.F.,.F.)
B_SPLINE_CURVE_WITH_KNOTS((2,2),(0.000,1.000),.UNSPECIFIED.)
CURVE()
GEOMETRIC_REPRESENTATION_ITEM()
RATIONAL_B_SPLINE_CURVE((1.0000000000,1.0000000000))
REPRESENTATION_ITEM('')
);
#1701=CARTESIAN_POINT('',(4.7561718195,19.3222439554,0.0000000000));
#1702=CARTESIAN_POINT('',(4.7587681002,19.2980346309,0.0000000000));

#1703=(
BOUNDED_CURVE()
B_SPLINE_CURVE(1,(#1704,#1705),.UNSPECIFIED.,.F.,.F.)
B_SPLINE_CURVE_WITH_KNOTS((2,2),(0.000,1.000),.UNSPECIFIED.)
CURVE()
GEOMETRIC_REPRESENTATION_ITEM()
RATIONAL_B_SPLINE_CURVE((1.0000000000,1.0000000000))
REPRESENTATION_ITEM('')
);
#1704=CARTESIAN_POINT('',(4.7587681002,19.2980346309,0.0000000000));
#1705=CARTESIAN_POINT('',(4.7587681002,19.2358285120,0.0000000000));

#1706=(
BOUNDED_CURVE()
B_SPLINE_CURVE(1,(#1707,#1708),.UNSPECIFIED.,.F.,.F.)
B_SPLINE_CURVE_WITH_KNOTS((2,2),(0.000,1.000),.UNSPECIFIED.)
CURVE()
GEOMETRIC_REPRESENTATION_ITEM()
RATIONAL_B_SPLINE_CURVE((1.0000000000,1.0000000000))
REPRESENTATION_ITEM('')
);
#1707=CARTESIAN_POINT('',(4.7587681002,19.2358285120,0.0000000000));
#1708=CARTESIAN_POINT('',(4.7561718195,19.2116191875,0.0000000000));

#1709=(
BOUNDED_CURVE()
B_SPLINE_CURVE(1,(#1710,#1711),.UNSPECIFIED.,.F.,.F.)
B_SPLINE_CURVE_WITH_KNOTS((2,2),(0.000,1.000),.UNSPECIFIED.)
CURVE()
GEOMETRIC_REPRESENTATION_ITEM()
RATIONAL_B_SPLINE_CURVE((1.0000000000,1.0000000000))
REPRESENTATION_ITEM('')
);
#1710=CARTESIAN_POINT('',(4.7561718195,19.2116191875,0.0000000000));
#1711=CARTESIAN_POINT('',(4.7488379128,19.1883573398,0.0000000000));

#1712=(
BOUNDED_CURVE()
B_SPLINE_CURVE(1,(#1713,#1714),.UNSPECIFIED.,.F.,.F.)
B_SPLINE_CURVE_WITH_KNOTS((2,2),(0.000,1.000),.UNSPECIFIED.)
CURVE()
GEOMETRIC_REPRESENTATION_ITEM()
RATIONAL_B_SPLINE_CURVE((1.0000000000,1.0000000000))
REPRESENTATION_ITEM('')
);
#1713=CARTESIAN_POINT('',(4.7488379128,19.1883573398,0.0000000000));
#1714=CARTESIAN_POINT('',(4.7370430878,19.1669206369,0.0000000000));

#1715=(
BOUNDED_CURVE()
B_SPLINE_CURVE(1,(#1716,#1717),.UNSPECIFIED.,.F.,.F.)
B_SPLINE_CURVE_WITH_KNOTS((2,2),(0.000,1.000),.UNSPECIFIED.)
CURVE()
GEOMETRIC_REPRESENTATION_ITEM()
RATIONAL_B_SPLINE_CURVE((1.0000000000,1.0000000000))
REPRESENTATION_ITEM('')
);
#1716=CARTESIAN_POINT('',(4.7370430878,19.1669206369,0.0000000000));
#1717=CARTESIAN_POINT('',(4.7212323625,19.1481178842,0.0000000000));

#1718=(
BOUNDED_CURVE()
B_SPLINE_CURVE(1,(#1719,#1720),.UNSPECIFIED.,.F.,.F.)
B_SPLINE_CURVE_WITH_KNOTS((2,2),(0.000,1.000),.UNSPECIFIED.)
CURVE()
GEOMETRIC_REPRESENTATION_ITEM()
RATIONAL_B_SPLINE_CURVE((1.0000000000,1.0000000000))
REPRESENTATION_ITEM('')
);
#1719=CARTESIAN_POINT('',(4.7212323625,19.1481178842,0.0000000000));
#1720=CARTESIAN_POINT('',(4.7020022745,19.1326585084,0.0000000000));

#1721=(
BOUNDED_CURVE()
B_SPLINE_CURVE(1,(#1722,#1723),.UNSPECIFIED.,.F.,.F.)
B_SPLINE_CURVE_WITH_KNOTS((2,2),(0.000,1.000),.UNSPECIFIED.)
CURVE()
GEOMETRIC_REPRESENTATION_ITEM()
RATIONAL_B_SPLINE_CURVE((1.0000000000,1.0000000000))
REPRESENTATION_ITEM('')
);
#1722=CARTESIAN_POINT('',(4.7020022745,19.1326585084,0.0000000000));
#1723=CARTESIAN_POINT('',(4.6800783739,19.1211257906,0.0000000000));

#1724=(
BOUNDED_CURVE()
B_SPLINE_CURVE(1,(#1725,#1726),.UNSPECIFIED.,.F.,.F.)
B_SPLINE_CURVE_WITH_KNOTS((2,2),(0.000,1.000),.UNSPECIFIED.)
CURVE()
GEOMETRIC_REPRESENTATION_ITEM()
RATIONAL_B_SPLINE_CURVE((1.0000000000,1.0000000000))
REPRESENTATION_ITEM('')
);
#1725=CARTESIAN_POINT('',(4.6800783739,19.1211257906,0.0000000000));
#1726=CARTESIAN_POINT('',(4.6562878478,19.1139548596,0.0000000000));

#1727=(
BOUNDED_CURVE()
B_SPLINE_CURVE(1,(#1728,#1729),.UNSPECIFIED.,.F.,.F.)
B_SPLINE_CURVE_WITH_KNOTS((2,2),(0.000,1.000),.UNSPECIFIED.)
CURVE()
GEOMETRIC_REPRESENTATION_ITEM()
RATIONAL_B_SPLINE_CURVE((1.0000000000,1.0000000000))
REPRESENTATION_ITEM('')
);
#1728=CARTESIAN_POINT('',(4.6562878478,19.1139548596,0.0000000000));
#1729=CARTESIAN_POINT('',(4.6315283114,19.1114162740,0.0000000000));

#1730=(
BOUNDED_CURVE()
B_SPLINE_CURVE(1,(#1731,#1732),.UNSPECIFIED.,.F.,.F.)
B_SPLINE_CURVE_WITH_KNOTS((2,2),(0.000,1.000),.UNSPECIFIED.)
CURVE()
GEOMETRIC_REPRESENTATION_ITEM()
RATIONAL_B_SPLINE_CURVE((1.0000000000,1.0000000000))
REPRESENTATION_ITEM('')
);
#1731=CARTESIAN_POINT('',(4.6315283114,19.1114162740,0.0000000000));
#1732=CARTESIAN_POINT('',(4.5042885226,19.1114162740,0.0000000000));

#1733=(
BOUNDED_CURVE()
B_SPLINE_CURVE(1,(#1734,#1735),.UNSPECIFIED.,.F.,.F.)
B_SPLINE_CURVE_WITH_KNOTS((2,2),(0.000,1.000),.UNSPECIFIED.)
CURVE()
GEOMETRIC_REPRESENTATION_ITEM()
RATIONAL_B_SPLINE_CURVE((1.0000000000,1.0000000000))
REPRESENTATION_ITEM('')
);
#1734=CARTESIAN_POINT('',(4.9623517622,19.1114162740,0.0000000000));
#1735=CARTESIAN_POINT('',(4.9623517622,19.1425193335,0.0000000000));

#1736=(
BOUNDED_CURVE()
B_SPLINE_CURVE(1,(#1737,#1738),.UNSPECIFIED.,.F.,.F.)
B_SPLINE_CURVE_WITH_KNOTS((2,2),(0.000,1.000),.UNSPECIFIED.)
CURVE()
GEOMETRIC_REPRESENTATION_ITEM()
RATIONAL_B_SPLINE_CURVE((1.0000000000,1.0000000000))
REPRESENTATION_ITEM('')
);
#1737=CARTESIAN_POINT('',(42.4726414932,-14.4289920471,0.0000000000));
#1738=CARTESIAN_POINT('',(42.4726414932,-15.4469103573,0.0000000000));

#1739=(
BOUNDED_CURVE()
B_SPLINE_CURVE(1,(#1740,#1741),.UNSPECIFIED.,.F.,.F.)
B_SPLINE_CURVE_WITH_KNOTS((2,2),(0.000,1.000),.UNSPECIFIED.)
CURVE()
GEOMETRIC_REPRESENTATION_ITEM()
RATIONAL_B_SPLINE_CURVE((1.0000000000,1.0000000000))
REPRESENTATION_ITEM('')
);
#1740=CARTESIAN_POINT('',(-32.5479379687,-14.4289920471,0.0000000000));
#1741=CARTESIAN_POINT('',(-32.5479379687,-15.4469103573,0.0000000000));

#1742=(
BOUNDED_CURVE()
B_SPLINE_CURVE(1,(#1743,#1744),.UNSPECIFIED.,.F.,.F.)
B_SPLINE_CURVE_WITH_KNOTS((2,2),(0.000,1.000),.UNSPECIFIED.)
CURVE()
GEOMETRIC_REPRESENTATION_ITEM()
RATIONAL_B_SPLINE_CURVE((1.0000000000,1.0000000000))
REPRESENTATION_ITEM('')
);
#1743=CARTESIAN_POINT('',(-34.2275031806,16.4139327520,0.0000000000));
#1744=CARTESIAN_POINT('',(-33.5658562789,15.6504940194,0.0000000000));

#1745=(
BOUNDED_CURVE()
B_SPLINE_CURVE(1,(#1746,#1747),.UNSPECIFIED.,.F.,.F.)
B_SPLINE_CURVE_WITH_KNOTS((2,2),(0.000,1.000),.UNSPECIFIED.)
CURVE()
GEOMETRIC_REPRESENTATION_ITEM()
RATIONAL_B_SPLINE_CURVE((1.0000000000,1.0000000000))
REPRESENTATION_ITEM('')
);
#1746=CARTESIAN_POINT('',(-35.6016928993,16.6175164141,0.0000000000));
#1747=CARTESIAN_POINT('',(-35.3981092373,17.2282674002,0.0000000000));

#1748=(
BOUNDED_CURVE()
B_SPLINE_CURVE(1,(#1749,#1750),.UNSPECIFIED.,.F.,.F.)
B_SPLINE_CURVE_WITH_KNOTS((2,2),(0.000,1.000),.UNSPECIFIED.)
CURVE()
GEOMETRIC_REPRESENTATION_ITEM()
RATIONAL_B_SPLINE_CURVE((1.0000000000,1.0000000000))
REPRESENTATION_ITEM('')
);
#1749=CARTESIAN_POINT('',(-35.0927337442,17.2282674002,0.0000000000));
#1750=CARTESIAN_POINT('',(-34.9654939554,17.2282674002,0.0000000000));

#1751=(
BOUNDED_CURVE()
B_SPLINE_CURVE(1,(#1752,#1753),.UNSPECIFIED.,.F.,.F.)
B_SPLINE_CURVE_WITH_KNOTS((2,2),(0.000,1.000),.UNSPECIFIED.)
CURVE()
GEOMETRIC_REPRESENTATION_ITEM()
RATIONAL_B_SPLINE_CURVE((1.0000000000,1.0000000000))
REPRESENTATION_ITEM('')
);
#1752=CARTESIAN_POINT('',(-34.9654939554,17.2282674002,0.0000000000));
#1753=CARTESIAN_POINT('',(-34.9168013963,17.2179361445,0.0000000000));

#1754=(
BOUNDED_CURVE()
B_SPLINE_CURVE(1,(#1755,#1756),.UNSPECIFIED.,.F.,.F.)
B_SPLINE_CURVE_WITH_KNOTS((2,2),(0.000,1.000),.UNSPECIFIED.)
CURVE()
GEOMETRIC_REPRESENTATION_ITEM()
RATIONAL_B_SPLINE_CURVE((1.0000000000,1.0000000000))
REPRESENTATION_ITEM('')
);
#1755=CARTESIAN_POINT('',(-34.9168013963,17.2179361445,0.0000000000));
#1756=CARTESIAN_POINT('',(-34.8755218380,17.1885152175,0.0000000000));

#1757=(
BOUNDED_CURVE()
B_SPLINE_CURVE(1,(#1758,#1759),.UNSPECIFIED.,.F.,.F.)
B_SPLINE_CURVE_WITH_KNOTS((2,2),(0.000,1.000),.UNSPECIFIED.)
CURVE()
GEOMETRIC_REPRESENTATION_ITEM()
RATIONAL_B_SPLINE_CURVE((1.0000000000,1.0000000000))
REPRESENTATION_ITEM('')
);
#1758=CARTESIAN_POINT('',(-34.8755218380,17.1885152175,0.0000000000));
#1759=CARTESIAN_POINT('',(-34.8479397189,17.1444836885,0.0000000000));

#1760=(
BOUNDED_CURVE()
B_SPLINE_CURVE(1,(#1761,#1762),.UNSPECIFIED.,.F.,.F.)
B_SPLINE_CURVE_WITH_KNOTS((2,2),(0.000,1.000),.UNSPECIFIED.)
CURVE()
GEOMETRIC_REPRESENTATION_ITEM()
RATIONAL_B_SPLINE_CURVE((1.0000000000,1.0000000000))
REPRESENTATION_ITEM('')
);
#1761=CARTESIAN_POINT('',(-34.8479397189,17.1444836885,0.0000000000));
#1762=CARTESIAN_POINT('',(-34.8382541667,17.0925449588,0.0000000000));

#1763=(
BOUNDED_CURVE()
B_SPLINE_CURVE(1,(#1764,#1765),.UNSPECIFIED.,.F.,.F.)
B_SPLINE_CURVE_WITH_KNOTS((2,2),(0.000,1.000),.UNSPECIFIED.)
CURVE()
GEOMETRIC_REPRESENTATION_ITEM()
RATIONAL_B_SPLINE_CURVE((1.0000000000,1.0000000000))
REPRESENTATION_ITEM('')
);
#1764=CARTESIAN_POINT('',(-34.8382541667,17.0925449588,0.0000000000));
#1765=CARTESIAN_POINT('',(-34.8479397189,17.0406062291,0.0000000000));

#1766=(
BOUNDED_CURVE()
B_SPLINE_CURVE(1,(#1767,#1768),.UNSPECIFIED.,.F.,.F.)
B_SPLINE_CURVE_WITH_KNOTS((2,2),(0.000,1.000),.UNSPECIFIED.)
CURVE()
GEOMETRIC_REPRESENTATION_ITEM()
RATIONAL_B_SPLINE_CURVE((1.0000000000,1.0000000000))
REPRESENTATION_ITEM('')
);
#1767=CARTESIAN_POINT('',(-34.8479397189,17.0406062291,0.0000000000));
#1768=CARTESIAN_POINT('',(-34.8755218380,16.9965747002,0.0000000000));

#1769=(
BOUNDED_CURVE()
B_SPLINE_CURVE(1,(#1770,#1771),.UNSPECIFIED.,.F.,.F.)
B_SPLINE_CURVE_WITH_KNOTS((2,2),(0.000,1.000),.UNSPECIFIED.)
CURVE()
GEOMETRIC_REPRESENTATION_ITEM()
RATIONAL_B_SPLINE_CURVE((1.0000000000,1.0000000000))
REPRESENTATION_ITEM('')
);
#1770=CARTESIAN_POINT('',(-34.8755218380,16.9965747002,0.0000000000));
#1771=CARTESIAN_POINT('',(-34.9168013963,16.9671537731,0.0000000000));

#1772=(
BOUNDED_CURVE()
B_SPLINE_CURVE(1,(#1773,#1774),.UNSPECIFIED.,.F.,.F.)
B_SPLINE_CURVE_WITH_KNOTS((2,2),(0.000,1.000),.UNSPECIFIED.)
CURVE()
GEOMETRIC_REPRESENTATION_ITEM()
RATIONAL_B_SPLINE_CURVE((1.0000000000,1.0000000000))
REPRESENTATION_ITEM('')
);
#1773=CARTESIAN_POINT('',(-34.9168013963,16.9671537731,0.0000000000));
#1774=CARTESIAN_POINT('',(-34.9654939554,16.9568225175,0.0000000000));

#1775=(
BOUNDED_CURVE()
B_SPLINE_CURVE(1,(#1776,#1777),.UNSPECIFIED.,.F.,.F.)
B_SPLINE_CURVE_WITH_KNOTS((2,2),(0.000,1.000),.UNSPECIFIED.)
CURVE()
GEOMETRIC_REPRESENTATION_ITEM()
RATIONAL_B_SPLINE_CURVE((1.0000000000,1.0000000000))
REPRESENTATION_ITEM('')
);
#1776=CARTESIAN_POINT('',(-34.9654939554,16.9568225175,0.0000000000));
#1777=CARTESIAN_POINT('',(-35.0291138498,16.9568225175,0.0000000000));

#1778=(
BOUNDED_CURVE()
B_SPLINE_CURVE(1,(#1779,#1780),.UNSPECIFIED.,.F.,.F.)
B_SPLINE_CURVE_WITH_KNOTS((2,2),(0.000,1.000),.UNSPECIFIED.)
CURVE()
GEOMETRIC_REPRESENTATION_ITEM()
RATIONAL_B_SPLINE_CURVE((1.0000000000,1.0000000000))
REPRESENTATION_ITEM('')
);
#1779=CARTESIAN_POINT('',(-34.9654939554,16.9568225175,0.0000000000));
#1780=CARTESIAN_POINT('',(-34.9407344190,16.9540531514,0.0000000000));

#1781=(
BOUNDED_CURVE()
B_SPLINE_CURVE(1,(#1782,#1783),.UNSPECIFIED.,.F.,.F.)
B_SPLINE_CURVE_WITH_KNOTS((2,2),(0.000,1.000),.UNSPECIFIED.)
CURVE()
GEOMETRIC_REPRESENTATION_ITEM()
RATIONAL_B_SPLINE_CURVE((1.0000000000,1.0000000000))
REPRESENTATION_ITEM('')
);
#1782=CARTESIAN_POINT('',(-34.9407344190,16.9540531514,0.0000000000));
#1783=CARTESIAN_POINT('',(-34.9169438930,16.9462303176,0.0000000000));

#1784=(
BOUNDED_CURVE()
B_SPLINE_CURVE(1,(#1785,#1786),.UNSPECIFIED.,.F.,.F.)
B_SPLINE_CURVE_WITH_KNOTS((2,2),(0.000,1.000),.UNSPECIFIED.)
CURVE()
GEOMETRIC_REPRESENTATION_ITEM()
RATIONAL_B_SPLINE_CURVE((1.0000000000,1.0000000000))
REPRESENTATION_ITEM('')
);
#1785=CARTESIAN_POINT('',(-34.9169438930,16.9462303176,0.0000000000));
#1786=CARTESIAN_POINT('',(-34.8950199923,16.9336491709,0.0000000000));

#1787=(
BOUNDED_CURVE()
B_SPLINE_CURVE(1,(#1788,#1789),.UNSPECIFIED.,.F.,.F.)
B_SPLINE_CURVE_WITH_KNOTS((2,2),(0.000,1.000),.UNSPECIFIED.)
CURVE()
GEOMETRIC_REPRESENTATION_ITEM()
RATIONAL_B_SPLINE_CURVE((1.0000000000,1.0000000000))
REPRESENTATION_ITEM('')
);
#1788=CARTESIAN_POINT('',(-34.8950199923,16.9336491709,0.0000000000));
#1789=CARTESIAN_POINT('',(-34.8757899044,16.9167843973,0.0000000000));

#1790=(
BOUNDED_CURVE()
B_SPLINE_CURVE(1,(#1791,#1792),.UNSPECIFIED.,.F.,.F.)
B_SPLINE_CURVE_WITH_KNOTS((2,2),(0.000,1.000),.UNSPECIFIED.)
CURVE()
GEOMETRIC_REPRESENTATION_ITEM()
RATIONAL_B_SPLINE_CURVE((1.0000000000,1.0000000000))
REPRESENTATION_ITEM('')
);
#1791=CARTESIAN_POINT('',(-34.8757899044,16.9167843973,0.0000000000));
#1792=CARTESIAN_POINT('',(-34.8599791791,16.8962723034,0.0000000000));

#1793=(
BOUNDED_CURVE()
B_SPLINE_CURVE(1,(#1794,#1795),.UNSPECIFIED.,.F.,.F.)
B_SPLINE_CURVE_WITH_KNOTS((2,2),(0.000,1.000),.UNSPECIFIED.)
CURVE()
GEOMETRIC_REPRESENTATION_ITEM()
RATIONAL_B_SPLINE_CURVE((1.0000000000,1.0000000000))
REPRESENTATION_ITEM('')
);
#1794=CARTESIAN_POINT('',(-34.8599791791,16.8962723034,0.0000000000));
#1795=CARTESIAN_POINT('',(-34.8481843541,16.8728868094,0.0000000000));

#1796=(
BOUNDED_CURVE()
B_SPLINE_CURVE(1,(#1797,#1798),.UNSPECIFIED.,.F.,.F.)
B_SPLINE_CURVE_WITH_KNOTS((2,2),(0.000,1.000),.UNSPECIFIED.)
CURVE()
GEOMETRIC_REPRESENTATION_ITEM()
RATIONAL_B_SPLINE_CURVE((1.0000000000,1.0000000000))
REPRESENTATION_ITEM('')
);
#1797=CARTESIAN_POINT('',(-34.8481843541,16.8728868094,0.0000000000));
#1798=CARTESIAN_POINT('',(-34.8408504473,16.8475102483,0.0000000000));

#1799=(
BOUNDED_CURVE()
B_SPLINE_CURVE(1,(#1800,#1801),.UNSPECIFIED.,.F.,.F.)
B_SPLINE_CURVE_WITH_KNOTS((2,2),(0.000,1.000),.UNSPECIFIED.)
CURVE()
GEOMETRIC_REPRESENTATION_ITEM()
RATIONAL_B_SPLINE_CURVE((1.0000000000,1.0000000000))
REPRESENTATION_ITEM('')
);
#1800=CARTESIAN_POINT('',(-34.8408504473,16.8475102483,0.0000000000));
#1801=CARTESIAN_POINT('',(-34.8382541667,16.8211000761,0.0000000000));

#1802=(
BOUNDED_CURVE()
B_SPLINE_CURVE(1,(#1803,#1804),.UNSPECIFIED.,.F.,.F.)
B_SPLINE_CURVE_WITH_KNOTS((2,2),(0.000,1.000),.UNSPECIFIED.)
CURVE()
GEOMETRIC_REPRESENTATION_ITEM()
RATIONAL_B_SPLINE_CURVE((1.0000000000,1.0000000000))
REPRESENTATION_ITEM('')
);
#1803=CARTESIAN_POINT('',(-34.8382541667,16.8211000761,0.0000000000));
#1804=CARTESIAN_POINT('',(-34.8382541667,16.7532388554,0.0000000000));

#1805=(
BOUNDED_CURVE()
B_SPLINE_CURVE(1,(#1806,#1807),.UNSPECIFIED.,.F.,.F.)
B_SPLINE_CURVE_WITH_KNOTS((2,2),(0.000,1.000),.UNSPECIFIED.)
CURVE()
GEOMETRIC_REPRESENTATION_ITEM()
RATIONAL_B_SPLINE_CURVE((1.0000000000,1.0000000000))
REPRESENTATION_ITEM('')
);
#1806=CARTESIAN_POINT('',(-34.8382541667,16.7532388554,0.0000000000));
#1807=CARTESIAN_POINT('',(-34.8408504473,16.7268286832,0.0000000000));

#1808=(
BOUNDED_CURVE()
B_SPLINE_CURVE(1,(#1809,#1810),.UNSPECIFIED.,.F.,.F.)
B_SPLINE_CURVE_WITH_KNOTS((2,2),(0.000,1.000),.UNSPECIFIED.)
CURVE()
GEOMETRIC_REPRESENTATION_ITEM()
RATIONAL_B_SPLINE_CURVE((1.0000000000,1.0000000000))
REPRESENTATION_ITEM('')
);
#1809=CARTESIAN_POINT('',(-34.8408504473,16.7268286832,0.0000000000));
#1810=CARTESIAN_POINT('',(-34.8481843541,16.7014521221,0.0000000000));

#1811=(
BOUNDED_CURVE()
B_SPLINE_CURVE(1,(#1812,#1813),.UNSPECIFIED.,.F.,.F.)
B_SPLINE_CURVE_WITH_KNOTS((2,2),(0.000,1.000),.UNSPECIFIED.)
CURVE()
GEOMETRIC_REPRESENTATION_ITEM()
RATIONAL_B_SPLINE_CURVE((1.0000000000,1.0000000000))
REPRESENTATION_ITEM('')
);
#1812=CARTESIAN_POINT('',(-34.8481843541,16.7014521221,0.0000000000));
#1813=CARTESIAN_POINT('',(-34.8599791791,16.6780666281,0.0000000000));

#1814=(
BOUNDED_CURVE()
B_SPLINE_CURVE(1,(#1815,#1816),.UNSPECIFIED.,.F.,.F.)
B_SPLINE_CURVE_WITH_KNOTS((2,2),(0.000,1.000),.UNSPECIFIED.)
CURVE()
GEOMETRIC_REPRESENTATION_ITEM()
RATIONAL_B_SPLINE_CURVE((1.0000000000,1.0000000000))
REPRESENTATION_ITEM('')
);
#1815=CARTESIAN_POINT('',(-34.8599791791,16.6780666281,0.0000000000));
#1816=CARTESIAN_POINT('',(-34.8757899044,16.6575545343,0.0000000000));

#1817=(
BOUNDED_CURVE()
B_SPLINE_CURVE(1,(#1818,#1819),.UNSPECIFIED.,.F.,.F.)
B_SPLINE_CURVE_WITH_KNOTS((2,2),(0.000,1.000),.UNSPECIFIED.)
CURVE()
GEOMETRIC_REPRESENTATION_ITEM()
RATIONAL_B_SPLINE_CURVE((1.0000000000,1.0000000000))
REPRESENTATION_ITEM('')
);
#1818=CARTESIAN_POINT('',(-34.8757899044,16.6575545343,0.0000000000));
#1819=CARTESIAN_POINT('',(-34.8950199923,16.6406897606,0.0000000000));

#1820=(
BOUNDED_CURVE()
B_SPLINE_CURVE(1,(#1821,#1822),.UNSPECIFIED.,.F.,.F.)
B_SPLINE_CURVE_WITH_KNOTS((2,2),(0.000,1.000),.UNSPECIFIED.)
CURVE()
GEOMETRIC_REPRESENTATION_ITEM()
RATIONAL_B_SPLINE_CURVE((1.0000000000,1.0000000000))
REPRESENTATION_ITEM('')
);
#1821=CARTESIAN_POINT('',(-34.8950199923,16.6406897606,0.0000000000));
#1822=CARTESIAN_POINT('',(-34.9169438930,16.6281086139,0.0000000000));

#1823=(
BOUNDED_CURVE()
B_SPLINE_CURVE(1,(#1824,#1825),.UNSPECIFIED.,.F.,.F.)
B_SPLINE_CURVE_WITH_KNOTS((2,2),(0.000,1.000),.UNSPECIFIED.)
CURVE()
GEOMETRIC_REPRESENTATION_ITEM()
RATIONAL_B_SPLINE_CURVE((1.0000000000,1.0000000000))
REPRESENTATION_ITEM('')
);
#1824=CARTESIAN_POINT('',(-34.9169438930,16.6281086139,0.0000000000));
#1825=CARTESIAN_POINT('',(-34.9407344190,16.6202857801,0.0000000000));

#1826=(
BOUNDED_CURVE()
B_SPLINE_CURVE(1,(#1827,#1828),.UNSPECIFIED.,.F.,.F.)
B_SPLINE_CURVE_WITH_KNOTS((2,2),(0.000,1.000),.UNSPECIFIED.)
CURVE()
GEOMETRIC_REPRESENTATION_ITEM()
RATIONAL_B_SPLINE_CURVE((1.0000000000,1.0000000000))
REPRESENTATION_ITEM('')
);
#1827=CARTESIAN_POINT('',(-34.9407344190,16.6202857801,0.0000000000));
#1828=CARTESIAN_POINT('',(-34.9654939554,16.6175164141,0.0000000000));

#1829=(
BOUNDED_CURVE()
B_SPLINE_CURVE(1,(#1830,#1831),.UNSPECIFIED.,.F.,.F.)
B_SPLINE_CURVE_WITH_KNOTS((2,2),(0.000,1.000),.UNSPECIFIED.)
CURVE()
GEOMETRIC_REPRESENTATION_ITEM()
RATIONAL_B_SPLINE_CURVE((1.0000000000,1.0000000000))
REPRESENTATION_ITEM('')
);
#1830=CARTESIAN_POINT('',(-34.9654939554,16.6175164141,0.0000000000));
#1831=CARTESIAN_POINT('',(-35.0927337442,16.6175164141,0.0000000000));

#1832=(
BOUNDED_CURVE()
B_SPLINE_CURVE(1,(#1833,#1834),.UNSPECIFIED.,.F.,.F.)
B_SPLINE_CURVE_WITH_KNOTS((2,2),(0.000,1.000),.UNSPECIFIED.)
CURVE()
GEOMETRIC_REPRESENTATION_ITEM()
RATIONAL_B_SPLINE_CURVE((1.0000000000,1.0000000000))
REPRESENTATION_ITEM('')
);
#1833=CARTESIAN_POINT('',(-34.6346705046,16.6175164141,0.0000000000));
#1834=CARTESIAN_POINT('',(-34.6346705046,16.6514470244,0.0000000000));

#1835=(
BOUNDED_CURVE()
B_SPLINE_CURVE(1,(#1836,#1837),.UNSPECIFIED.,.F.,.F.)
B_SPLINE_CURVE_WITH_KNOTS((2,2),(0.000,1.000),.UNSPECIFIED.)
CURVE()
GEOMETRIC_REPRESENTATION_ITEM()
RATIONAL_B_SPLINE_CURVE((1.0000000000,1.0000000000))
REPRESENTATION_ITEM('')
);
#1836=CARTESIAN_POINT('',(4.8096640157,-1.0942621835,0.0000000000));
#1837=CARTESIAN_POINT('',(4.8096640157,-0.5344071129,0.0000000000));

#1838=(
BOUNDED_CURVE()
B_SPLINE_CURVE(1,(#1839,#1840),.UNSPECIFIED.,.F.,.F.)
B_SPLINE_CURVE_WITH_KNOTS((2,2),(0.000,1.000),.UNSPECIFIED.)
CURVE()
GEOMETRIC_REPRESENTATION_ITEM()
RATIONAL_B_SPLINE_CURVE((1.0000000000,1.0000000000))
REPRESENTATION_ITEM('')
);
#1839=CARTESIAN_POINT('',(5.1150395088,-1.0942621835,0.0000000000));
#1840=CARTESIAN_POINT('',(5.1150395088,-0.5344071129,0.0000000000));

#1841=(
BOUNDED_CURVE()
B_SPLINE_CURVE(1,(#1842,#1843),.UNSPECIFIED.,.F.,.F.)
B_SPLINE_CURVE_WITH_KNOTS((2,2),(0.000,1.000),.UNSPECIFIED.)
CURVE()
GEOMETRIC_REPRESENTATION_ITEM()
RATIONAL_B_SPLINE_CURVE((1.0000000000,1.0000000000))
REPRESENTATION_ITEM('')
);
#1842=CARTESIAN_POINT('',(4.8096640157,-0.7832315887,0.0000000000));
#1843=CARTESIAN_POINT('',(5.1150395088,-0.7832315887,0.0000000000));

#1844=(
BOUNDED_CURVE()
B_SPLINE_CURVE(1,(#1845,#1846),.UNSPECIFIED.,.F.,.F.)
B_SPLINE_CURVE_WITH_KNOTS((2,2),(0.000,1.000),.UNSPECIFIED.)
CURVE()
GEOMETRIC_REPRESENTATION_ITEM()
RATIONAL_B_SPLINE_CURVE((1.0000000000,1.0000000000))
REPRESENTATION_ITEM('')
);
#1845=CARTESIAN_POINT('',(-31.7844992361,-1.7050131696,0.0000000000));
#1846=CARTESIAN_POINT('',(-31.7844992361,-1.0942621835,0.0000000000));

#1847=(
BOUNDED_CURVE()
B_SPLINE_CURVE(1,(#1848,#1849),.UNSPECIFIED.,.F.,.F.)
B_SPLINE_CURVE_WITH_KNOTS((2,2),(0.000,1.000),.UNSPECIFIED.)
CURVE()
GEOMETRIC_REPRESENTATION_ITEM()
RATIONAL_B_SPLINE_CURVE((1.0000000000,1.0000000000))
REPRESENTATION_ITEM('')
);
#1848=CARTESIAN_POINT('',(-31.7844992361,-1.0942621835,0.0000000000));
#1849=CARTESIAN_POINT('',(-31.6063635318,-1.4335682869,0.0000000000));

#1850=(
BOUNDED_CURVE()
B_SPLINE_CURVE(1,(#1851,#1852),.UNSPECIFIED.,.F.,.F.)
B_SPLINE_CURVE_WITH_KNOTS((2,2),(0.000,1.000),.UNSPECIFIED.)
CURVE()
GEOMETRIC_REPRESENTATION_ITEM()
RATIONAL_B_SPLINE_CURVE((1.0000000000,1.0000000000))
REPRESENTATION_ITEM('')
);
#1851=CARTESIAN_POINT('',(-31.6063635318,-1.4335682869,0.0000000000));
#1852=CARTESIAN_POINT('',(-31.4282278275,-1.0942621835,0.0000000000));

#1853=(
BOUNDED_CURVE()
B_SPLINE_CURVE(1,(#1854,#1855),.UNSPECIFIED.,.F.,.F.)
B_SPLINE_CURVE_WITH_KNOTS((2,2),(0.000,1.000),.UNSPECIFIED.)
CURVE()
GEOMETRIC_REPRESENTATION_ITEM()
RATIONAL_B_SPLINE_CURVE((1.0000000000,1.0000000000))
REPRESENTATION_ITEM('')
);
#1854=CARTESIAN_POINT('',(-31.4282278275,-1.0942621835,0.0000000000));
#1855=CARTESIAN_POINT('',(-31.4282278275,-1.7050131696,0.0000000000));

#1856=(
BOUNDED_CURVE()
B_SPLINE_CURVE(1,(#1857,#1858),.UNSPECIFIED.,.F.,.F.)
B_SPLINE_CURVE_WITH_KNOTS((2,2),(0.000,1.000),.UNSPECIFIED.)
CURVE()
GEOMETRIC_REPRESENTATION_ITEM()
RATIONAL_B_SPLINE_CURVE((1.0000000000,1.0000000000))
REPRESENTATION_ITEM('')
);
#1857=CARTESIAN_POINT('',(41.3529313520,-1.7050131696,0.0000000000));
#1858=CARTESIAN_POINT('',(41.3529313520,-1.0942621835,0.0000000000));

#1859=(
BOUNDED_CURVE()
B_SPLINE_CURVE(1,(#1860,#1861),.UNSPECIFIED.,.F.,.F.)
B_SPLINE_CURVE_WITH_KNOTS((2,2),(0.000,1.000),.UNSPECIFIED.)
CURVE()
GEOMETRIC_REPRESENTATION_ITEM()
RATIONAL_B_SPLINE_CURVE((1.0000000000,1.0000000000))
REPRESENTATION_ITEM('')
);
#1860=CARTESIAN_POINT('',(41.3529313520,-1.0942621835,0.0000000000));
#1861=CARTESIAN_POINT('',(41.5565150140,-1.4335682869,0.0000000000));

#1862=(
BOUNDED_CURVE()
B_SPLINE_CURVE(1,(#1863,#1864),.UNSPECIFIED.,.F.,.F.)
B_SPLINE_CURVE_WITH_KNOTS((2,2),(0.000,1.000),.UNSPECIFIED.)
CURVE()
GEOMETRIC_REPRESENTATION_ITEM()
RATIONAL_B_SPLINE_CURVE((1.0000000000,1.0000000000))
REPRESENTATION_ITEM('')
);
#1863=CARTESIAN_POINT('',(41.5565150140,-1.4335682869,0.0000000000));
#1864=CARTESIAN_POINT('',(41.7600986760,-1.0942621835,0.0000000000));

#1865=(
BOUNDED_CURVE()
B_SPLINE_CURVE(1,(#1866,#1867),.UNSPECIFIED.,.F.,.F.)
B_SPLINE_CURVE_WITH_KNOTS((2,2),(0.000,1.000),.UNSPECIFIED.)
CURVE()
GEOMETRIC_REPRESENTATION_ITEM()
RATIONAL_B_SPLINE_CURVE((1.0000000000,1.0000000000))
REPRESENTATION_ITEM('')
);
#1866=CARTESIAN_POINT('',(41.7600986760,-1.0942621835,0.0000000000));
#1867=CARTESIAN_POINT('',(41.7600986760,-1.7050131696,0.0000000000));

#1868=(
BOUNDED_CURVE()
B_SPLINE_CURVE(1,(#1869,#1870),.UNSPECIFIED.,.F.,.F.)
B_SPLINE_CURVE_WITH_KNOTS((2,2),(0.000,1.000),.UNSPECIFIED.)
CURVE()
GEOMETRIC_REPRESENTATION_ITEM()
RATIONAL_B_SPLINE_CURVE((1.0000000000,1.0000000000))
REPRESENTATION_ITEM('')
);
#1869=CARTESIAN_POINT('',(-31.5300196585,-0.9415744369,0.0000000000));
#1870=CARTESIAN_POINT('',(-31.5300196585,-1.9594927471,0.0000000000));

#1871=(
BOUNDED_CURVE()
B_SPLINE_CURVE(1,(#1872,#1873),.UNSPECIFIED.,.F.,.F.)
B_SPLINE_CURVE_WITH_KNOTS((2,2),(0.000,1.000),.UNSPECIFIED.)
CURVE()
GEOMETRIC_REPRESENTATION_ITEM()
RATIONAL_B_SPLINE_CURVE((1.0000000000,1.0000000000))
REPRESENTATION_ITEM('')
);
#1872=CARTESIAN_POINT('',(41.4547231830,-1.9594927471,0.0000000000));
#1873=CARTESIAN_POINT('',(41.4547231830,-0.9415744369,0.0000000000));

#1874=(
BOUNDED_CURVE()
B_SPLINE_CURVE(1,(#1875,#1876),.UNSPECIFIED.,.F.,.F.)
B_SPLINE_CURVE_WITH_KNOTS((2,2),(0.000,1.000),.UNSPECIFIED.)
CURVE()
GEOMETRIC_REPRESENTATION_ITEM()
RATIONAL_B_SPLINE_CURVE((1.0000000000,1.0000000000))
REPRESENTATION_ITEM('')
);
#1875=CARTESIAN_POINT('',(4.7587681002,-2.2648682402,0.0000000000));
#1876=CARTESIAN_POINT('',(4.7587681002,-1.7050131696,0.0000000000));

#1877=(
BOUNDED_CURVE()
B_SPLINE_CURVE(1,(#1878,#1879),.UNSPECIFIED.,.F.,.F.)
B_SPLINE_CURVE_WITH_KNOTS((2,2),(0.000,1.000),.UNSPECIFIED.)
CURVE()
GEOMETRIC_REPRESENTATION_ITEM()
RATIONAL_B_SPLINE_CURVE((1.0000000000,1.0000000000))
REPRESENTATION_ITEM('')
);
#1878=CARTESIAN_POINT('',(4.7587681002,-1.7050131696,0.0000000000));
#1879=CARTESIAN_POINT('',(4.9623517622,-2.0160437644,0.0000000000));

#1880=(
BOUNDED_CURVE()
B_SPLINE_CURVE(1,(#1881,#1882),.UNSPECIFIED.,.F.,.F.)
B_SPLINE_CURVE_WITH_KNOTS((2,2),(0.000,1.000),.UNSPECIFIED.)
CURVE()
GEOMETRIC_REPRESENTATION_ITEM()
RATIONAL_B_SPLINE_CURVE((1.0000000000,1.0000000000))
REPRESENTATION_ITEM('')
);
#1881=CARTESIAN_POINT('',(4.9623517622,-2.0160437644,0.0000000000));
#1882=CARTESIAN_POINT('',(5.1659354243,-1.7050131696,0.0000000000));

#1883=(
BOUNDED_CURVE()
B_SPLINE_CURVE(1,(#1884,#1885),.UNSPECIFIED.,.F.,.F.)
B_SPLINE_CURVE_WITH_KNOTS((2,2),(0.000,1.000),.UNSPECIFIED.)
CURVE()
GEOMETRIC_REPRESENTATION_ITEM()
RATIONAL_B_SPLINE_CURVE((1.0000000000,1.0000000000))
REPRESENTATION_ITEM('')
);
#1884=CARTESIAN_POINT('',(5.1659354243,-1.7050131696,0.0000000000));
#1885=CARTESIAN_POINT('',(5.1659354243,-2.2648682402,0.0000000000));

#1886=(
BOUNDED_CURVE()
B_SPLINE_CURVE(1,(#1887,#1888),.UNSPECIFIED.,.F.,.F.)
B_SPLINE_CURVE_WITH_KNOTS((2,2),(0.000,1.000),.UNSPECIFIED.)
CURVE()
GEOMETRIC_REPRESENTATION_ITEM()
RATIONAL_B_SPLINE_CURVE((1.0000000000,1.0000000000))
REPRESENTATION_ITEM('')
);
#1887=CARTESIAN_POINT('',(4.9623517622,-1.0433662680,0.0000000000));
#1888=CARTESIAN_POINT('',(4.9623517622,-1.8577009161,0.0000000000));

#1889=(
BOUNDED_CURVE()
B_SPLINE_CURVE(1,(#1890,#1891),.UNSPECIFIED.,.F.,.F.)
B_SPLINE_CURVE_WITH_KNOTS((2,2),(0.000,1.000),.UNSPECIFIED.)
CURVE()
GEOMETRIC_REPRESENTATION_ITEM()
RATIONAL_B_SPLINE_CURVE((1.0000000000,1.0000000000))
REPRESENTATION_ITEM('')
);
#1890=CARTESIAN_POINT('',(4.7587681002,-17.2791633157,0.0000000000));
#1891=CARTESIAN_POINT('',(4.7587681002,-16.7193082451,0.0000000000));

#1892=(
BOUNDED_CURVE()
B_SPLINE_CURVE(1,(#1893,#1894),.UNSPECIFIED.,.F.,.F.)
B_SPLINE_CURVE_WITH_KNOTS((2,2),(0.000,1.000),.UNSPECIFIED.)
CURVE()
GEOMETRIC_REPRESENTATION_ITEM()
RATIONAL_B_SPLINE_CURVE((1.0000000000,1.0000000000))
REPRESENTATION_ITEM('')
);
#1893=CARTESIAN_POINT('',(4.7587681002,-16.7193082451,0.0000000000));
#1894=CARTESIAN_POINT('',(4.9623517622,-17.0303388399,0.0000000000));

#1895=(
BOUNDED_CURVE()
B_SPLINE_CURVE(1,(#1896,#1897),.UNSPECIFIED.,.F.,.F.)
B_SPLINE_CURVE_WITH_KNOTS((2,2),(0.000,1.000),.UNSPECIFIED.)
CURVE()
GEOMETRIC_REPRESENTATION_ITEM()
RATIONAL_B_SPLINE_CURVE((1.0000000000,1.0000000000))
REPRESENTATION_ITEM('')
);
#1896=CARTESIAN_POINT('',(4.9623517622,-17.0303388399,0.0000000000));
#1897=CARTESIAN_POINT('',(5.1659354243,-16.7193082451,0.0000000000));

#1898=(
BOUNDED_CURVE()
B_SPLINE_CURVE(1,(#1899,#1900),.UNSPECIFIED.,.F.,.F.)
B_SPLINE_CURVE_WITH_KNOTS((2,2),(0.000,1.000),.UNSPECIFIED.)
CURVE()
GEOMETRIC_REPRESENTATION_ITEM()
RATIONAL_B_SPLINE_CURVE((1.0000000000,1.0000000000))
REPRESENTATION_ITEM('')
);
#1899=CARTESIAN_POINT('',(5.1659354243,-16.7193082451,0.0000000000));
#1900=CARTESIAN_POINT('',(5.1659354243,-17.2791633157,0.0000000000));

#1901=(
BOUNDED_CURVE()
B_SPLINE_CURVE(1,(#1902,#1903),.UNSPECIFIED.,.F.,.F.)
B_SPLINE_CURVE_WITH_KNOTS((2,2),(0.000,1.000),.UNSPECIFIED.)
CURVE()
GEOMETRIC_REPRESENTATION_ITEM()
RATIONAL_B_SPLINE_CURVE((1.0000000000,1.0000000000))
REPRESENTATION_ITEM('')
);
#1902=CARTESIAN_POINT('',(4.9623517622,-16.0067654279,0.0000000000));
#1903=CARTESIAN_POINT('',(4.9623517622,-16.8211000761,0.0000000000));

#1904=(
BOUNDED_CURVE()
B_SPLINE_CURVE(1,(#1905,#1906),.UNSPECIFIED.,.F.,.F.)
B_SPLINE_CURVE_WITH_KNOTS((2,2),(0.000,1.000),.UNSPECIFIED.)
CURVE()
GEOMETRIC_REPRESENTATION_ITEM()
RATIONAL_B_SPLINE_CURVE((1.0000000000,1.0000000000))
REPRESENTATION_ITEM('')
);
#1905=CARTESIAN_POINT('',(4.3007048606,-14.9888471177,0.0000000000));
#1906=CARTESIAN_POINT('',(4.3178822321,-14.9549165074,0.0000000000));

#1907=(
BOUNDED_CURVE()
B_SPLINE_CURVE(1,(#1908,#1909),.UNSPECIFIED.,.F.,.F.)
B_SPLINE_CURVE_WITH_KNOTS((2,2),(0.000,1.000),.UNSPECIFIED.)
CURVE()
GEOMETRIC_REPRESENTATION_ITEM()
RATIONAL_B_SPLINE_CURVE((1.0000000000,1.0000000000))
REPRESENTATION_ITEM('')
);
#1908=CARTESIAN_POINT('',(4.3178822321,-14.9549165074,0.0000000000));
#1909=CARTESIAN_POINT('',(4.3506065143,-14.9151551340,0.0000000000));

#1910=(
BOUNDED_CURVE()
B_SPLINE_CURVE(1,(#1911,#1912),.UNSPECIFIED.,.F.,.F.)
B_SPLINE_CURVE_WITH_KNOTS((2,2),(0.000,1.000),.UNSPECIFIED.)
CURVE()
GEOMETRIC_REPRESENTATION_ITEM()
RATIONAL_B_SPLINE_CURVE((1.0000000000,1.0000000000))
REPRESENTATION_ITEM('')
);
#1911=CARTESIAN_POINT('',(4.3506065143,-14.9151551340,0.0000000000));
#1912=CARTESIAN_POINT('',(4.3951048265,-14.8917783250,0.0000000000));

#1913=(
BOUNDED_CURVE()
B_SPLINE_CURVE(1,(#1914,#1915),.UNSPECIFIED.,.F.,.F.)
B_SPLINE_CURVE_WITH_KNOTS((2,2),(0.000,1.000),.UNSPECIFIED.)
CURVE()
GEOMETRIC_REPRESENTATION_ITEM()
RATIONAL_B_SPLINE_CURVE((1.0000000000,1.0000000000))
REPRESENTATION_ITEM('')
);
#1914=CARTESIAN_POINT('',(4.3951048265,-14.8917783250,0.0000000000));
#1915=CARTESIAN_POINT('',(4.4446027040,-14.8883449876,0.0000000000));

#1916=(
BOUNDED_CURVE()
B_SPLINE_CURVE(1,(#1917,#1918),.UNSPECIFIED.,.F.,.F.)
B_SPLINE_CURVE_WITH_KNOTS((2,2),(0.000,1.000),.UNSPECIFIED.)
CURVE()
GEOMETRIC_REPRESENTATION_ITEM()
RATIONAL_B_SPLINE_CURVE((1.0000000000,1.0000000000))
REPRESENTATION_ITEM('')
);
#1917=CARTESIAN_POINT('',(4.4446027040,-14.8883449876,0.0000000000));
#1918=CARTESIAN_POINT('',(4.4915645438,-14.9053778163,0.0000000000));

#1919=(
BOUNDED_CURVE()
B_SPLINE_CURVE(1,(#1920,#1921),.UNSPECIFIED.,.F.,.F.)
B_SPLINE_CURVE_WITH_KNOTS((2,2),(0.000,1.000),.UNSPECIFIED.)
CURVE()
GEOMETRIC_REPRESENTATION_ITEM()
RATIONAL_B_SPLINE_CURVE((1.0000000000,1.0000000000))
REPRESENTATION_ITEM('')
);
#1920=CARTESIAN_POINT('',(4.4915645438,-14.9053778163,0.0000000000));
#1921=CARTESIAN_POINT('',(4.5288408313,-14.9402837173,0.0000000000));

#1922=(
BOUNDED_CURVE()
B_SPLINE_CURVE(1,(#1923,#1924),.UNSPECIFIED.,.F.,.F.)
B_SPLINE_CURVE_WITH_KNOTS((2,2),(0.000,1.000),.UNSPECIFIED.)
CURVE()
GEOMETRIC_REPRESENTATION_ITEM()
RATIONAL_B_SPLINE_CURVE((1.0000000000,1.0000000000))
REPRESENTATION_ITEM('')
);
#1923=CARTESIAN_POINT('',(4.5288408313,-14.9402837173,0.0000000000));
#1924=CARTESIAN_POINT('',(4.5507565897,-14.9877485837,0.0000000000));

#1925=(
BOUNDED_CURVE()
B_SPLINE_CURVE(1,(#1926,#1927),.UNSPECIFIED.,.F.,.F.)
B_SPLINE_CURVE_WITH_KNOTS((2,2),(0.000,1.000),.UNSPECIFIED.)
CURVE()
GEOMETRIC_REPRESENTATION_ITEM()
RATIONAL_B_SPLINE_CURVE((1.0000000000,1.0000000000))
REPRESENTATION_ITEM('')
);
#1926=CARTESIAN_POINT('',(4.5507565897,-14.9877485837,0.0000000000));
#1927=CARTESIAN_POINT('',(4.5539753436,-15.0405463197,0.0000000000));

#1928=(
BOUNDED_CURVE()
B_SPLINE_CURVE(1,(#1929,#1930),.UNSPECIFIED.,.F.,.F.)
B_SPLINE_CURVE_WITH_KNOTS((2,2),(0.000,1.000),.UNSPECIFIED.)
CURVE()
GEOMETRIC_REPRESENTATION_ITEM()
RATIONAL_B_SPLINE_CURVE((1.0000000000,1.0000000000))
REPRESENTATION_ITEM('')
);
#1929=CARTESIAN_POINT('',(4.5539753436,-15.0405463197,0.0000000000));
#1930=CARTESIAN_POINT('',(4.5380070667,-15.0906389487,0.0000000000));

#1931=(
BOUNDED_CURVE()
B_SPLINE_CURVE(1,(#1932,#1933),.UNSPECIFIED.,.F.,.F.)
B_SPLINE_CURVE_WITH_KNOTS((2,2),(0.000,1.000),.UNSPECIFIED.)
CURVE()
GEOMETRIC_REPRESENTATION_ITEM()
RATIONAL_B_SPLINE_CURVE((1.0000000000,1.0000000000))
REPRESENTATION_ITEM('')
);
#1932=CARTESIAN_POINT('',(4.5380070667,-15.0906389487,0.0000000000));
#1933=CARTESIAN_POINT('',(4.3007048606,-15.4978062728,0.0000000000));

#1934=(
BOUNDED_CURVE()
B_SPLINE_CURVE(1,(#1935,#1936),.UNSPECIFIED.,.F.,.F.)
B_SPLINE_CURVE_WITH_KNOTS((2,2),(0.000,1.000),.UNSPECIFIED.)
CURVE()
GEOMETRIC_REPRESENTATION_ITEM()
RATIONAL_B_SPLINE_CURVE((1.0000000000,1.0000000000))
REPRESENTATION_ITEM('')
);
#1935=CARTESIAN_POINT('',(4.3007048606,-15.4978062728,0.0000000000));
#1936=CARTESIAN_POINT('',(4.5551844382,-15.4978062728,0.0000000000));

#1937=(
BOUNDED_CURVE()
B_SPLINE_CURVE(1,(#1938,#1939),.UNSPECIFIED.,.F.,.F.)
B_SPLINE_CURVE_WITH_KNOTS((2,2),(0.000,1.000),.UNSPECIFIED.)
CURVE()
GEOMETRIC_REPRESENTATION_ITEM()
RATIONAL_B_SPLINE_CURVE((1.0000000000,1.0000000000))
REPRESENTATION_ITEM('')
);
#1938=CARTESIAN_POINT('',(4.7587681002,-15.4978062728,0.0000000000));
#1939=CARTESIAN_POINT('',(4.7587681002,-15.4638756625,0.0000000000));

#1940=(
BOUNDED_CURVE()
B_SPLINE_CURVE(1,(#1941,#1942),.UNSPECIFIED.,.F.,.F.)
B_SPLINE_CURVE_WITH_KNOTS((2,2),(0.000,1.000),.UNSPECIFIED.)
CURVE()
GEOMETRIC_REPRESENTATION_ITEM()
RATIONAL_B_SPLINE_CURVE((1.0000000000,1.0000000000))
REPRESENTATION_ITEM('')
);
#1941=CARTESIAN_POINT('',(5.2168313398,-14.8870552867,0.0000000000));
#1942=CARTESIAN_POINT('',(4.9623517622,-14.8870552867,0.0000000000));

#1943=(
BOUNDED_CURVE()
B_SPLINE_CURVE(1,(#1944,#1945),.UNSPECIFIED.,.F.,.F.)
B_SPLINE_CURVE_WITH_KNOTS((2,2),(0.000,1.000),.UNSPECIFIED.)
CURVE()
GEOMETRIC_REPRESENTATION_ITEM()
RATIONAL_B_SPLINE_CURVE((1.0000000000,1.0000000000))
REPRESENTATION_ITEM('')
);
#1944=CARTESIAN_POINT('',(4.9623517622,-14.8870552867,0.0000000000));
#1945=CARTESIAN_POINT('',(4.9623517622,-15.1585001694,0.0000000000));

#1946=(
BOUNDED_CURVE()
B_SPLINE_CURVE(1,(#1947,#1948),.UNSPECIFIED.,.F.,.F.)
B_SPLINE_CURVE_WITH_KNOTS((2,2),(0.000,1.000),.UNSPECIFIED.)
CURVE()
GEOMETRIC_REPRESENTATION_ITEM()
RATIONAL_B_SPLINE_CURVE((1.0000000000,1.0000000000))
REPRESENTATION_ITEM('')
);
#1947=CARTESIAN_POINT('',(4.9623517622,-15.1585001694,0.0000000000));
#1948=CARTESIAN_POINT('',(5.0895915510,-15.1585001694,0.0000000000));

#1949=(
BOUNDED_CURVE()
B_SPLINE_CURVE(1,(#1950,#1951),.UNSPECIFIED.,.F.,.F.)
B_SPLINE_CURVE_WITH_KNOTS((2,2),(0.000,1.000),.UNSPECIFIED.)
CURVE()
GEOMETRIC_REPRESENTATION_ITEM()
RATIONAL_B_SPLINE_CURVE((1.0000000000,1.0000000000))
REPRESENTATION_ITEM('')
);
#1950=CARTESIAN_POINT('',(5.0895915510,-15.1585001694,0.0000000000));
#1951=CARTESIAN_POINT('',(5.1143510874,-15.1612695355,0.0000000000));

#1952=(
BOUNDED_CURVE()
B_SPLINE_CURVE(1,(#1953,#1954),.UNSPECIFIED.,.F.,.F.)
B_SPLINE_CURVE_WITH_KNOTS((2,2),(0.000,1.000),.UNSPECIFIED.)
CURVE()
GEOMETRIC_REPRESENTATION_ITEM()
RATIONAL_B_SPLINE_CURVE((1.0000000000,1.0000000000))
REPRESENTATION_ITEM('')
);
#1953=CARTESIAN_POINT('',(5.1143510874,-15.1612695355,0.0000000000));
#1954=CARTESIAN_POINT('',(5.1381416135,-15.1690923693,0.0000000000));

#1955=(
BOUNDED_CURVE()
B_SPLINE_CURVE(1,(#1956,#1957),.UNSPECIFIED.,.F.,.F.)
B_SPLINE_CURVE_WITH_KNOTS((2,2),(0.000,1.000),.UNSPECIFIED.)
CURVE()
GEOMETRIC_REPRESENTATION_ITEM()
RATIONAL_B_SPLINE_CURVE((1.0000000000,1.0000000000))
REPRESENTATION_ITEM('')
);
#1956=CARTESIAN_POINT('',(5.1381416135,-15.1690923693,0.0000000000));
#1957=CARTESIAN_POINT('',(5.1600655141,-15.1816735160,0.0000000000));

#1958=(
BOUNDED_CURVE()
B_SPLINE_CURVE(1,(#1959,#1960),.UNSPECIFIED.,.F.,.F.)
B_SPLINE_CURVE_WITH_KNOTS((2,2),(0.000,1.000),.UNSPECIFIED.)
CURVE()
GEOMETRIC_REPRESENTATION_ITEM()
RATIONAL_B_SPLINE_CURVE((1.0000000000,1.0000000000))
REPRESENTATION_ITEM('')
);
#1959=CARTESIAN_POINT('',(5.1600655141,-15.1816735160,0.0000000000));
#1960=CARTESIAN_POINT('',(5.1792956021,-15.1985382896,0.0000000000));

#1961=(
BOUNDED_CURVE()
B_SPLINE_CURVE(1,(#1962,#1963),.UNSPECIFIED.,.F.,.F.)
B_SPLINE_CURVE_WITH_KNOTS((2,2),(0.000,1.000),.UNSPECIFIED.)
CURVE()
GEOMETRIC_REPRESENTATION_ITEM()
RATIONAL_B_SPLINE_CURVE((1.0000000000,1.0000000000))
REPRESENTATION_ITEM('')
);
#1962=CARTESIAN_POINT('',(5.1792956021,-15.1985382896,0.0000000000));
#1963=CARTESIAN_POINT('',(5.1951063274,-15.2190503835,0.0000000000));

#1964=(
BOUNDED_CURVE()
B_SPLINE_CURVE(1,(#1965,#1966),.UNSPECIFIED.,.F.,.F.)
B_SPLINE_CURVE_WITH_KNOTS((2,2),(0.000,1.000),.UNSPECIFIED.)
CURVE()
GEOMETRIC_REPRESENTATION_ITEM()
RATIONAL_B_SPLINE_CURVE((1.0000000000,1.0000000000))
REPRESENTATION_ITEM('')
);
#1965=CARTESIAN_POINT('',(5.1951063274,-15.2190503835,0.0000000000));
#1966=CARTESIAN_POINT('',(5.2069011524,-15.2424358775,0.0000000000));

#1967=(
BOUNDED_CURVE()
B_SPLINE_CURVE(1,(#1968,#1969),.UNSPECIFIED.,.F.,.F.)
B_SPLINE_CURVE_WITH_KNOTS((2,2),(0.000,1.000),.UNSPECIFIED.)
CURVE()
GEOMETRIC_REPRESENTATION_ITEM()
RATIONAL_B_SPLINE_CURVE((1.0000000000,1.0000000000))
REPRESENTATION_ITEM('')
);
#1968=CARTESIAN_POINT('',(5.2069011524,-15.2424358775,0.0000000000));
#1969=CARTESIAN_POINT('',(5.2142350591,-15.2678124386,0.0000000000));

#1970=(
BOUNDED_CURVE()
B_SPLINE_CURVE(1,(#1971,#1972),.UNSPECIFIED.,.F.,.F.)
B_SPLINE_CURVE_WITH_KNOTS((2,2),(0.000,1.000),.UNSPECIFIED.)
CURVE()
GEOMETRIC_REPRESENTATION_ITEM()
RATIONAL_B_SPLINE_CURVE((1.0000000000,1.0000000000))
REPRESENTATION_ITEM('')
);
#1971=CARTESIAN_POINT('',(5.2142350591,-15.2678124386,0.0000000000));
#1972=CARTESIAN_POINT('',(5.2168313398,-15.2942226108,0.0000000000));

#1973=(
BOUNDED_CURVE()
B_SPLINE_CURVE(1,(#1974,#1975),.UNSPECIFIED.,.F.,.F.)
B_SPLINE_CURVE_WITH_KNOTS((2,2),(0.000,1.000),.UNSPECIFIED.)
CURVE()
GEOMETRIC_REPRESENTATION_ITEM()
RATIONAL_B_SPLINE_CURVE((1.0000000000,1.0000000000))
REPRESENTATION_ITEM('')
);
#1974=CARTESIAN_POINT('',(5.2168313398,-15.2942226108,0.0000000000));
#1975=CARTESIAN_POINT('',(5.2168313398,-15.3620838315,0.0000000000));

#1976=(
BOUNDED_CURVE()
B_SPLINE_CURVE(1,(#1977,#1978),.UNSPECIFIED.,.F.,.F.)
B_SPLINE_CURVE_WITH_KNOTS((2,2),(0.000,1.000),.UNSPECIFIED.)
CURVE()
GEOMETRIC_REPRESENTATION_ITEM()
RATIONAL_B_SPLINE_CURVE((1.0000000000,1.0000000000))
REPRESENTATION_ITEM('')
);
#1977=CARTESIAN_POINT('',(5.2168313398,-15.3620838315,0.0000000000));
#1978=CARTESIAN_POINT('',(5.2142350591,-15.3884940037,0.0000000000));

#1979=(
BOUNDED_CURVE()
B_SPLINE_CURVE(1,(#1980,#1981),.UNSPECIFIED.,.F.,.F.)
B_SPLINE_CURVE_WITH_KNOTS((2,2),(0.000,1.000),.UNSPECIFIED.)
CURVE()
GEOMETRIC_REPRESENTATION_ITEM()
RATIONAL_B_SPLINE_CURVE((1.0000000000,1.0000000000))
REPRESENTATION_ITEM('')
);
#1980=CARTESIAN_POINT('',(5.2142350591,-15.3884940037,0.0000000000));
#1981=CARTESIAN_POINT('',(5.2069011524,-15.4138705648,0.0000000000));

#1982=(
BOUNDED_CURVE()
B_SPLINE_CURVE(1,(#1983,#1984),.UNSPECIFIED.,.F.,.F.)
B_SPLINE_CURVE_WITH_KNOTS((2,2),(0.000,1.000),.UNSPECIFIED.)
CURVE()
GEOMETRIC_REPRESENTATION_ITEM()
RATIONAL_B_SPLINE_CURVE((1.0000000000,1.0000000000))
REPRESENTATION_ITEM('')
);
#1983=CARTESIAN_POINT('',(5.2069011524,-15.4138705648,0.0000000000));
#1984=CARTESIAN_POINT('',(5.1951063274,-15.4372560588,0.0000000000));

#1985=(
BOUNDED_CURVE()
B_SPLINE_CURVE(1,(#1986,#1987),.UNSPECIFIED.,.F.,.F.)
B_SPLINE_CURVE_WITH_KNOTS((2,2),(0.000,1.000),.UNSPECIFIED.)
CURVE()
GEOMETRIC_REPRESENTATION_ITEM()
RATIONAL_B_SPLINE_CURVE((1.0000000000,1.0000000000))
REPRESENTATION_ITEM('')
);
#1986=CARTESIAN_POINT('',(5.1951063274,-15.4372560588,0.0000000000));
#1987=CARTESIAN_POINT('',(5.1792956021,-15.4577681526,0.0000000000));

#1988=(
BOUNDED_CURVE()
B_SPLINE_CURVE(1,(#1989,#1990),.UNSPECIFIED.,.F.,.F.)
B_SPLINE_CURVE_WITH_KNOTS((2,2),(0.000,1.000),.UNSPECIFIED.)
CURVE()
GEOMETRIC_REPRESENTATION_ITEM()
RATIONAL_B_SPLINE_CURVE((1.0000000000,1.0000000000))
REPRESENTATION_ITEM('')
);
#1989=CARTESIAN_POINT('',(5.1792956021,-15.4577681526,0.0000000000));
#1990=CARTESIAN_POINT('',(5.1600655141,-15.4746329263,0.0000000000));

#1991=(
BOUNDED_CURVE()
B_SPLINE_CURVE(1,(#1992,#1993),.UNSPECIFIED.,.F.,.F.)
B_SPLINE_CURVE_WITH_KNOTS((2,2),(0.000,1.000),.UNSPECIFIED.)
CURVE()
GEOMETRIC_REPRESENTATION_ITEM()
RATIONAL_B_SPLINE_CURVE((1.0000000000,1.0000000000))
REPRESENTATION_ITEM('')
);
#1992=CARTESIAN_POINT('',(5.1600655141,-15.4746329263,0.0000000000));
#1993=CARTESIAN_POINT('',(5.1381416135,-15.4872140729,0.0000000000));

#1994=(
BOUNDED_CURVE()
B_SPLINE_CURVE(1,(#1995,#1996),.UNSPECIFIED.,.F.,.F.)
B_SPLINE_CURVE_WITH_KNOTS((2,2),(0.000,1.000),.UNSPECIFIED.)
CURVE()
GEOMETRIC_REPRESENTATION_ITEM()
RATIONAL_B_SPLINE_CURVE((1.0000000000,1.0000000000))
REPRESENTATION_ITEM('')
);
#1995=CARTESIAN_POINT('',(5.1381416135,-15.4872140729,0.0000000000));
#1996=CARTESIAN_POINT('',(5.1143510874,-15.4950369068,0.0000000000));

#1997=(
BOUNDED_CURVE()
B_SPLINE_CURVE(1,(#1998,#1999),.UNSPECIFIED.,.F.,.F.)
B_SPLINE_CURVE_WITH_KNOTS((2,2),(0.000,1.000),.UNSPECIFIED.)
CURVE()
GEOMETRIC_REPRESENTATION_ITEM()
RATIONAL_B_SPLINE_CURVE((1.0000000000,1.0000000000))
REPRESENTATION_ITEM('')
);
#1998=CARTESIAN_POINT('',(5.1143510874,-15.4950369068,0.0000000000));
#1999=CARTESIAN_POINT('',(5.0895915510,-15.4978062728,0.0000000000));

#2000=(
BOUNDED_CURVE()
B_SPLINE_CURVE(1,(#2001,#2002),.UNSPECIFIED.,.F.,.F.)
B_SPLINE_CURVE_WITH_KNOTS((2,2),(0.000,1.000),.UNSPECIFIED.)
CURVE()
GEOMETRIC_REPRESENTATION_ITEM()
RATIONAL_B_SPLINE_CURVE((1.0000000000,1.0000000000))
REPRESENTATION_ITEM('')
);
#2001=CARTESIAN_POINT('',(5.0895915510,-15.4978062728,0.0000000000));
#2002=CARTESIAN_POINT('',(4.9623517622,-15.4978062728,0.0000000000));

#2003=(
BOUNDED_CURVE()
B_SPLINE_CURVE(1,(#2004,#2005),.UNSPECIFIED.,.F.,.F.)
B_SPLINE_CURVE_WITH_KNOTS((2,2),(0.000,1.000),.UNSPECIFIED.)
CURVE()
GEOMETRIC_REPRESENTATION_ITEM()
RATIONAL_B_SPLINE_CURVE((1.0000000000,1.0000000000))
REPRESENTATION_ITEM('')
);
#2004=CARTESIAN_POINT('',(4.9623517622,-16.0067654279,0.0000000000));
#2005=CARTESIAN_POINT('',(4.9623517622,-15.7013899349,0.0000000000));

#2006=(
BOUNDED_CURVE()
B_SPLINE_CURVE(1,(#2007,#2008),.UNSPECIFIED.,.F.,.F.)
B_SPLINE_CURVE_WITH_KNOTS((2,2),(0.000,1.000),.UNSPECIFIED.)
CURVE()
GEOMETRIC_REPRESENTATION_ITEM()
RATIONAL_B_SPLINE_CURVE((1.0000000000,1.0000000000))
REPRESENTATION_ITEM('')
);
#2007=CARTESIAN_POINT('',(4.9623517622,-14.6834716247,0.0000000000));
#2008=CARTESIAN_POINT('',(4.9623517622,-13.9200328920,0.0000000000));

#2009=(
BOUNDED_CURVE()
B_SPLINE_CURVE(1,(#2010,#2011),.UNSPECIFIED.,.F.,.F.)
B_SPLINE_CURVE_WITH_KNOTS((2,2),(0.000,1.000),.UNSPECIFIED.)
CURVE()
GEOMETRIC_REPRESENTATION_ITEM()
RATIONAL_B_SPLINE_CURVE((1.0000000000,1.0000000000))
REPRESENTATION_ITEM('')
);
#2010=CARTESIAN_POINT('',(4.7587681002,14.8870552867,0.0000000000));
#2011=CARTESIAN_POINT('',(4.7587681002,15.4469103573,0.0000000000));

#2012=(
BOUNDED_CURVE()
B_SPLINE_CURVE(1,(#2013,#2014),.UNSPECIFIED.,.F.,.F.)
B_SPLINE_CURVE_WITH_KNOTS((2,2),(0.000,1.000),.UNSPECIFIED.)
CURVE()
GEOMETRIC_REPRESENTATION_ITEM()
RATIONAL_B_SPLINE_CURVE((1.0000000000,1.0000000000))
REPRESENTATION_ITEM('')
);
#2013=CARTESIAN_POINT('',(4.7587681002,15.4469103573,0.0000000000));
#2014=CARTESIAN_POINT('',(4.9623517622,15.1358797625,0.0000000000));

#2015=(
BOUNDED_CURVE()
B_SPLINE_CURVE(1,(#2016,#2017),.UNSPECIFIED.,.F.,.F.)
B_SPLINE_CURVE_WITH_KNOTS((2,2),(0.000,1.000),.UNSPECIFIED.)
CURVE()
GEOMETRIC_REPRESENTATION_ITEM()
RATIONAL_B_SPLINE_CURVE((1.0000000000,1.0000000000))
REPRESENTATION_ITEM('')
);
#2016=CARTESIAN_POINT('',(4.9623517622,15.1358797625,0.0000000000));
#2017=CARTESIAN_POINT('',(5.1659354243,15.4469103573,0.0000000000));

#2018=(
BOUNDED_CURVE()
B_SPLINE_CURVE(1,(#2019,#2020),.UNSPECIFIED.,.F.,.F.)
B_SPLINE_CURVE_WITH_KNOTS((2,2),(0.000,1.000),.UNSPECIFIED.)
CURVE()
GEOMETRIC_REPRESENTATION_ITEM()
RATIONAL_B_SPLINE_CURVE((1.0000000000,1.0000000000))
REPRESENTATION_ITEM('')
);
#2019=CARTESIAN_POINT('',(5.1659354243,15.4469103573,0.0000000000));
#2020=CARTESIAN_POINT('',(5.1659354243,14.8870552867,0.0000000000));

#2021=(
BOUNDED_CURVE()
B_SPLINE_CURVE(1,(#2022,#2023),.UNSPECIFIED.,.F.,.F.)
B_SPLINE_CURVE_WITH_KNOTS((2,2),(0.000,1.000),.UNSPECIFIED.)
CURVE()
GEOMETRIC_REPRESENTATION_ITEM()
RATIONAL_B_SPLINE_CURVE((1.0000000000,1.0000000000))
REPRESENTATION_ITEM('')
);
#2022=CARTESIAN_POINT('',(3.3336824659,13.1056982439,0.0000000000));
#2023=CARTESIAN_POINT('',(3.4863702124,13.1056982439,0.0000000000));

#2024=(
BOUNDED_CURVE()
B_SPLINE_CURVE(1,(#2025,#2026),.UNSPECIFIED.,.F.,.F.)
B_SPLINE_CURVE_WITH_KNOTS((2,2),(0.000,1.000),.UNSPECIFIED.)
CURVE()
GEOMETRIC_REPRESENTATION_ITEM()
RATIONAL_B_SPLINE_CURVE((1.0000000000,1.0000000000))
REPRESENTATION_ITEM('')
);
#2025=CARTESIAN_POINT('',(3.4863702124,13.1056982439,0.0000000000));
#2026=CARTESIAN_POINT('',(3.5448012834,13.0962279261,0.0000000000));

#2027=(
BOUNDED_CURVE()
B_SPLINE_CURVE(1,(#2028,#2029),.UNSPECIFIED.,.F.,.F.)
B_SPLINE_CURVE_WITH_KNOTS((2,2),(0.000,1.000),.UNSPECIFIED.)
CURVE()
GEOMETRIC_REPRESENTATION_ITEM()
RATIONAL_B_SPLINE_CURVE((1.0000000000,1.0000000000))
REPRESENTATION_ITEM('')
);
#2028=CARTESIAN_POINT('',(3.5448012834,13.0962279261,0.0000000000));
#2029=CARTESIAN_POINT('',(3.5943367534,13.0692587430,0.0000000000));

#2030=(
BOUNDED_CURVE()
B_SPLINE_CURVE(1,(#2031,#2032),.UNSPECIFIED.,.F.,.F.)
B_SPLINE_CURVE_WITH_KNOTS((2,2),(0.000,1.000),.UNSPECIFIED.)
CURVE()
GEOMETRIC_REPRESENTATION_ITEM()
RATIONAL_B_SPLINE_CURVE((1.0000000000,1.0000000000))
REPRESENTATION_ITEM('')
);
#2031=CARTESIAN_POINT('',(3.5943367534,13.0692587430,0.0000000000));
#2032=CARTESIAN_POINT('',(3.6274352963,13.0288965082,0.0000000000));

#2033=(
BOUNDED_CURVE()
B_SPLINE_CURVE(1,(#2034,#2035),.UNSPECIFIED.,.F.,.F.)
B_SPLINE_CURVE_WITH_KNOTS((2,2),(0.000,1.000),.UNSPECIFIED.)
CURVE()
GEOMETRIC_REPRESENTATION_ITEM()
RATIONAL_B_SPLINE_CURVE((1.0000000000,1.0000000000))
REPRESENTATION_ITEM('')
);
#2034=CARTESIAN_POINT('',(3.6274352963,13.0288965082,0.0000000000));
#2035=CARTESIAN_POINT('',(3.6390579590,12.9812860059,0.0000000000));

#2036=(
BOUNDED_CURVE()
B_SPLINE_CURVE(1,(#2037,#2038),.UNSPECIFIED.,.F.,.F.)
B_SPLINE_CURVE_WITH_KNOTS((2,2),(0.000,1.000),.UNSPECIFIED.)
CURVE()
GEOMETRIC_REPRESENTATION_ITEM()
RATIONAL_B_SPLINE_CURVE((1.0000000000,1.0000000000))
REPRESENTATION_ITEM('')
);
#2037=CARTESIAN_POINT('',(3.6390579590,12.9812860059,0.0000000000));
#2038=CARTESIAN_POINT('',(3.6274352963,12.9336755037,0.0000000000));

#2039=(
BOUNDED_CURVE()
B_SPLINE_CURVE(1,(#2040,#2041),.UNSPECIFIED.,.F.,.F.)
B_SPLINE_CURVE_WITH_KNOTS((2,2),(0.000,1.000),.UNSPECIFIED.)
CURVE()
GEOMETRIC_REPRESENTATION_ITEM()
RATIONAL_B_SPLINE_CURVE((1.0000000000,1.0000000000))
REPRESENTATION_ITEM('')
);
#2040=CARTESIAN_POINT('',(3.6274352963,12.9336755037,0.0000000000));
#2041=CARTESIAN_POINT('',(3.5943367534,12.8933132688,0.0000000000));

#2042=(
BOUNDED_CURVE()
B_SPLINE_CURVE(1,(#2043,#2044),.UNSPECIFIED.,.F.,.F.)
B_SPLINE_CURVE_WITH_KNOTS((2,2),(0.000,1.000),.UNSPECIFIED.)
CURVE()
GEOMETRIC_REPRESENTATION_ITEM()
RATIONAL_B_SPLINE_CURVE((1.0000000000,1.0000000000))
REPRESENTATION_ITEM('')
);
#2043=CARTESIAN_POINT('',(3.5943367534,12.8933132688,0.0000000000));
#2044=CARTESIAN_POINT('',(3.5448012834,12.8663440857,0.0000000000));

#2045=(
BOUNDED_CURVE()
B_SPLINE_CURVE(1,(#2046,#2047),.UNSPECIFIED.,.F.,.F.)
B_SPLINE_CURVE_WITH_KNOTS((2,2),(0.000,1.000),.UNSPECIFIED.)
CURVE()
GEOMETRIC_REPRESENTATION_ITEM()
RATIONAL_B_SPLINE_CURVE((1.0000000000,1.0000000000))
REPRESENTATION_ITEM('')
);
#2046=CARTESIAN_POINT('',(3.5448012834,12.8663440857,0.0000000000));
#2047=CARTESIAN_POINT('',(3.4863702124,12.8568737680,0.0000000000));

#2048=(
BOUNDED_CURVE()
B_SPLINE_CURVE(1,(#2049,#2050),.UNSPECIFIED.,.F.,.F.)
B_SPLINE_CURVE_WITH_KNOTS((2,2),(0.000,1.000),.UNSPECIFIED.)
CURVE()
GEOMETRIC_REPRESENTATION_ITEM()
RATIONAL_B_SPLINE_CURVE((1.0000000000,1.0000000000))
REPRESENTATION_ITEM('')
);
#2049=CARTESIAN_POINT('',(3.4863702124,12.8568737680,0.0000000000));
#2050=CARTESIAN_POINT('',(3.4100263392,12.8568737680,0.0000000000));

#2051=(
BOUNDED_CURVE()
B_SPLINE_CURVE(1,(#2052,#2053),.UNSPECIFIED.,.F.,.F.)
B_SPLINE_CURVE_WITH_KNOTS((2,2),(0.000,1.000),.UNSPECIFIED.)
CURVE()
GEOMETRIC_REPRESENTATION_ITEM()
RATIONAL_B_SPLINE_CURVE((1.0000000000,1.0000000000))
REPRESENTATION_ITEM('')
);
#2052=CARTESIAN_POINT('',(3.4863702124,12.8568737680,0.0000000000));
#2053=CARTESIAN_POINT('',(3.5160816562,12.8543351825,0.0000000000));

#2054=(
BOUNDED_CURVE()
B_SPLINE_CURVE(1,(#2055,#2056),.UNSPECIFIED.,.F.,.F.)
B_SPLINE_CURVE_WITH_KNOTS((2,2),(0.000,1.000),.UNSPECIFIED.)
CURVE()
GEOMETRIC_REPRESENTATION_ITEM()
RATIONAL_B_SPLINE_CURVE((1.0000000000,1.0000000000))
REPRESENTATION_ITEM('')
);
#2055=CARTESIAN_POINT('',(3.5160816562,12.8543351825,0.0000000000));
#2056=CARTESIAN_POINT('',(3.5446302874,12.8471642515,0.0000000000));

#2057=(
BOUNDED_CURVE()
B_SPLINE_CURVE(1,(#2058,#2059),.UNSPECIFIED.,.F.,.F.)
B_SPLINE_CURVE_WITH_KNOTS((2,2),(0.000,1.000),.UNSPECIFIED.)
CURVE()
GEOMETRIC_REPRESENTATION_ITEM()
RATIONAL_B_SPLINE_CURVE((1.0000000000,1.0000000000))
REPRESENTATION_ITEM('')
);
#2058=CARTESIAN_POINT('',(3.5446302874,12.8471642515,0.0000000000));
#2059=CARTESIAN_POINT('',(3.5709389682,12.8356315337,0.0000000000));

#2060=(
BOUNDED_CURVE()
B_SPLINE_CURVE(1,(#2061,#2062),.UNSPECIFIED.,.F.,.F.)
B_SPLINE_CURVE_WITH_KNOTS((2,2),(0.000,1.000),.UNSPECIFIED.)
CURVE()
GEOMETRIC_REPRESENTATION_ITEM()
RATIONAL_B_SPLINE_CURVE((1.0000000000,1.0000000000))
REPRESENTATION_ITEM('')
);
#2061=CARTESIAN_POINT('',(3.5709389682,12.8356315337,0.0000000000));
#2062=CARTESIAN_POINT('',(3.5940150737,12.8201721578,0.0000000000));

#2063=(
BOUNDED_CURVE()
B_SPLINE_CURVE(1,(#2064,#2065),.UNSPECIFIED.,.F.,.F.)
B_SPLINE_CURVE_WITH_KNOTS((2,2),(0.000,1.000),.UNSPECIFIED.)
CURVE()
GEOMETRIC_REPRESENTATION_ITEM()
RATIONAL_B_SPLINE_CURVE((1.0000000000,1.0000000000))
REPRESENTATION_ITEM('')
);
#2064=CARTESIAN_POINT('',(3.5940150737,12.8201721578,0.0000000000));
#2065=CARTESIAN_POINT('',(3.6129879441,12.8013694052,0.0000000000));

#2066=(
BOUNDED_CURVE()
B_SPLINE_CURVE(1,(#2067,#2068),.UNSPECIFIED.,.F.,.F.)
B_SPLINE_CURVE_WITH_KNOTS((2,2),(0.000,1.000),.UNSPECIFIED.)
CURVE()
GEOMETRIC_REPRESENTATION_ITEM()
RATIONAL_B_SPLINE_CURVE((1.0000000000,1.0000000000))
REPRESENTATION_ITEM('')
);
#2067=CARTESIAN_POINT('',(3.6129879441,12.8013694052,0.0000000000));
#2068=CARTESIAN_POINT('',(3.6271417341,12.7799327023,0.0000000000));

#2069=(
BOUNDED_CURVE()
B_SPLINE_CURVE(1,(#2070,#2071),.UNSPECIFIED.,.F.,.F.)
B_SPLINE_CURVE_WITH_KNOTS((2,2),(0.000,1.000),.UNSPECIFIED.)
CURVE()
GEOMETRIC_REPRESENTATION_ITEM()
RATIONAL_B_SPLINE_CURVE((1.0000000000,1.0000000000))
REPRESENTATION_ITEM('')
);
#2070=CARTESIAN_POINT('',(3.6271417341,12.7799327023,0.0000000000));
#2071=CARTESIAN_POINT('',(3.6359424222,12.7566708546,0.0000000000));

#2072=(
BOUNDED_CURVE()
B_SPLINE_CURVE(1,(#2073,#2074),.UNSPECIFIED.,.F.,.F.)
B_SPLINE_CURVE_WITH_KNOTS((2,2),(0.000,1.000),.UNSPECIFIED.)
CURVE()
GEOMETRIC_REPRESENTATION_ITEM()
RATIONAL_B_SPLINE_CURVE((1.0000000000,1.0000000000))
REPRESENTATION_ITEM('')
);
#2073=CARTESIAN_POINT('',(3.6359424222,12.7566708546,0.0000000000));
#2074=CARTESIAN_POINT('',(3.6390579590,12.7324615301,0.0000000000));

#2075=(
BOUNDED_CURVE()
B_SPLINE_CURVE(1,(#2076,#2077),.UNSPECIFIED.,.F.,.F.)
B_SPLINE_CURVE_WITH_KNOTS((2,2),(0.000,1.000),.UNSPECIFIED.)
CURVE()
GEOMETRIC_REPRESENTATION_ITEM()
RATIONAL_B_SPLINE_CURVE((1.0000000000,1.0000000000))
REPRESENTATION_ITEM('')
);
#2076=CARTESIAN_POINT('',(3.6390579590,12.7324615301,0.0000000000));
#2077=CARTESIAN_POINT('',(3.6390579590,12.6702554112,0.0000000000));

#2078=(
BOUNDED_CURVE()
B_SPLINE_CURVE(1,(#2079,#2080),.UNSPECIFIED.,.F.,.F.)
B_SPLINE_CURVE_WITH_KNOTS((2,2),(0.000,1.000),.UNSPECIFIED.)
CURVE()
GEOMETRIC_REPRESENTATION_ITEM()
RATIONAL_B_SPLINE_CURVE((1.0000000000,1.0000000000))
REPRESENTATION_ITEM('')
);
#2079=CARTESIAN_POINT('',(3.6390579590,12.6702554112,0.0000000000));
#2080=CARTESIAN_POINT('',(3.6359424222,12.6460460867,0.0000000000));

#2081=(
BOUNDED_CURVE()
B_SPLINE_CURVE(1,(#2082,#2083),.UNSPECIFIED.,.F.,.F.)
B_SPLINE_CURVE_WITH_KNOTS((2,2),(0.000,1.000),.UNSPECIFIED.)
CURVE()
GEOMETRIC_REPRESENTATION_ITEM()
RATIONAL_B_SPLINE_CURVE((1.0000000000,1.0000000000))
REPRESENTATION_ITEM('')
);
#2082=CARTESIAN_POINT('',(3.6359424222,12.6460460867,0.0000000000));
#2083=CARTESIAN_POINT('',(3.6271417341,12.6227842390,0.0000000000));

#2084=(
BOUNDED_CURVE()
B_SPLINE_CURVE(1,(#2085,#2086),.UNSPECIFIED.,.F.,.F.)
B_SPLINE_CURVE_WITH_KNOTS((2,2),(0.000,1.000),.UNSPECIFIED.)
CURVE()
GEOMETRIC_REPRESENTATION_ITEM()
RATIONAL_B_SPLINE_CURVE((1.0000000000,1.0000000000))
REPRESENTATION_ITEM('')
);
#2085=CARTESIAN_POINT('',(3.6271417341,12.6227842390,0.0000000000));
#2086=CARTESIAN_POINT('',(3.6129879441,12.6013475361,0.0000000000));

#2087=(
BOUNDED_CURVE()
B_SPLINE_CURVE(1,(#2088,#2089),.UNSPECIFIED.,.F.,.F.)
B_SPLINE_CURVE_WITH_KNOTS((2,2),(0.000,1.000),.UNSPECIFIED.)
CURVE()
GEOMETRIC_REPRESENTATION_ITEM()
RATIONAL_B_SPLINE_CURVE((1.0000000000,1.0000000000))
REPRESENTATION_ITEM('')
);
#2088=CARTESIAN_POINT('',(3.6129879441,12.6013475361,0.0000000000));
#2089=CARTESIAN_POINT('',(3.5940150737,12.5825447834,0.0000000000));

#2090=(
BOUNDED_CURVE()
B_SPLINE_CURVE(1,(#2091,#2092),.UNSPECIFIED.,.F.,.F.)
B_SPLINE_CURVE_WITH_KNOTS((2,2),(0.000,1.000),.UNSPECIFIED.)
CURVE()
GEOMETRIC_REPRESENTATION_ITEM()
RATIONAL_B_SPLINE_CURVE((1.0000000000,1.0000000000))
REPRESENTATION_ITEM('')
);
#2091=CARTESIAN_POINT('',(3.5940150737,12.5825447834,0.0000000000));
#2092=CARTESIAN_POINT('',(3.5709389682,12.5670854076,0.0000000000));

#2093=(
BOUNDED_CURVE()
B_SPLINE_CURVE(1,(#2094,#2095),.UNSPECIFIED.,.F.,.F.)
B_SPLINE_CURVE_WITH_KNOTS((2,2),(0.000,1.000),.UNSPECIFIED.)
CURVE()
GEOMETRIC_REPRESENTATION_ITEM()
RATIONAL_B_SPLINE_CURVE((1.0000000000,1.0000000000))
REPRESENTATION_ITEM('')
);
#2094=CARTESIAN_POINT('',(3.5709389682,12.5670854076,0.0000000000));
#2095=CARTESIAN_POINT('',(3.5446302874,12.5555526898,0.0000000000));

#2096=(
BOUNDED_CURVE()
B_SPLINE_CURVE(1,(#2097,#2098),.UNSPECIFIED.,.F.,.F.)
B_SPLINE_CURVE_WITH_KNOTS((2,2),(0.000,1.000),.UNSPECIFIED.)
CURVE()
GEOMETRIC_REPRESENTATION_ITEM()
RATIONAL_B_SPLINE_CURVE((1.0000000000,1.0000000000))
REPRESENTATION_ITEM('')
);
#2097=CARTESIAN_POINT('',(3.5446302874,12.5555526898,0.0000000000));
#2098=CARTESIAN_POINT('',(3.5160816562,12.5483817588,0.0000000000));

#2099=(
BOUNDED_CURVE()
B_SPLINE_CURVE(1,(#2100,#2101),.UNSPECIFIED.,.F.,.F.)
B_SPLINE_CURVE_WITH_KNOTS((2,2),(0.000,1.000),.UNSPECIFIED.)
CURVE()
GEOMETRIC_REPRESENTATION_ITEM()
RATIONAL_B_SPLINE_CURVE((1.0000000000,1.0000000000))
REPRESENTATION_ITEM('')
);
#2100=CARTESIAN_POINT('',(3.5160816562,12.5483817588,0.0000000000));
#2101=CARTESIAN_POINT('',(3.4863702124,12.5458431732,0.0000000000));

#2102=(
BOUNDED_CURVE()
B_SPLINE_CURVE(1,(#2103,#2104),.UNSPECIFIED.,.F.,.F.)
B_SPLINE_CURVE_WITH_KNOTS((2,2),(0.000,1.000),.UNSPECIFIED.)
CURVE()
GEOMETRIC_REPRESENTATION_ITEM()
RATIONAL_B_SPLINE_CURVE((1.0000000000,1.0000000000))
REPRESENTATION_ITEM('')
);
#2103=CARTESIAN_POINT('',(3.4863702124,12.5458431732,0.0000000000));
#2104=CARTESIAN_POINT('',(3.3336824659,12.5458431732,0.0000000000));

#2105=(
BOUNDED_CURVE()
B_SPLINE_CURVE(1,(#2106,#2107),.UNSPECIFIED.,.F.,.F.)
B_SPLINE_CURVE_WITH_KNOTS((2,2),(0.000,1.000),.UNSPECIFIED.)
CURVE()
GEOMETRIC_REPRESENTATION_ITEM()
RATIONAL_B_SPLINE_CURVE((1.0000000000,1.0000000000))
REPRESENTATION_ITEM('')
);
#2106=CARTESIAN_POINT('',(3.7917457055,12.5458431732,0.0000000000));
#2107=CARTESIAN_POINT('',(3.7917457055,12.5769462327,0.0000000000));

#2108=(
BOUNDED_CURVE()
B_SPLINE_CURVE(1,(#2109,#2110),.UNSPECIFIED.,.F.,.F.)
B_SPLINE_CURVE_WITH_KNOTS((2,2),(0.000,1.000),.UNSPECIFIED.)
CURVE()
GEOMETRIC_REPRESENTATION_ITEM()
RATIONAL_B_SPLINE_CURVE((1.0000000000,1.0000000000))
REPRESENTATION_ITEM('')
);
#2109=CARTESIAN_POINT('',(4.2498089451,13.1056982439,0.0000000000));
#2110=CARTESIAN_POINT('',(3.9953293675,13.1056982439,0.0000000000));

#2111=(
BOUNDED_CURVE()
B_SPLINE_CURVE(1,(#2112,#2113),.UNSPECIFIED.,.F.,.F.)
B_SPLINE_CURVE_WITH_KNOTS((2,2),(0.000,1.000),.UNSPECIFIED.)
CURVE()
GEOMETRIC_REPRESENTATION_ITEM()
RATIONAL_B_SPLINE_CURVE((1.0000000000,1.0000000000))
REPRESENTATION_ITEM('')
);
#2112=CARTESIAN_POINT('',(3.9953293675,13.1056982439,0.0000000000));
#2113=CARTESIAN_POINT('',(3.9953293675,12.8568737680,0.0000000000));

#2114=(
BOUNDED_CURVE()
B_SPLINE_CURVE(1,(#2115,#2116),.UNSPECIFIED.,.F.,.F.)
B_SPLINE_CURVE_WITH_KNOTS((2,2),(0.000,1.000),.UNSPECIFIED.)
CURVE()
GEOMETRIC_REPRESENTATION_ITEM()
RATIONAL_B_SPLINE_CURVE((1.0000000000,1.0000000000))
REPRESENTATION_ITEM('')
);
#2115=CARTESIAN_POINT('',(3.9953293675,12.8568737680,0.0000000000));
#2116=CARTESIAN_POINT('',(4.1225691563,12.8568737680,0.0000000000));

#2117=(
BOUNDED_CURVE()
B_SPLINE_CURVE(1,(#2118,#2119),.UNSPECIFIED.,.F.,.F.)
B_SPLINE_CURVE_WITH_KNOTS((2,2),(0.000,1.000),.UNSPECIFIED.)
CURVE()
GEOMETRIC_REPRESENTATION_ITEM()
RATIONAL_B_SPLINE_CURVE((1.0000000000,1.0000000000))
REPRESENTATION_ITEM('')
);
#2118=CARTESIAN_POINT('',(4.1225691563,12.8568737680,0.0000000000));
#2119=CARTESIAN_POINT('',(4.1473286927,12.8543351825,0.0000000000));

#2120=(
BOUNDED_CURVE()
B_SPLINE_CURVE(1,(#2121,#2122),.UNSPECIFIED.,.F.,.F.)
B_SPLINE_CURVE_WITH_KNOTS((2,2),(0.000,1.000),.UNSPECIFIED.)
CURVE()
GEOMETRIC_REPRESENTATION_ITEM()
RATIONAL_B_SPLINE_CURVE((1.0000000000,1.0000000000))
REPRESENTATION_ITEM('')
);
#2121=CARTESIAN_POINT('',(4.1473286927,12.8543351825,0.0000000000));
#2122=CARTESIAN_POINT('',(4.1711192188,12.8471642515,0.0000000000));

#2123=(
BOUNDED_CURVE()
B_SPLINE_CURVE(1,(#2124,#2125),.UNSPECIFIED.,.F.,.F.)
B_SPLINE_CURVE_WITH_KNOTS((2,2),(0.000,1.000),.UNSPECIFIED.)
CURVE()
GEOMETRIC_REPRESENTATION_ITEM()
RATIONAL_B_SPLINE_CURVE((1.0000000000,1.0000000000))
REPRESENTATION_ITEM('')
);
#2124=CARTESIAN_POINT('',(4.1711192188,12.8471642515,0.0000000000));
#2125=CARTESIAN_POINT('',(4.1930431194,12.8356315337,0.0000000000));

#2126=(
BOUNDED_CURVE()
B_SPLINE_CURVE(1,(#2127,#2128),.UNSPECIFIED.,.F.,.F.)
B_SPLINE_CURVE_WITH_KNOTS((2,2),(0.000,1.000),.UNSPECIFIED.)
CURVE()
GEOMETRIC_REPRESENTATION_ITEM()
RATIONAL_B_SPLINE_CURVE((1.0000000000,1.0000000000))
REPRESENTATION_ITEM('')
);
#2127=CARTESIAN_POINT('',(4.1930431194,12.8356315337,0.0000000000));
#2128=CARTESIAN_POINT('',(4.2122732074,12.8201721578,0.0000000000));

#2129=(
BOUNDED_CURVE()
B_SPLINE_CURVE(1,(#2130,#2131),.UNSPECIFIED.,.F.,.F.)
B_SPLINE_CURVE_WITH_KNOTS((2,2),(0.000,1.000),.UNSPECIFIED.)
CURVE()
GEOMETRIC_REPRESENTATION_ITEM()
RATIONAL_B_SPLINE_CURVE((1.0000000000,1.0000000000))
REPRESENTATION_ITEM('')
);
#2130=CARTESIAN_POINT('',(4.2122732074,12.8201721578,0.0000000000));
#2131=CARTESIAN_POINT('',(4.2280839327,12.8013694052,0.0000000000));

#2132=(
BOUNDED_CURVE()
B_SPLINE_CURVE(1,(#2133,#2134),.UNSPECIFIED.,.F.,.F.)
B_SPLINE_CURVE_WITH_KNOTS((2,2),(0.000,1.000),.UNSPECIFIED.)
CURVE()
GEOMETRIC_REPRESENTATION_ITEM()
RATIONAL_B_SPLINE_CURVE((1.0000000000,1.0000000000))
REPRESENTATION_ITEM('')
);
#2133=CARTESIAN_POINT('',(4.2280839327,12.8013694052,0.0000000000));
#2134=CARTESIAN_POINT('',(4.2398787577,12.7799327023,0.0000000000));

#2135=(
BOUNDED_CURVE()
B_SPLINE_CURVE(1,(#2136,#2137),.UNSPECIFIED.,.F.,.F.)
B_SPLINE_CURVE_WITH_KNOTS((2,2),(0.000,1.000),.UNSPECIFIED.)
CURVE()
GEOMETRIC_REPRESENTATION_ITEM()
RATIONAL_B_SPLINE_CURVE((1.0000000000,1.0000000000))
REPRESENTATION_ITEM('')
);
#2136=CARTESIAN_POINT('',(4.2398787577,12.7799327023,0.0000000000));
#2137=CARTESIAN_POINT('',(4.2472126644,12.7566708546,0.0000000000));

#2138=(
BOUNDED_CURVE()
B_SPLINE_CURVE(1,(#2139,#2140),.UNSPECIFIED.,.F.,.F.)
B_SPLINE_CURVE_WITH_KNOTS((2,2),(0.000,1.000),.UNSPECIFIED.)
CURVE()
GEOMETRIC_REPRESENTATION_ITEM()
RATIONAL_B_SPLINE_CURVE((1.0000000000,1.0000000000))
REPRESENTATION_ITEM('')
);
#2139=CARTESIAN_POINT('',(4.2472126644,12.7566708546,0.0000000000));
#2140=CARTESIAN_POINT('',(4.2498089451,12.7324615301,0.0000000000));

#2141=(
BOUNDED_CURVE()
B_SPLINE_CURVE(1,(#2142,#2143),.UNSPECIFIED.,.F.,.F.)
B_SPLINE_CURVE_WITH_KNOTS((2,2),(0.000,1.000),.UNSPECIFIED.)
CURVE()
GEOMETRIC_REPRESENTATION_ITEM()
RATIONAL_B_SPLINE_CURVE((1.0000000000,1.0000000000))
REPRESENTATION_ITEM('')
);
#2142=CARTESIAN_POINT('',(4.2498089451,12.7324615301,0.0000000000));
#2143=CARTESIAN_POINT('',(4.2498089451,12.6702554112,0.0000000000));

#2144=(
BOUNDED_CURVE()
B_SPLINE_CURVE(1,(#2145,#2146),.UNSPECIFIED.,.F.,.F.)
B_SPLINE_CURVE_WITH_KNOTS((2,2),(0.000,1.000),.UNSPECIFIED.)
CURVE()
GEOMETRIC_REPRESENTATION_ITEM()
RATIONAL_B_SPLINE_CURVE((1.0000000000,1.0000000000))
REPRESENTATION_ITEM('')
);
#2145=CARTESIAN_POINT('',(4.2498089451,12.6702554112,0.0000000000));
#2146=CARTESIAN_POINT('',(4.2472126644,12.6460460867,0.0000000000));

#2147=(
BOUNDED_CURVE()
B_SPLINE_CURVE(1,(#2148,#2149),.UNSPECIFIED.,.F.,.F.)
B_SPLINE_CURVE_WITH_KNOTS((2,2),(0.000,1.000),.UNSPECIFIED.)
CURVE()
GEOMETRIC_REPRESENTATION_ITEM()
RATIONAL_B_SPLINE_CURVE((1.0000000000,1.0000000000))
REPRESENTATION_ITEM('')
);
#2148=CARTESIAN_POINT('',(4.2472126644,12.6460460867,0.0000000000));
#2149=CARTESIAN_POINT('',(4.2398787577,12.6227842390,0.0000000000));

#2150=(
BOUNDED_CURVE()
B_SPLINE_CURVE(1,(#2151,#2152),.UNSPECIFIED.,.F.,.F.)
B_SPLINE_CURVE_WITH_KNOTS((2,2),(0.000,1.000),.UNSPECIFIED.)
CURVE()
GEOMETRIC_REPRESENTATION_ITEM()
RATIONAL_B_SPLINE_CURVE((1.0000000000,1.0000000000))
REPRESENTATION_ITEM('')
);
#2151=CARTESIAN_POINT('',(4.2398787577,12.6227842390,0.0000000000));
#2152=CARTESIAN_POINT('',(4.2280839327,12.6013475361,0.0000000000));

#2153=(
BOUNDED_CURVE()
B_SPLINE_CURVE(1,(#2154,#2155),.UNSPECIFIED.,.F.,.F.)
B_SPLINE_CURVE_WITH_KNOTS((2,2),(0.000,1.000),.UNSPECIFIED.)
CURVE()
GEOMETRIC_REPRESENTATION_ITEM()
RATIONAL_B_SPLINE_CURVE((1.0000000000,1.0000000000))
REPRESENTATION_ITEM('')
);
#2154=CARTESIAN_POINT('',(4.2280839327,12.6013475361,0.0000000000));
#2155=CARTESIAN_POINT('',(4.2122732074,12.5825447834,0.0000000000));

#2156=(
BOUNDED_CURVE()
B_SPLINE_CURVE(1,(#2157,#2158),.UNSPECIFIED.,.F.,.F.)
B_SPLINE_CURVE_WITH_KNOTS((2,2),(0.000,1.000),.UNSPECIFIED.)
CURVE()
GEOMETRIC_REPRESENTATION_ITEM()
RATIONAL_B_SPLINE_CURVE((1.0000000000,1.0000000000))
REPRESENTATION_ITEM('')
);
#2157=CARTESIAN_POINT('',(4.2122732074,12.5825447834,0.0000000000));
#2158=CARTESIAN_POINT('',(4.1930431194,12.5670854076,0.0000000000));

#2159=(
BOUNDED_CURVE()
B_SPLINE_CURVE(1,(#2160,#2161),.UNSPECIFIED.,.F.,.F.)
B_SPLINE_CURVE_WITH_KNOTS((2,2),(0.000,1.000),.UNSPECIFIED.)
CURVE()
GEOMETRIC_REPRESENTATION_ITEM()
RATIONAL_B_SPLINE_CURVE((1.0000000000,1.0000000000))
REPRESENTATION_ITEM('')
);
#2160=CARTESIAN_POINT('',(4.1930431194,12.5670854076,0.0000000000));
#2161=CARTESIAN_POINT('',(4.1711192188,12.5555526898,0.0000000000));

#2162=(
BOUNDED_CURVE()
B_SPLINE_CURVE(1,(#2163,#2164),.UNSPECIFIED.,.F.,.F.)
B_SPLINE_CURVE_WITH_KNOTS((2,2),(0.000,1.000),.UNSPECIFIED.)
CURVE()
GEOMETRIC_REPRESENTATION_ITEM()
RATIONAL_B_SPLINE_CURVE((1.0000000000,1.0000000000))
REPRESENTATION_ITEM('')
);
#2163=CARTESIAN_POINT('',(4.1711192188,12.5555526898,0.0000000000));
#2164=CARTESIAN_POINT('',(4.1473286927,12.5483817588,0.0000000000));

#2165=(
BOUNDED_CURVE()
B_SPLINE_CURVE(1,(#2166,#2167),.UNSPECIFIED.,.F.,.F.)
B_SPLINE_CURVE_WITH_KNOTS((2,2),(0.000,1.000),.UNSPECIFIED.)
CURVE()
GEOMETRIC_REPRESENTATION_ITEM()
RATIONAL_B_SPLINE_CURVE((1.0000000000,1.0000000000))
REPRESENTATION_ITEM('')
);
#2166=CARTESIAN_POINT('',(4.1473286927,12.5483817588,0.0000000000));
#2167=CARTESIAN_POINT('',(4.1225691563,12.5458431732,0.0000000000));

#2168=(
BOUNDED_CURVE()
B_SPLINE_CURVE(1,(#2169,#2170),.UNSPECIFIED.,.F.,.F.)
B_SPLINE_CURVE_WITH_KNOTS((2,2),(0.000,1.000),.UNSPECIFIED.)
CURVE()
GEOMETRIC_REPRESENTATION_ITEM()
RATIONAL_B_SPLINE_CURVE((1.0000000000,1.0000000000))
REPRESENTATION_ITEM('')
);
#2169=CARTESIAN_POINT('',(4.1225691563,12.5458431732,0.0000000000));
#2170=CARTESIAN_POINT('',(3.9953293675,12.5458431732,0.0000000000));

#2171=(
BOUNDED_CURVE()
B_SPLINE_CURVE(1,(#2172,#2173),.UNSPECIFIED.,.F.,.F.)
B_SPLINE_CURVE_WITH_KNOTS((2,2),(0.000,1.000),.UNSPECIFIED.)
CURVE()
GEOMETRIC_REPRESENTATION_ITEM()
RATIONAL_B_SPLINE_CURVE((1.0000000000,1.0000000000))
REPRESENTATION_ITEM('')
);
#2172=CARTESIAN_POINT('',(5.3695190863,12.5458431732,0.0000000000));
#2173=CARTESIAN_POINT('',(5.3695190863,13.1056982439,0.0000000000));

#2174=(
BOUNDED_CURVE()
B_SPLINE_CURVE(1,(#2175,#2176),.UNSPECIFIED.,.F.,.F.)
B_SPLINE_CURVE_WITH_KNOTS((2,2),(0.000,1.000),.UNSPECIFIED.)
CURVE()
GEOMETRIC_REPRESENTATION_ITEM()
RATIONAL_B_SPLINE_CURVE((1.0000000000,1.0000000000))
REPRESENTATION_ITEM('')
);
#2175=CARTESIAN_POINT('',(5.3695190863,13.1056982439,0.0000000000));
#2176=CARTESIAN_POINT('',(5.5222068328,13.1056982439,0.0000000000));

#2177=(
BOUNDED_CURVE()
B_SPLINE_CURVE(1,(#2178,#2179),.UNSPECIFIED.,.F.,.F.)
B_SPLINE_CURVE_WITH_KNOTS((2,2),(0.000,1.000),.UNSPECIFIED.)
CURVE()
GEOMETRIC_REPRESENTATION_ITEM()
RATIONAL_B_SPLINE_CURVE((1.0000000000,1.0000000000))
REPRESENTATION_ITEM('')
);
#2178=CARTESIAN_POINT('',(5.5222068328,13.1056982439,0.0000000000));
#2179=CARTESIAN_POINT('',(5.5806379038,13.0938603467,0.0000000000));

#2180=(
BOUNDED_CURVE()
B_SPLINE_CURVE(1,(#2181,#2182),.UNSPECIFIED.,.F.,.F.)
B_SPLINE_CURVE_WITH_KNOTS((2,2),(0.000,1.000),.UNSPECIFIED.)
CURVE()
GEOMETRIC_REPRESENTATION_ITEM()
RATIONAL_B_SPLINE_CURVE((1.0000000000,1.0000000000))
REPRESENTATION_ITEM('')
);
#2181=CARTESIAN_POINT('',(5.5806379038,13.0938603467,0.0000000000));
#2182=CARTESIAN_POINT('',(5.6301733738,13.0601488678,0.0000000000));

#2183=(
BOUNDED_CURVE()
B_SPLINE_CURVE(1,(#2184,#2185),.UNSPECIFIED.,.F.,.F.)
B_SPLINE_CURVE_WITH_KNOTS((2,2),(0.000,1.000),.UNSPECIFIED.)
CURVE()
GEOMETRIC_REPRESENTATION_ITEM()
RATIONAL_B_SPLINE_CURVE((1.0000000000,1.0000000000))
REPRESENTATION_ITEM('')
);
#2184=CARTESIAN_POINT('',(5.6301733738,13.0601488678,0.0000000000));
#2185=CARTESIAN_POINT('',(5.6632719167,13.0096960743,0.0000000000));

#2186=(
BOUNDED_CURVE()
B_SPLINE_CURVE(1,(#2187,#2188),.UNSPECIFIED.,.F.,.F.)
B_SPLINE_CURVE_WITH_KNOTS((2,2),(0.000,1.000),.UNSPECIFIED.)
CURVE()
GEOMETRIC_REPRESENTATION_ITEM()
RATIONAL_B_SPLINE_CURVE((1.0000000000,1.0000000000))
REPRESENTATION_ITEM('')
);
#2187=CARTESIAN_POINT('',(5.6632719167,13.0096960743,0.0000000000));
#2188=CARTESIAN_POINT('',(5.6748945794,12.9501829465,0.0000000000));

#2189=(
BOUNDED_CURVE()
B_SPLINE_CURVE(1,(#2190,#2191),.UNSPECIFIED.,.F.,.F.)
B_SPLINE_CURVE_WITH_KNOTS((2,2),(0.000,1.000),.UNSPECIFIED.)
CURVE()
GEOMETRIC_REPRESENTATION_ITEM()
RATIONAL_B_SPLINE_CURVE((1.0000000000,1.0000000000))
REPRESENTATION_ITEM('')
);
#2190=CARTESIAN_POINT('',(5.6748945794,12.9501829465,0.0000000000));
#2191=CARTESIAN_POINT('',(5.6632719167,12.8906698187,0.0000000000));

#2192=(
BOUNDED_CURVE()
B_SPLINE_CURVE(1,(#2193,#2194),.UNSPECIFIED.,.F.,.F.)
B_SPLINE_CURVE_WITH_KNOTS((2,2),(0.000,1.000),.UNSPECIFIED.)
CURVE()
GEOMETRIC_REPRESENTATION_ITEM()
RATIONAL_B_SPLINE_CURVE((1.0000000000,1.0000000000))
REPRESENTATION_ITEM('')
);
#2193=CARTESIAN_POINT('',(5.6632719167,12.8906698187,0.0000000000));
#2194=CARTESIAN_POINT('',(5.6301733738,12.8402170251,0.0000000000));

#2195=(
BOUNDED_CURVE()
B_SPLINE_CURVE(1,(#2196,#2197),.UNSPECIFIED.,.F.,.F.)
B_SPLINE_CURVE_WITH_KNOTS((2,2),(0.000,1.000),.UNSPECIFIED.)
CURVE()
GEOMETRIC_REPRESENTATION_ITEM()
RATIONAL_B_SPLINE_CURVE((1.0000000000,1.0000000000))
REPRESENTATION_ITEM('')
);
#2196=CARTESIAN_POINT('',(5.6301733738,12.8402170251,0.0000000000));
#2197=CARTESIAN_POINT('',(5.5806379038,12.8065055462,0.0000000000));

#2198=(
BOUNDED_CURVE()
B_SPLINE_CURVE(1,(#2199,#2200),.UNSPECIFIED.,.F.,.F.)
B_SPLINE_CURVE_WITH_KNOTS((2,2),(0.000,1.000),.UNSPECIFIED.)
CURVE()
GEOMETRIC_REPRESENTATION_ITEM()
RATIONAL_B_SPLINE_CURVE((1.0000000000,1.0000000000))
REPRESENTATION_ITEM('')
);
#2199=CARTESIAN_POINT('',(5.5806379038,12.8065055462,0.0000000000));
#2200=CARTESIAN_POINT('',(5.5222068328,12.7946676491,0.0000000000));

#2201=(
BOUNDED_CURVE()
B_SPLINE_CURVE(1,(#2202,#2203),.UNSPECIFIED.,.F.,.F.)
B_SPLINE_CURVE_WITH_KNOTS((2,2),(0.000,1.000),.UNSPECIFIED.)
CURVE()
GEOMETRIC_REPRESENTATION_ITEM()
RATIONAL_B_SPLINE_CURVE((1.0000000000,1.0000000000))
REPRESENTATION_ITEM('')
);
#2202=CARTESIAN_POINT('',(5.5222068328,12.7946676491,0.0000000000));
#2203=CARTESIAN_POINT('',(5.3695190863,12.7946676491,0.0000000000));

#2204=(
BOUNDED_CURVE()
B_SPLINE_CURVE(1,(#2205,#2206),.UNSPECIFIED.,.F.,.F.)
B_SPLINE_CURVE_WITH_KNOTS((2,2),(0.000,1.000),.UNSPECIFIED.)
CURVE()
GEOMETRIC_REPRESENTATION_ITEM()
RATIONAL_B_SPLINE_CURVE((1.0000000000,1.0000000000))
REPRESENTATION_ITEM('')
);
#2205=CARTESIAN_POINT('',(5.6748945794,12.5458431732,0.0000000000));
#2206=CARTESIAN_POINT('',(5.5515228802,12.7977779550,0.0000000000));

#2207=(
BOUNDED_CURVE()
B_SPLINE_CURVE(1,(#2208,#2209),.UNSPECIFIED.,.F.,.F.)
B_SPLINE_CURVE_WITH_KNOTS((2,2),(0.000,1.000),.UNSPECIFIED.)
CURVE()
GEOMETRIC_REPRESENTATION_ITEM()
RATIONAL_B_SPLINE_CURVE((1.0000000000,1.0000000000))
REPRESENTATION_ITEM('')
);
#2208=CARTESIAN_POINT('',(6.1329578190,12.5458431732,0.0000000000));
#2209=CARTESIAN_POINT('',(5.8784782414,12.5458431732,0.0000000000));

#2210=(
BOUNDED_CURVE()
B_SPLINE_CURVE(1,(#2211,#2212),.UNSPECIFIED.,.F.,.F.)
B_SPLINE_CURVE_WITH_KNOTS((2,2),(0.000,1.000),.UNSPECIFIED.)
CURVE()
GEOMETRIC_REPRESENTATION_ITEM()
RATIONAL_B_SPLINE_CURVE((1.0000000000,1.0000000000))
REPRESENTATION_ITEM('')
);
#2211=CARTESIAN_POINT('',(5.8784782414,12.5458431732,0.0000000000));
#2212=CARTESIAN_POINT('',(5.8784782414,13.1056982439,0.0000000000));

#2213=(
BOUNDED_CURVE()
B_SPLINE_CURVE(1,(#2214,#2215),.UNSPECIFIED.,.F.,.F.)
B_SPLINE_CURVE_WITH_KNOTS((2,2),(0.000,1.000),.UNSPECIFIED.)
CURVE()
GEOMETRIC_REPRESENTATION_ITEM()
RATIONAL_B_SPLINE_CURVE((1.0000000000,1.0000000000))
REPRESENTATION_ITEM('')
);
#2214=CARTESIAN_POINT('',(5.8784782414,13.1056982439,0.0000000000));
#2215=CARTESIAN_POINT('',(6.1329578190,13.1056982439,0.0000000000));

#2216=(
BOUNDED_CURVE()
B_SPLINE_CURVE(1,(#2217,#2218),.UNSPECIFIED.,.F.,.F.)
B_SPLINE_CURVE_WITH_KNOTS((2,2),(0.000,1.000),.UNSPECIFIED.)
CURVE()
GEOMETRIC_REPRESENTATION_ITEM()
RATIONAL_B_SPLINE_CURVE((1.0000000000,1.0000000000))
REPRESENTATION_ITEM('')
);
#2217=CARTESIAN_POINT('',(5.8784782414,12.8568737680,0.0000000000));
#2218=CARTESIAN_POINT('',(6.0693379246,12.8568737680,0.0000000000));

#2219=(
BOUNDED_CURVE()
B_SPLINE_CURVE(1,(#2220,#2221),.UNSPECIFIED.,.F.,.F.)
B_SPLINE_CURVE_WITH_KNOTS((2,2),(0.000,1.000),.UNSPECIFIED.)
CURVE()
GEOMETRIC_REPRESENTATION_ITEM()
RATIONAL_B_SPLINE_CURVE((1.0000000000,1.0000000000))
REPRESENTATION_ITEM('')
);
#2220=CARTESIAN_POINT('',(6.3365414810,12.5458431732,0.0000000000));
#2221=CARTESIAN_POINT('',(6.3365414810,13.1056982439,0.0000000000));

#2222=(
BOUNDED_CURVE()
B_SPLINE_CURVE(1,(#2223,#2224),.UNSPECIFIED.,.F.,.F.)
B_SPLINE_CURVE_WITH_KNOTS((2,2),(0.000,1.000),.UNSPECIFIED.)
CURVE()
GEOMETRIC_REPRESENTATION_ITEM()
RATIONAL_B_SPLINE_CURVE((1.0000000000,1.0000000000))
REPRESENTATION_ITEM('')
);
#2223=CARTESIAN_POINT('',(6.3365414810,13.1056982439,0.0000000000));
#2224=CARTESIAN_POINT('',(6.5910210586,13.1056982439,0.0000000000));

#2225=(
BOUNDED_CURVE()
B_SPLINE_CURVE(1,(#2226,#2227),.UNSPECIFIED.,.F.,.F.)
B_SPLINE_CURVE_WITH_KNOTS((2,2),(0.000,1.000),.UNSPECIFIED.)
CURVE()
GEOMETRIC_REPRESENTATION_ITEM()
RATIONAL_B_SPLINE_CURVE((1.0000000000,1.0000000000))
REPRESENTATION_ITEM('')
);
#2226=CARTESIAN_POINT('',(6.3365414810,12.8568737680,0.0000000000));
#2227=CARTESIAN_POINT('',(6.5910210586,12.8568737680,0.0000000000));

#2228=(
BOUNDED_CURVE()
B_SPLINE_CURVE(1,(#2229,#2230),.UNSPECIFIED.,.F.,.F.)
B_SPLINE_CURVE_WITH_KNOTS((2,2),(0.000,1.000),.UNSPECIFIED.)
CURVE()
GEOMETRIC_REPRESENTATION_ITEM()
RATIONAL_B_SPLINE_CURVE((1.0000000000,1.0000000000))
REPRESENTATION_ITEM('')
);
#2229=CARTESIAN_POINT('',(4.9623517622,14.5816797936,0.0000000000));
#2230=CARTESIAN_POINT('',(4.9623517622,13.3092819059,0.0000000000));

#2231=(
BOUNDED_CURVE()
B_SPLINE_CURVE(1,(#2232,#2233),.UNSPECIFIED.,.F.,.F.)
B_SPLINE_CURVE_WITH_KNOTS((2,2),(0.000,1.000),.UNSPECIFIED.)
CURVE()
GEOMETRIC_REPRESENTATION_ITEM()
RATIONAL_B_SPLINE_CURVE((1.0000000000,1.0000000000))
REPRESENTATION_ITEM('')
);
#2232=CARTESIAN_POINT('',(4.9623517622,12.3422595112,0.0000000000));
#2233=CARTESIAN_POINT('',(4.9623517622,11.0698616234,0.0000000000));

#2234=(
BOUNDED_CURVE()
B_SPLINE_CURVE(1,(#2235,#2236),.UNSPECIFIED.,.F.,.F.)
B_SPLINE_CURVE_WITH_KNOTS((2,2),(0.000,1.000),.UNSPECIFIED.)
CURVE()
GEOMETRIC_REPRESENTATION_ITEM()
RATIONAL_B_SPLINE_CURVE((1.0000000000,1.0000000000))
REPRESENTATION_ITEM('')
);
#2235=CARTESIAN_POINT('',(40.9740710007,-13.9316769282,0.0000000000));
#2236=CARTESIAN_POINT('',(-31.0259289993,-13.9316769282,0.0000000000));

#2237=(
BOUNDED_CURVE()
B_SPLINE_CURVE(1,(#2238,#2239),.UNSPECIFIED.,.F.,.F.)
B_SPLINE_CURVE_WITH_KNOTS((2,2),(0.000,1.000),.UNSPECIFIED.)
CURVE()
GEOMETRIC_REPRESENTATION_ITEM()
RATIONAL_B_SPLINE_CURVE((1.0000000000,1.0000000000))
REPRESENTATION_ITEM('')
);
#2238=CARTESIAN_POINT('',(-31.0259289993,-13.9316769282,0.0000000000));
#2239=CARTESIAN_POINT('',(-31.0259289993,11.0683230718,0.0000000000));

#2240=(
BOUNDED_CURVE()
B_SPLINE_CURVE(1,(#2241,#2242),.UNSPECIFIED.,.F.,.F.)
B_SPLINE_CURVE_WITH_KNOTS((2,2),(0.000,1.000),.UNSPECIFIED.)
CURVE()
GEOMETRIC_REPRESENTATION_ITEM()
RATIONAL_B_SPLINE_CURVE((1.0000000000,1.0000000000))
REPRESENTATION_ITEM('')
);
#2241=CARTESIAN_POINT('',(-31.0259289993,11.0683230718,0.0000000000));
#2242=CARTESIAN_POINT('',(40.9740710007,11.0683230718,0.0000000000));

#2243=(
BOUNDED_CURVE()
B_SPLINE_CURVE(1,(#2244,#2245),.UNSPECIFIED.,.F.,.F.)
B_SPLINE_CURVE_WITH_KNOTS((2,2),(0.000,1.000),.UNSPECIFIED.)
CURVE()
GEOMETRIC_REPRESENTATION_ITEM()
RATIONAL_B_SPLINE_CURVE((1.0000000000,1.0000000000))
REPRESENTATION_ITEM('')
);
#2244=CARTESIAN_POINT('',(40.9740710007,11.0683230718,0.0000000000));
#2245=CARTESIAN_POINT('',(40.9740710007,-13.9316769282,0.0000000000));

#2246=(
BOUNDED_CURVE()
B_SPLINE_CURVE(2,(#2247,#2248,#2249),.UNSPECIFIED.,.F.,.F.)
B_SPLINE_CURVE_WITH_KNOTS((3,3),(0.000,1.000),.UNSPECIFIED.)
CURVE()
GEOMETRIC_REPRESENTATION_ITEM()
RATIONAL_B_SPLINE_CURVE((1.0000000000,0.7071067812,1.0000000000))
REPRESENTATION_ITEM('')
);
#2247=CARTESIAN_POINT('',(-31.0259289993,-16.4316769282,0.0000000000));
#2248=CARTESIAN_POINT('',(-31.0259289993,-17.9316769282,0.0000000000));
#2249=CARTESIAN_POINT('',(-32.5259289993,-17.9316769282,0.0000000000));

#2250=(
BOUNDED_CURVE()
B_SPLINE_CURVE(2,(#2251,#2252,#2253),.UNSPECIFIED.,.F.,.F.)
B_SPLINE_CURVE_WITH_KNOTS((3,3),(0.000,1.000),.UNSPECIFIED.)
CURVE()
GEOMETRIC_REPRESENTATION_ITEM()
RATIONAL_B_SPLINE_CURVE((1.0000000000,0.7071067812,1.0000000000))
REPRESENTATION_ITEM('')
);
#2251=CARTESIAN_POINT('',(-32.5259289993,-17.9316769282,0.0000000000));
#2252=CARTESIAN_POINT('',(-34.0259289993,-17.9316769282,0.0000000000));
#2253=CARTESIAN_POINT('',(-34.0259289993,-16.4316769282,0.0000000000));

#2254=(
BOUNDED_CURVE()
B_SPLINE_CURVE(2,(#2255,#2256,#2257),.UNSPECIFIED.,.F.,.F.)
B_SPLINE_CURVE_WITH_KNOTS((3,3),(0.000,1.000),.UNSPECIFIED.)
CURVE()
GEOMETRIC_REPRESENTATION_ITEM()
RATIONAL_B_SPLINE_CURVE((1.0000000000,0.7071067812,1.0000000000))
REPRESENTATION_ITEM('')
);
#2255=CARTESIAN_POINT('',(-34.0259289993,-16.4316769282,0.0000000000));
#2256=CARTESIAN_POINT('',(-34.0259289993,-14.9316769282,0.0000000000));
#2257=CARTESIAN_POINT('',(-32.5259289993,-14.9316769282,0.0000000000));

#2258=(
BOUNDED_CURVE()
B_SPLINE_CURVE(2,(#2259,#2260,#2261),.UNSPECIFIED.,.F.,.F.)
B_SPLINE_CURVE_WITH_KNOTS((3,3),(0.000,1.000),.UNSPECIFIED.)
CURVE()
GEOMETRIC_REPRESENTATION_ITEM()
RATIONAL_B_SPLINE_CURVE((1.0000000000,0.7071067812,1.0000000000))
REPRESENTATION_ITEM('')
);
#2259=CARTESIAN_POINT('',(-32.5259289993,-14.9316769282,0.0000000000));
#2260=CARTESIAN_POINT('',(-31.0259289993,-14.9316769282,0.0000000000));
#2261=CARTESIAN_POINT('',(-31.0259289993,-16.4316769282,0.0000000000));

#2262=(
BOUNDED_CURVE()
B_SPLINE_CURVE(1,(#2263,#2264),.UNSPECIFIED.,.F.,.F.)
B_SPLINE_CURVE_WITH_KNOTS((2,2),(0.000,1.000),.UNSPECIFIED.)
CURVE()
GEOMETRIC_REPRESENTATION_ITEM()
RATIONAL_B_SPLINE_CURVE((1.0000000000,1.0000000000))
REPRESENTATION_ITEM('')
);
#2263=CARTESIAN_POINT('',(-32.2425624757,-1.1451580990,0.0000000000));
#2264=CARTESIAN_POINT('',(-32.2425624757,-1.7559090851,0.0000000000));

#2265=(
BOUNDED_CURVE()
B_SPLINE_CURVE(1,(#2266,#2267),.UNSPECIFIED.,.F.,.F.)
B_SPLINE_CURVE_WITH_KNOTS((2,2),(0.000,1.000),.UNSPECIFIED.)
CURVE()
GEOMETRIC_REPRESENTATION_ITEM()
RATIONAL_B_SPLINE_CURVE((1.0000000000,1.0000000000))
REPRESENTATION_ITEM('')
);
#2266=CARTESIAN_POINT('',(-32.2425624757,-1.7559090851,0.0000000000));
#2267=CARTESIAN_POINT('',(-32.8533134618,-1.7559090851,0.0000000000));

#2268=(
BOUNDED_CURVE()
B_SPLINE_CURVE(1,(#2269,#2270),.UNSPECIFIED.,.F.,.F.)
B_SPLINE_CURVE_WITH_KNOTS((2,2),(0.000,1.000),.UNSPECIFIED.)
CURVE()
GEOMETRIC_REPRESENTATION_ITEM()
RATIONAL_B_SPLINE_CURVE((1.0000000000,1.0000000000))
REPRESENTATION_ITEM('')
);
#2269=CARTESIAN_POINT('',(-32.8533134618,-1.7559090851,0.0000000000));
#2270=CARTESIAN_POINT('',(-32.8533134618,-1.1451580990,0.0000000000));

#2271=(
BOUNDED_CURVE()
B_SPLINE_CURVE(1,(#2272,#2273),.UNSPECIFIED.,.F.,.F.)
B_SPLINE_CURVE_WITH_KNOTS((2,2),(0.000,1.000),.UNSPECIFIED.)
CURVE()
GEOMETRIC_REPRESENTATION_ITEM()
RATIONAL_B_SPLINE_CURVE((1.0000000000,1.0000000000))
REPRESENTATION_ITEM('')
);
#2272=CARTESIAN_POINT('',(-32.8533134618,-1.1451580990,0.0000000000));
#2273=CARTESIAN_POINT('',(-32.2425624757,-1.1451580990,0.0000000000));

#2274=(
BOUNDED_CURVE()
B_SPLINE_CURVE(1,(#2275,#2276),.UNSPECIFIED.,.F.,.F.)
B_SPLINE_CURVE_WITH_KNOTS((2,2),(0.000,1.000),.UNSPECIFIED.)
CURVE()
GEOMETRIC_REPRESENTATION_ITEM()
RATIONAL_B_SPLINE_CURVE((1.0000000000,1.0000000000))
REPRESENTATION_ITEM('')
);
#2275=CARTESIAN_POINT('',(5.6112746850,-14.9209858970,0.0000000000));
#2276=CARTESIAN_POINT('',(5.6387928169,-14.9852059731,0.0000000000));

#2277=(
BOUNDED_CURVE()
B_SPLINE_CURVE(1,(#2278,#2279),.UNSPECIFIED.,.F.,.F.)
B_SPLINE_CURVE_WITH_KNOTS((2,2),(0.000,1.000),.UNSPECIFIED.)
CURVE()
GEOMETRIC_REPRESENTATION_ITEM()
RATIONAL_B_SPLINE_CURVE((1.0000000000,1.0000000000))
REPRESENTATION_ITEM('')
);
#2278=CARTESIAN_POINT('',(5.6387928169,-14.9852059731,0.0000000000));
#2279=CARTESIAN_POINT('',(5.6587485660,-15.0525312894,0.0000000000));

#2280=(
BOUNDED_CURVE()
B_SPLINE_CURVE(1,(#2281,#2282),.UNSPECIFIED.,.F.,.F.)
B_SPLINE_CURVE_WITH_KNOTS((2,2),(0.000,1.000),.UNSPECIFIED.)
CURVE()
GEOMETRIC_REPRESENTATION_ITEM()
RATIONAL_B_SPLINE_CURVE((1.0000000000,1.0000000000))
REPRESENTATION_ITEM('')
);
#2281=CARTESIAN_POINT('',(5.6587485660,-15.0525312894,0.0000000000));
#2282=CARTESIAN_POINT('',(5.6708428975,-15.1219529837,0.0000000000));

#2283=(
BOUNDED_CURVE()
B_SPLINE_CURVE(1,(#2284,#2285),.UNSPECIFIED.,.F.,.F.)
B_SPLINE_CURVE_WITH_KNOTS((2,2),(0.000,1.000),.UNSPECIFIED.)
CURVE()
GEOMETRIC_REPRESENTATION_ITEM()
RATIONAL_B_SPLINE_CURVE((1.0000000000,1.0000000000))
REPRESENTATION_ITEM('')
);
#2284=CARTESIAN_POINT('',(5.6708428975,-15.1219529837,0.0000000000));
#2285=CARTESIAN_POINT('',(5.6748945794,-15.1924307798,0.0000000000));

#2286=(
BOUNDED_CURVE()
B_SPLINE_CURVE(1,(#2287,#2288),.UNSPECIFIED.,.F.,.F.)
B_SPLINE_CURVE_WITH_KNOTS((2,2),(0.000,1.000),.UNSPECIFIED.)
CURVE()
GEOMETRIC_REPRESENTATION_ITEM()
RATIONAL_B_SPLINE_CURVE((1.0000000000,1.0000000000))
REPRESENTATION_ITEM('')
);
#2287=CARTESIAN_POINT('',(5.6748945794,-15.1924307798,0.0000000000));
#2288=CARTESIAN_POINT('',(5.6708428975,-15.2629085758,0.0000000000));

#2289=(
BOUNDED_CURVE()
B_SPLINE_CURVE(1,(#2290,#2291),.UNSPECIFIED.,.F.,.F.)
B_SPLINE_CURVE_WITH_KNOTS((2,2),(0.000,1.000),.UNSPECIFIED.)
CURVE()
GEOMETRIC_REPRESENTATION_ITEM()
RATIONAL_B_SPLINE_CURVE((1.0000000000,1.0000000000))
REPRESENTATION_ITEM('')
);
#2290=CARTESIAN_POINT('',(5.6708428975,-15.2629085758,0.0000000000));
#2291=CARTESIAN_POINT('',(5.6587485660,-15.3323302701,0.0000000000));

#2292=(
BOUNDED_CURVE()
B_SPLINE_CURVE(1,(#2293,#2294),.UNSPECIFIED.,.F.,.F.)
B_SPLINE_CURVE_WITH_KNOTS((2,2),(0.000,1.000),.UNSPECIFIED.)
CURVE()
GEOMETRIC_REPRESENTATION_ITEM()
RATIONAL_B_SPLINE_CURVE((1.0000000000,1.0000000000))
REPRESENTATION_ITEM('')
);
#2293=CARTESIAN_POINT('',(5.6587485660,-15.3323302701,0.0000000000));
#2294=CARTESIAN_POINT('',(5.6387928169,-15.3996555864,0.0000000000));

#2295=(
BOUNDED_CURVE()
B_SPLINE_CURVE(1,(#2296,#2297),.UNSPECIFIED.,.F.,.F.)
B_SPLINE_CURVE_WITH_KNOTS((2,2),(0.000,1.000),.UNSPECIFIED.)
CURVE()
GEOMETRIC_REPRESENTATION_ITEM()
RATIONAL_B_SPLINE_CURVE((1.0000000000,1.0000000000))
REPRESENTATION_ITEM('')
);
#2296=CARTESIAN_POINT('',(5.6387928169,-15.3996555864,0.0000000000));
#2297=CARTESIAN_POINT('',(5.6112746850,-15.4638756625,0.0000000000));

#2298=(
BOUNDED_CURVE()
B_SPLINE_CURVE(1,(#2299,#2300),.UNSPECIFIED.,.F.,.F.)
B_SPLINE_CURVE_WITH_KNOTS((2,2),(0.000,1.000),.UNSPECIFIED.)
CURVE()
GEOMETRIC_REPRESENTATION_ITEM()
RATIONAL_B_SPLINE_CURVE((1.0000000000,1.0000000000))
REPRESENTATION_ITEM('')
);
#2299=CARTESIAN_POINT('',(5.6112746850,-15.4638756625,0.0000000000));
#2300=CARTESIAN_POINT('',(5.5986101461,-15.4781054590,0.0000000000));

#2301=(
BOUNDED_CURVE()
B_SPLINE_CURVE(1,(#2302,#2303),.UNSPECIFIED.,.F.,.F.)
B_SPLINE_CURVE_WITH_KNOTS((2,2),(0.000,1.000),.UNSPECIFIED.)
CURVE()
GEOMETRIC_REPRESENTATION_ITEM()
RATIONAL_B_SPLINE_CURVE((1.0000000000,1.0000000000))
REPRESENTATION_ITEM('')
);
#2302=CARTESIAN_POINT('',(5.5986101461,-15.4781054590,0.0000000000));
#2303=CARTESIAN_POINT('',(5.5832193927,-15.4888508982,0.0000000000));

#2304=(
BOUNDED_CURVE()
B_SPLINE_CURVE(1,(#2305,#2306),.UNSPECIFIED.,.F.,.F.)
B_SPLINE_CURVE_WITH_KNOTS((2,2),(0.000,1.000),.UNSPECIFIED.)
CURVE()
GEOMETRIC_REPRESENTATION_ITEM()
RATIONAL_B_SPLINE_CURVE((1.0000000000,1.0000000000))
REPRESENTATION_ITEM('')
);
#2305=CARTESIAN_POINT('',(5.5832193927,-15.4888508982,0.0000000000));
#2306=CARTESIAN_POINT('',(5.5659258613,-15.4955370775,0.0000000000));

#2307=(
BOUNDED_CURVE()
B_SPLINE_CURVE(1,(#2308,#2309),.UNSPECIFIED.,.F.,.F.)
B_SPLINE_CURVE_WITH_KNOTS((2,2),(0.000,1.000),.UNSPECIFIED.)
CURVE()
GEOMETRIC_REPRESENTATION_ITEM()
RATIONAL_B_SPLINE_CURVE((1.0000000000,1.0000000000))
REPRESENTATION_ITEM('')
);
#2308=CARTESIAN_POINT('',(5.5659258613,-15.4955370775,0.0000000000));
#2309=CARTESIAN_POINT('',(5.5476547906,-15.4978062728,0.0000000000));

#2310=(
BOUNDED_CURVE()
B_SPLINE_CURVE(1,(#2311,#2312),.UNSPECIFIED.,.F.,.F.)
B_SPLINE_CURVE_WITH_KNOTS((2,2),(0.000,1.000),.UNSPECIFIED.)
CURVE()
GEOMETRIC_REPRESENTATION_ITEM()
RATIONAL_B_SPLINE_CURVE((1.0000000000,1.0000000000))
REPRESENTATION_ITEM('')
);
#2311=CARTESIAN_POINT('',(5.5476547906,-15.4978062728,0.0000000000));
#2312=CARTESIAN_POINT('',(5.5293837199,-15.4955370775,0.0000000000));

#2313=(
BOUNDED_CURVE()
B_SPLINE_CURVE(1,(#2314,#2315),.UNSPECIFIED.,.F.,.F.)
B_SPLINE_CURVE_WITH_KNOTS((2,2),(0.000,1.000),.UNSPECIFIED.)
CURVE()
GEOMETRIC_REPRESENTATION_ITEM()
RATIONAL_B_SPLINE_CURVE((1.0000000000,1.0000000000))
REPRESENTATION_ITEM('')
);
#2314=CARTESIAN_POINT('',(5.5293837199,-15.4955370775,0.0000000000));
#2315=CARTESIAN_POINT('',(5.5120901885,-15.4888508982,0.0000000000));

#2316=(
BOUNDED_CURVE()
B_SPLINE_CURVE(1,(#2317,#2318),.UNSPECIFIED.,.F.,.F.)
B_SPLINE_CURVE_WITH_KNOTS((2,2),(0.000,1.000),.UNSPECIFIED.)
CURVE()
GEOMETRIC_REPRESENTATION_ITEM()
RATIONAL_B_SPLINE_CURVE((1.0000000000,1.0000000000))
REPRESENTATION_ITEM('')
);
#2317=CARTESIAN_POINT('',(5.5120901885,-15.4888508982,0.0000000000));
#2318=CARTESIAN_POINT('',(5.4966994351,-15.4781054590,0.0000000000));

#2319=(
BOUNDED_CURVE()
B_SPLINE_CURVE(1,(#2320,#2321),.UNSPECIFIED.,.F.,.F.)
B_SPLINE_CURVE_WITH_KNOTS((2,2),(0.000,1.000),.UNSPECIFIED.)
CURVE()
GEOMETRIC_REPRESENTATION_ITEM()
RATIONAL_B_SPLINE_CURVE((1.0000000000,1.0000000000))
REPRESENTATION_ITEM('')
);
#2320=CARTESIAN_POINT('',(5.4966994351,-15.4781054590,0.0000000000));
#2321=CARTESIAN_POINT('',(5.4840348962,-15.4638756625,0.0000000000));

#2322=(
BOUNDED_CURVE()
B_SPLINE_CURVE(1,(#2323,#2324),.UNSPECIFIED.,.F.,.F.)
B_SPLINE_CURVE_WITH_KNOTS((2,2),(0.000,1.000),.UNSPECIFIED.)
CURVE()
GEOMETRIC_REPRESENTATION_ITEM()
RATIONAL_B_SPLINE_CURVE((1.0000000000,1.0000000000))
REPRESENTATION_ITEM('')
);
#2323=CARTESIAN_POINT('',(5.4840348962,-15.4638756625,0.0000000000));
#2324=CARTESIAN_POINT('',(5.4565167643,-15.3996555864,0.0000000000));

#2325=(
BOUNDED_CURVE()
B_SPLINE_CURVE(1,(#2326,#2327),.UNSPECIFIED.,.F.,.F.)
B_SPLINE_CURVE_WITH_KNOTS((2,2),(0.000,1.000),.UNSPECIFIED.)
CURVE()
GEOMETRIC_REPRESENTATION_ITEM()
RATIONAL_B_SPLINE_CURVE((1.0000000000,1.0000000000))
REPRESENTATION_ITEM('')
);
#2326=CARTESIAN_POINT('',(5.4565167643,-15.3996555864,0.0000000000));
#2327=CARTESIAN_POINT('',(5.4365610152,-15.3323302701,0.0000000000));

#2328=(
BOUNDED_CURVE()
B_SPLINE_CURVE(1,(#2329,#2330),.UNSPECIFIED.,.F.,.F.)
B_SPLINE_CURVE_WITH_KNOTS((2,2),(0.000,1.000),.UNSPECIFIED.)
CURVE()
GEOMETRIC_REPRESENTATION_ITEM()
RATIONAL_B_SPLINE_CURVE((1.0000000000,1.0000000000))
REPRESENTATION_ITEM('')
);
#2329=CARTESIAN_POINT('',(5.4365610152,-15.3323302701,0.0000000000));
#2330=CARTESIAN_POINT('',(5.4244666837,-15.2629085758,0.0000000000));

#2331=(
BOUNDED_CURVE()
B_SPLINE_CURVE(1,(#2332,#2333),.UNSPECIFIED.,.F.,.F.)
B_SPLINE_CURVE_WITH_KNOTS((2,2),(0.000,1.000),.UNSPECIFIED.)
CURVE()
GEOMETRIC_REPRESENTATION_ITEM()
RATIONAL_B_SPLINE_CURVE((1.0000000000,1.0000000000))
REPRESENTATION_ITEM('')
);
#2332=CARTESIAN_POINT('',(5.4244666837,-15.2629085758,0.0000000000));
#2333=CARTESIAN_POINT('',(5.4204150018,-15.1924307798,0.0000000000));

#2334=(
BOUNDED_CURVE()
B_SPLINE_CURVE(1,(#2335,#2336),.UNSPECIFIED.,.F.,.F.)
B_SPLINE_CURVE_WITH_KNOTS((2,2),(0.000,1.000),.UNSPECIFIED.)
CURVE()
GEOMETRIC_REPRESENTATION_ITEM()
RATIONAL_B_SPLINE_CURVE((1.0000000000,1.0000000000))
REPRESENTATION_ITEM('')
);
#2335=CARTESIAN_POINT('',(5.4204150018,-15.1924307798,0.0000000000));
#2336=CARTESIAN_POINT('',(5.4244666837,-15.1219529837,0.0000000000));

#2337=(
BOUNDED_CURVE()
B_SPLINE_CURVE(1,(#2338,#2339),.UNSPECIFIED.,.F.,.F.)
B_SPLINE_CURVE_WITH_KNOTS((2,2),(0.000,1.000),.UNSPECIFIED.)
CURVE()
GEOMETRIC_REPRESENTATION_ITEM()
RATIONAL_B_SPLINE_CURVE((1.0000000000,1.0000000000))
REPRESENTATION_ITEM('')
);
#2338=CARTESIAN_POINT('',(5.4244666837,-15.1219529837,0.0000000000));
#2339=CARTESIAN_POINT('',(5.4365610152,-15.0525312894,0.0000000000));

#2340=(
BOUNDED_CURVE()
B_SPLINE_CURVE(1,(#2341,#2342),.UNSPECIFIED.,.F.,.F.)
B_SPLINE_CURVE_WITH_KNOTS((2,2),(0.000,1.000),.UNSPECIFIED.)
CURVE()
GEOMETRIC_REPRESENTATION_ITEM()
RATIONAL_B_SPLINE_CURVE((1.0000000000,1.0000000000))
REPRESENTATION_ITEM('')
);
#2341=CARTESIAN_POINT('',(5.4365610152,-15.0525312894,0.0000000000));
#2342=CARTESIAN_POINT('',(5.4565167643,-14.9852059731,0.0000000000));

#2343=(
BOUNDED_CURVE()
B_SPLINE_CURVE(1,(#2344,#2345),.UNSPECIFIED.,.F.,.F.)
B_SPLINE_CURVE_WITH_KNOTS((2,2),(0.000,1.000),.UNSPECIFIED.)
CURVE()
GEOMETRIC_REPRESENTATION_ITEM()
RATIONAL_B_SPLINE_CURVE((1.0000000000,1.0000000000))
REPRESENTATION_ITEM('')
);
#2344=CARTESIAN_POINT('',(5.4565167643,-14.9852059731,0.0000000000));
#2345=CARTESIAN_POINT('',(5.4840348962,-14.9209858970,0.0000000000));

#2346=(
BOUNDED_CURVE()
B_SPLINE_CURVE(1,(#2347,#2348),.UNSPECIFIED.,.F.,.F.)
B_SPLINE_CURVE_WITH_KNOTS((2,2),(0.000,1.000),.UNSPECIFIED.)
CURVE()
GEOMETRIC_REPRESENTATION_ITEM()
RATIONAL_B_SPLINE_CURVE((1.0000000000,1.0000000000))
REPRESENTATION_ITEM('')
);
#2347=CARTESIAN_POINT('',(5.4840348962,-14.9209858970,0.0000000000));
#2348=CARTESIAN_POINT('',(5.4966994351,-14.9067561006,0.0000000000));

#2349=(
BOUNDED_CURVE()
B_SPLINE_CURVE(1,(#2350,#2351),.UNSPECIFIED.,.F.,.F.)
B_SPLINE_CURVE_WITH_KNOTS((2,2),(0.000,1.000),.UNSPECIFIED.)
CURVE()
GEOMETRIC_REPRESENTATION_ITEM()
RATIONAL_B_SPLINE_CURVE((1.0000000000,1.0000000000))
REPRESENTATION_ITEM('')
);
#2350=CARTESIAN_POINT('',(5.4966994351,-14.9067561006,0.0000000000));
#2351=CARTESIAN_POINT('',(5.5120901885,-14.8960106613,0.0000000000));

#2352=(
BOUNDED_CURVE()
B_SPLINE_CURVE(1,(#2353,#2354),.UNSPECIFIED.,.F.,.F.)
B_SPLINE_CURVE_WITH_KNOTS((2,2),(0.000,1.000),.UNSPECIFIED.)
CURVE()
GEOMETRIC_REPRESENTATION_ITEM()
RATIONAL_B_SPLINE_CURVE((1.0000000000,1.0000000000))
REPRESENTATION_ITEM('')
);
#2353=CARTESIAN_POINT('',(5.5120901885,-14.8960106613,0.0000000000));
#2354=CARTESIAN_POINT('',(5.5293837199,-14.8893244820,0.0000000000));

#2355=(
BOUNDED_CURVE()
B_SPLINE_CURVE(1,(#2356,#2357),.UNSPECIFIED.,.F.,.F.)
B_SPLINE_CURVE_WITH_KNOTS((2,2),(0.000,1.000),.UNSPECIFIED.)
CURVE()
GEOMETRIC_REPRESENTATION_ITEM()
RATIONAL_B_SPLINE_CURVE((1.0000000000,1.0000000000))
REPRESENTATION_ITEM('')
);
#2356=CARTESIAN_POINT('',(5.5293837199,-14.8893244820,0.0000000000));
#2357=CARTESIAN_POINT('',(5.5476547906,-14.8870552867,0.0000000000));

#2358=(
BOUNDED_CURVE()
B_SPLINE_CURVE(1,(#2359,#2360),.UNSPECIFIED.,.F.,.F.)
B_SPLINE_CURVE_WITH_KNOTS((2,2),(0.000,1.000),.UNSPECIFIED.)
CURVE()
GEOMETRIC_REPRESENTATION_ITEM()
RATIONAL_B_SPLINE_CURVE((1.0000000000,1.0000000000))
REPRESENTATION_ITEM('')
);
#2359=CARTESIAN_POINT('',(5.5476547906,-14.8870552867,0.0000000000));
#2360=CARTESIAN_POINT('',(5.5659258613,-14.8893244820,0.0000000000));

#2361=(
BOUNDED_CURVE()
B_SPLINE_CURVE(1,(#2362,#2363),.UNSPECIFIED.,.F.,.F.)
B_SPLINE_CURVE_WITH_KNOTS((2,2),(0.000,1.000),.UNSPECIFIED.)
CURVE()
GEOMETRIC_REPRESENTATION_ITEM()
RATIONAL_B_SPLINE_CURVE((1.0000000000,1.0000000000))
REPRESENTATION_ITEM('')
);
#2362=CARTESIAN_POINT('',(5.5659258613,-14.8893244820,0.0000000000));
#2363=CARTESIAN_POINT('',(5.5832193927,-14.8960106613,0.0000000000));

#2364=(
BOUNDED_CURVE()
B_SPLINE_CURVE(1,(#2365,#2366),.UNSPECIFIED.,.F.,.F.)
B_SPLINE_CURVE_WITH_KNOTS((2,2),(0.000,1.000),.UNSPECIFIED.)
CURVE()
GEOMETRIC_REPRESENTATION_ITEM()
RATIONAL_B_SPLINE_CURVE((1.0000000000,1.0000000000))
REPRESENTATION_ITEM('')
);
#2365=CARTESIAN_POINT('',(5.5832193927,-14.8960106613,0.0000000000));
#2366=CARTESIAN_POINT('',(5.5986101461,-14.9067561006,0.0000000000));

#2367=(
BOUNDED_CURVE()
B_SPLINE_CURVE(1,(#2368,#2369),.UNSPECIFIED.,.F.,.F.)
B_SPLINE_CURVE_WITH_KNOTS((2,2),(0.000,1.000),.UNSPECIFIED.)
CURVE()
GEOMETRIC_REPRESENTATION_ITEM()
RATIONAL_B_SPLINE_CURVE((1.0000000000,1.0000000000))
REPRESENTATION_ITEM('')
);
#2368=CARTESIAN_POINT('',(5.5986101461,-14.9067561006,0.0000000000));
#2369=CARTESIAN_POINT('',(5.6112746850,-14.9209858970,0.0000000000));

#2370=(
BOUNDED_CURVE()
B_SPLINE_CURVE(1,(#2371,#2372),.UNSPECIFIED.,.F.,.F.)
B_SPLINE_CURVE_WITH_KNOTS((2,2),(0.000,1.000),.UNSPECIFIED.)
CURVE()
GEOMETRIC_REPRESENTATION_ITEM()
RATIONAL_B_SPLINE_CURVE((1.0000000000,1.0000000000))
REPRESENTATION_ITEM('')
);
#2371=CARTESIAN_POINT('',(4.6442522903,13.0745951844,0.0000000000));
#2372=CARTESIAN_POINT('',(4.6717704222,13.0157267813,0.0000000000));

#2373=(
BOUNDED_CURVE()
B_SPLINE_CURVE(1,(#2374,#2375),.UNSPECIFIED.,.F.,.F.)
B_SPLINE_CURVE_WITH_KNOTS((2,2),(0.000,1.000),.UNSPECIFIED.)
CURVE()
GEOMETRIC_REPRESENTATION_ITEM()
RATIONAL_B_SPLINE_CURVE((1.0000000000,1.0000000000))
REPRESENTATION_ITEM('')
);
#2374=CARTESIAN_POINT('',(4.6717704222,13.0157267813,0.0000000000));
#2375=CARTESIAN_POINT('',(4.6917261713,12.9540119081,0.0000000000));

#2376=(
BOUNDED_CURVE()
B_SPLINE_CURVE(1,(#2377,#2378),.UNSPECIFIED.,.F.,.F.)
B_SPLINE_CURVE_WITH_KNOTS((2,2),(0.000,1.000),.UNSPECIFIED.)
CURVE()
GEOMETRIC_REPRESENTATION_ITEM()
RATIONAL_B_SPLINE_CURVE((1.0000000000,1.0000000000))
REPRESENTATION_ITEM('')
);
#2377=CARTESIAN_POINT('',(4.6917261713,12.9540119081,0.0000000000));
#2378=CARTESIAN_POINT('',(4.7038205028,12.8903753550,0.0000000000));

#2379=(
BOUNDED_CURVE()
B_SPLINE_CURVE(1,(#2380,#2381),.UNSPECIFIED.,.F.,.F.)
B_SPLINE_CURVE_WITH_KNOTS((2,2),(0.000,1.000),.UNSPECIFIED.)
CURVE()
GEOMETRIC_REPRESENTATION_ITEM()
RATIONAL_B_SPLINE_CURVE((1.0000000000,1.0000000000))
REPRESENTATION_ITEM('')
);
#2380=CARTESIAN_POINT('',(4.7038205028,12.8903753550,0.0000000000));
#2381=CARTESIAN_POINT('',(4.7078721847,12.8257707085,0.0000000000));

#2382=(
BOUNDED_CURVE()
B_SPLINE_CURVE(1,(#2383,#2384),.UNSPECIFIED.,.F.,.F.)
B_SPLINE_CURVE_WITH_KNOTS((2,2),(0.000,1.000),.UNSPECIFIED.)
CURVE()
GEOMETRIC_REPRESENTATION_ITEM()
RATIONAL_B_SPLINE_CURVE((1.0000000000,1.0000000000))
REPRESENTATION_ITEM('')
);
#2383=CARTESIAN_POINT('',(4.7078721847,12.8257707085,0.0000000000));
#2384=CARTESIAN_POINT('',(4.7038205028,12.7611660621,0.0000000000));

#2385=(
BOUNDED_CURVE()
B_SPLINE_CURVE(1,(#2386,#2387),.UNSPECIFIED.,.F.,.F.)
B_SPLINE_CURVE_WITH_KNOTS((2,2),(0.000,1.000),.UNSPECIFIED.)
CURVE()
GEOMETRIC_REPRESENTATION_ITEM()
RATIONAL_B_SPLINE_CURVE((1.0000000000,1.0000000000))
REPRESENTATION_ITEM('')
);
#2386=CARTESIAN_POINT('',(4.7038205028,12.7611660621,0.0000000000));
#2387=CARTESIAN_POINT('',(4.6917261713,12.6975295090,0.0000000000));

#2388=(
BOUNDED_CURVE()
B_SPLINE_CURVE(1,(#2389,#2390),.UNSPECIFIED.,.F.,.F.)
B_SPLINE_CURVE_WITH_KNOTS((2,2),(0.000,1.000),.UNSPECIFIED.)
CURVE()
GEOMETRIC_REPRESENTATION_ITEM()
RATIONAL_B_SPLINE_CURVE((1.0000000000,1.0000000000))
REPRESENTATION_ITEM('')
);
#2389=CARTESIAN_POINT('',(4.6917261713,12.6975295090,0.0000000000));
#2390=CARTESIAN_POINT('',(4.6717704222,12.6358146358,0.0000000000));

#2391=(
BOUNDED_CURVE()
B_SPLINE_CURVE(1,(#2392,#2393),.UNSPECIFIED.,.F.,.F.)
B_SPLINE_CURVE_WITH_KNOTS((2,2),(0.000,1.000),.UNSPECIFIED.)
CURVE()
GEOMETRIC_REPRESENTATION_ITEM()
RATIONAL_B_SPLINE_CURVE((1.0000000000,1.0000000000))
REPRESENTATION_ITEM('')
);
#2392=CARTESIAN_POINT('',(4.6717704222,12.6358146358,0.0000000000));
#2393=CARTESIAN_POINT('',(4.6442522903,12.5769462327,0.0000000000));

#2394=(
BOUNDED_CURVE()
B_SPLINE_CURVE(1,(#2395,#2396),.UNSPECIFIED.,.F.,.F.)
B_SPLINE_CURVE_WITH_KNOTS((2,2),(0.000,1.000),.UNSPECIFIED.)
CURVE()
GEOMETRIC_REPRESENTATION_ITEM()
RATIONAL_B_SPLINE_CURVE((1.0000000000,1.0000000000))
REPRESENTATION_ITEM('')
);
#2395=CARTESIAN_POINT('',(4.6442522903,12.5769462327,0.0000000000));
#2396=CARTESIAN_POINT('',(4.6315877514,12.5639022526,0.0000000000));

#2397=(
BOUNDED_CURVE()
B_SPLINE_CURVE(1,(#2398,#2399),.UNSPECIFIED.,.F.,.F.)
B_SPLINE_CURVE_WITH_KNOTS((2,2),(0.000,1.000),.UNSPECIFIED.)
CURVE()
GEOMETRIC_REPRESENTATION_ITEM()
RATIONAL_B_SPLINE_CURVE((1.0000000000,1.0000000000))
REPRESENTATION_ITEM('')
);
#2398=CARTESIAN_POINT('',(4.6315877514,12.5639022526,0.0000000000));
#2399=CARTESIAN_POINT('',(4.6161969981,12.5540522666,0.0000000000));

#2400=(
BOUNDED_CURVE()
B_SPLINE_CURVE(1,(#2401,#2402),.UNSPECIFIED.,.F.,.F.)
B_SPLINE_CURVE_WITH_KNOTS((2,2),(0.000,1.000),.UNSPECIFIED.)
CURVE()
GEOMETRIC_REPRESENTATION_ITEM()
RATIONAL_B_SPLINE_CURVE((1.0000000000,1.0000000000))
REPRESENTATION_ITEM('')
);
#2401=CARTESIAN_POINT('',(4.6161969981,12.5540522666,0.0000000000));
#2402=CARTESIAN_POINT('',(4.5989034666,12.5479232689,0.0000000000));

#2403=(
BOUNDED_CURVE()
B_SPLINE_CURVE(1,(#2404,#2405),.UNSPECIFIED.,.F.,.F.)
B_SPLINE_CURVE_WITH_KNOTS((2,2),(0.000,1.000),.UNSPECIFIED.)
CURVE()
GEOMETRIC_REPRESENTATION_ITEM()
RATIONAL_B_SPLINE_CURVE((1.0000000000,1.0000000000))
REPRESENTATION_ITEM('')
);
#2404=CARTESIAN_POINT('',(4.5989034666,12.5479232689,0.0000000000));
#2405=CARTESIAN_POINT('',(4.5806323959,12.5458431732,0.0000000000));

#2406=(
BOUNDED_CURVE()
B_SPLINE_CURVE(1,(#2407,#2408),.UNSPECIFIED.,.F.,.F.)
B_SPLINE_CURVE_WITH_KNOTS((2,2),(0.000,1.000),.UNSPECIFIED.)
CURVE()
GEOMETRIC_REPRESENTATION_ITEM()
RATIONAL_B_SPLINE_CURVE((1.0000000000,1.0000000000))
REPRESENTATION_ITEM('')
);
#2407=CARTESIAN_POINT('',(4.5806323959,12.5458431732,0.0000000000));
#2408=CARTESIAN_POINT('',(4.5623613252,12.5479232689,0.0000000000));

#2409=(
BOUNDED_CURVE()
B_SPLINE_CURVE(1,(#2410,#2411),.UNSPECIFIED.,.F.,.F.)
B_SPLINE_CURVE_WITH_KNOTS((2,2),(0.000,1.000),.UNSPECIFIED.)
CURVE()
GEOMETRIC_REPRESENTATION_ITEM()
RATIONAL_B_SPLINE_CURVE((1.0000000000,1.0000000000))
REPRESENTATION_ITEM('')
);
#2410=CARTESIAN_POINT('',(4.5623613252,12.5479232689,0.0000000000));
#2411=CARTESIAN_POINT('',(4.5450677938,12.5540522666,0.0000000000));

#2412=(
BOUNDED_CURVE()
B_SPLINE_CURVE(1,(#2413,#2414),.UNSPECIFIED.,.F.,.F.)
B_SPLINE_CURVE_WITH_KNOTS((2,2),(0.000,1.000),.UNSPECIFIED.)
CURVE()
GEOMETRIC_REPRESENTATION_ITEM()
RATIONAL_B_SPLINE_CURVE((1.0000000000,1.0000000000))
REPRESENTATION_ITEM('')
);
#2413=CARTESIAN_POINT('',(4.5450677938,12.5540522666,0.0000000000));
#2414=CARTESIAN_POINT('',(4.5296770404,12.5639022526,0.0000000000));

#2415=(
BOUNDED_CURVE()
B_SPLINE_CURVE(1,(#2416,#2417),.UNSPECIFIED.,.F.,.F.)
B_SPLINE_CURVE_WITH_KNOTS((2,2),(0.000,1.000),.UNSPECIFIED.)
CURVE()
GEOMETRIC_REPRESENTATION_ITEM()
RATIONAL_B_SPLINE_CURVE((1.0000000000,1.0000000000))
REPRESENTATION_ITEM('')
);
#2416=CARTESIAN_POINT('',(4.5296770404,12.5639022526,0.0000000000));
#2417=CARTESIAN_POINT('',(4.5170125015,12.5769462327,0.0000000000));

#2418=(
BOUNDED_CURVE()
B_SPLINE_CURVE(1,(#2419,#2420),.UNSPECIFIED.,.F.,.F.)
B_SPLINE_CURVE_WITH_KNOTS((2,2),(0.000,1.000),.UNSPECIFIED.)
CURVE()
GEOMETRIC_REPRESENTATION_ITEM()
RATIONAL_B_SPLINE_CURVE((1.0000000000,1.0000000000))
REPRESENTATION_ITEM('')
);
#2419=CARTESIAN_POINT('',(4.5170125015,12.5769462327,0.0000000000));
#2420=CARTESIAN_POINT('',(4.4894943696,12.6358146358,0.0000000000));

#2421=(
BOUNDED_CURVE()
B_SPLINE_CURVE(1,(#2422,#2423),.UNSPECIFIED.,.F.,.F.)
B_SPLINE_CURVE_WITH_KNOTS((2,2),(0.000,1.000),.UNSPECIFIED.)
CURVE()
GEOMETRIC_REPRESENTATION_ITEM()
RATIONAL_B_SPLINE_CURVE((1.0000000000,1.0000000000))
REPRESENTATION_ITEM('')
);
#2422=CARTESIAN_POINT('',(4.4894943696,12.6358146358,0.0000000000));
#2423=CARTESIAN_POINT('',(4.4695386205,12.6975295090,0.0000000000));

#2424=(
BOUNDED_CURVE()
B_SPLINE_CURVE(1,(#2425,#2426),.UNSPECIFIED.,.F.,.F.)
B_SPLINE_CURVE_WITH_KNOTS((2,2),(0.000,1.000),.UNSPECIFIED.)
CURVE()
GEOMETRIC_REPRESENTATION_ITEM()
RATIONAL_B_SPLINE_CURVE((1.0000000000,1.0000000000))
REPRESENTATION_ITEM('')
);
#2425=CARTESIAN_POINT('',(4.4695386205,12.6975295090,0.0000000000));
#2426=CARTESIAN_POINT('',(4.4574442890,12.7611660621,0.0000000000));

#2427=(
BOUNDED_CURVE()
B_SPLINE_CURVE(1,(#2428,#2429),.UNSPECIFIED.,.F.,.F.)
B_SPLINE_CURVE_WITH_KNOTS((2,2),(0.000,1.000),.UNSPECIFIED.)
CURVE()
GEOMETRIC_REPRESENTATION_ITEM()
RATIONAL_B_SPLINE_CURVE((1.0000000000,1.0000000000))
REPRESENTATION_ITEM('')
);
#2428=CARTESIAN_POINT('',(4.4574442890,12.7611660621,0.0000000000));
#2429=CARTESIAN_POINT('',(4.4533926071,12.8257707085,0.0000000000));

#2430=(
BOUNDED_CURVE()
B_SPLINE_CURVE(1,(#2431,#2432),.UNSPECIFIED.,.F.,.F.)
B_SPLINE_CURVE_WITH_KNOTS((2,2),(0.000,1.000),.UNSPECIFIED.)
CURVE()
GEOMETRIC_REPRESENTATION_ITEM()
RATIONAL_B_SPLINE_CURVE((1.0000000000,1.0000000000))
REPRESENTATION_ITEM('')
);
#2431=CARTESIAN_POINT('',(4.4533926071,12.8257707085,0.0000000000));
#2432=CARTESIAN_POINT('',(4.4574442890,12.8903753550,0.0000000000));

#2433=(
BOUNDED_CURVE()
B_SPLINE_CURVE(1,(#2434,#2435),.UNSPECIFIED.,.F.,.F.)
B_SPLINE_CURVE_WITH_KNOTS((2,2),(0.000,1.000),.UNSPECIFIED.)
CURVE()
GEOMETRIC_REPRESENTATION_ITEM()
RATIONAL_B_SPLINE_CURVE((1.0000000000,1.0000000000))
REPRESENTATION_ITEM('')
);
#2434=CARTESIAN_POINT('',(4.4574442890,12.8903753550,0.0000000000));
#2435=CARTESIAN_POINT('',(4.4695386205,12.9540119081,0.0000000000));

#2436=(
BOUNDED_CURVE()
B_SPLINE_CURVE(1,(#2437,#2438),.UNSPECIFIED.,.F.,.F.)
B_SPLINE_CURVE_WITH_KNOTS((2,2),(0.000,1.000),.UNSPECIFIED.)
CURVE()
GEOMETRIC_REPRESENTATION_ITEM()
RATIONAL_B_SPLINE_CURVE((1.0000000000,1.0000000000))
REPRESENTATION_ITEM('')
);
#2437=CARTESIAN_POINT('',(4.4695386205,12.9540119081,0.0000000000));
#2438=CARTESIAN_POINT('',(4.4894943696,13.0157267813,0.0000000000));

#2439=(
BOUNDED_CURVE()
B_SPLINE_CURVE(1,(#2440,#2441),.UNSPECIFIED.,.F.,.F.)
B_SPLINE_CURVE_WITH_KNOTS((2,2),(0.000,1.000),.UNSPECIFIED.)
CURVE()
GEOMETRIC_REPRESENTATION_ITEM()
RATIONAL_B_SPLINE_CURVE((1.0000000000,1.0000000000))
REPRESENTATION_ITEM('')
);
#2440=CARTESIAN_POINT('',(4.4894943696,13.0157267813,0.0000000000));
#2441=CARTESIAN_POINT('',(4.5170125015,13.0745951844,0.0000000000));

#2442=(
BOUNDED_CURVE()
B_SPLINE_CURVE(1,(#2443,#2444),.UNSPECIFIED.,.F.,.F.)
B_SPLINE_CURVE_WITH_KNOTS((2,2),(0.000,1.000),.UNSPECIFIED.)
CURVE()
GEOMETRIC_REPRESENTATION_ITEM()
RATIONAL_B_SPLINE_CURVE((1.0000000000,1.0000000000))
REPRESENTATION_ITEM('')
);
#2443=CARTESIAN_POINT('',(4.5170125015,13.0745951844,0.0000000000));
#2444=CARTESIAN_POINT('',(4.5296770404,13.0876391645,0.0000000000));

#2445=(
BOUNDED_CURVE()
B_SPLINE_CURVE(1,(#2446,#2447),.UNSPECIFIED.,.F.,.F.)
B_SPLINE_CURVE_WITH_KNOTS((2,2),(0.000,1.000),.UNSPECIFIED.)
CURVE()
GEOMETRIC_REPRESENTATION_ITEM()
RATIONAL_B_SPLINE_CURVE((1.0000000000,1.0000000000))
REPRESENTATION_ITEM('')
);
#2446=CARTESIAN_POINT('',(4.5296770404,13.0876391645,0.0000000000));
#2447=CARTESIAN_POINT('',(4.5450677938,13.0974891505,0.0000000000));

#2448=(
BOUNDED_CURVE()
B_SPLINE_CURVE(1,(#2449,#2450),.UNSPECIFIED.,.F.,.F.)
B_SPLINE_CURVE_WITH_KNOTS((2,2),(0.000,1.000),.UNSPECIFIED.)
CURVE()
GEOMETRIC_REPRESENTATION_ITEM()
RATIONAL_B_SPLINE_CURVE((1.0000000000,1.0000000000))
REPRESENTATION_ITEM('')
);
#2449=CARTESIAN_POINT('',(4.5450677938,13.0974891505,0.0000000000));
#2450=CARTESIAN_POINT('',(4.5623613252,13.1036181482,0.0000000000));

#2451=(
BOUNDED_CURVE()
B_SPLINE_CURVE(1,(#2452,#2453),.UNSPECIFIED.,.F.,.F.)
B_SPLINE_CURVE_WITH_KNOTS((2,2),(0.000,1.000),.UNSPECIFIED.)
CURVE()
GEOMETRIC_REPRESENTATION_ITEM()
RATIONAL_B_SPLINE_CURVE((1.0000000000,1.0000000000))
REPRESENTATION_ITEM('')
);
#2452=CARTESIAN_POINT('',(4.5623613252,13.1036181482,0.0000000000));
#2453=CARTESIAN_POINT('',(4.5806323959,13.1056982439,0.0000000000));

#2454=(
BOUNDED_CURVE()
B_SPLINE_CURVE(1,(#2455,#2456),.UNSPECIFIED.,.F.,.F.)
B_SPLINE_CURVE_WITH_KNOTS((2,2),(0.000,1.000),.UNSPECIFIED.)
CURVE()
GEOMETRIC_REPRESENTATION_ITEM()
RATIONAL_B_SPLINE_CURVE((1.0000000000,1.0000000000))
REPRESENTATION_ITEM('')
);
#2455=CARTESIAN_POINT('',(4.5806323959,13.1056982439,0.0000000000));
#2456=CARTESIAN_POINT('',(4.5989034666,13.1036181482,0.0000000000));

#2457=(
BOUNDED_CURVE()
B_SPLINE_CURVE(1,(#2458,#2459),.UNSPECIFIED.,.F.,.F.)
B_SPLINE_CURVE_WITH_KNOTS((2,2),(0.000,1.000),.UNSPECIFIED.)
CURVE()
GEOMETRIC_REPRESENTATION_ITEM()
RATIONAL_B_SPLINE_CURVE((1.0000000000,1.0000000000))
REPRESENTATION_ITEM('')
);
#2458=CARTESIAN_POINT('',(4.5989034666,13.1036181482,0.0000000000));
#2459=CARTESIAN_POINT('',(4.6161969981,13.0974891505,0.0000000000));

#2460=(
BOUNDED_CURVE()
B_SPLINE_CURVE(1,(#2461,#2462),.UNSPECIFIED.,.F.,.F.)
B_SPLINE_CURVE_WITH_KNOTS((2,2),(0.000,1.000),.UNSPECIFIED.)
CURVE()
GEOMETRIC_REPRESENTATION_ITEM()
RATIONAL_B_SPLINE_CURVE((1.0000000000,1.0000000000))
REPRESENTATION_ITEM('')
);
#2461=CARTESIAN_POINT('',(4.6161969981,13.0974891505,0.0000000000));
#2462=CARTESIAN_POINT('',(4.6315877514,13.0876391645,0.0000000000));

#2463=(
BOUNDED_CURVE()
B_SPLINE_CURVE(1,(#2464,#2465),.UNSPECIFIED.,.F.,.F.)
B_SPLINE_CURVE_WITH_KNOTS((2,2),(0.000,1.000),.UNSPECIFIED.)
CURVE()
GEOMETRIC_REPRESENTATION_ITEM()
RATIONAL_B_SPLINE_CURVE((1.0000000000,1.0000000000))
REPRESENTATION_ITEM('')
);
#2464=CARTESIAN_POINT('',(4.6315877514,13.0876391645,0.0000000000));
#2465=CARTESIAN_POINT('',(4.6442522903,13.0745951844,0.0000000000));

#2466=GEOMETRIC_CURVE_SET('curves',(#200,#204,#208,#212,#216,#220,#224,#228,#232,#236,#240,#244,#248,#251,#254,#257,#260,#263,#266,#269,#272,#275,#278,#281,#284,#287,#290,#293,#296,#299,#302,#305,#308,#311,#314,#317,#320,#323,#326,#329,#332,#335,#338,#341,#344,#347,#350,#353,#356,#359,#362,#365,#368,#371,#374,#377,#380,#383,#386,#389,#392,#395,#398,#401,#404,#407,#410,#413,#416,#419,#422,#425,#428,#431,#434,#437,#440,#443,#446,#449,#452,#455,#458,#461,#464,#467,#470,#473,#476,#479,#482,#485,#488,#491,#494,#497,#500,#503,#506,#509,#512,#515,#518,#521,#524,#527,#530,#533,#536,#539,#542,#545,#548,#551,#554,#557,#560,#563,#566,#569,#572,#575,#578,#581,#584,#587,#590,#593,#596,#599,#602,#605,#608,#611,#614,#617,#620,#623,#626,#629,#632,#635,#638,#641,#644,#647,#650,#653,#656,#659,#662,#665,#668,#671,#674,#677,#680,#683,#686,#689,#692,#695,#698,#701,#704,#707,#710,#713,#716,#719,#722,#725,#728,#731,#734,#737,#740,#743,#746,#749,#752,#755,#758,#761,#764,#767,#770,#773,#776,#779,#782,#785,#788,#791,#794,#797,#800,#803,#806,#809,#812,#815,#818,#821,#824,#827,#830,#833,#836,#839,#842,#845,#848,#851,#854,#857,#860,#863,#866,#869,#872,#875,#878,#881,#884,#887,#890,#893,#896,#899,#902,#905,#908,#911,#914,#917,#920,#923,#926,#929,#932,#935,#938,#941,#944,#947,#950,#953,#956,#959,#962,#965,#968,#971,#974,#977,#980,#983,#986,#989,#992,#995,#998,#1001,#1004,#1007,#1010,#1013,#1016,#1019,#1022,#1025,#1028,#1031,#1034,#1037,#1040,#1043,#1046,#1049,#1052,#1055,#1058,#1061,#1064,#1067,#1070,#1073,#1076,#1079,#1082,#1085,#1088,#1091,#1094,#1097,#1100,#1103,#1106,#1109,#1112,#1115,#1118,#1121,#1124,#1127,#1130,#1133,#1136,#1139,#1142,#1145,#1148,#1151,#1154,#1157,#1160,#1163,#1166,#1169,#1172,#1175,#1178,#1181,#1184,#1187,#1190,#1193,#1196,#1199,#1202,#1205,#1208,#1211,#1214,#1217,#1220,#1223,#1226,#1229,#1232,#1235,#1238,#1241,#1244,#1247,#1250,#1253,#1256,#1259,#1262,#1265,#1268,#1271,#1274,#1277,#1280,#1283,#1286,#1289,#1292,#1295,#1298,#1301,#1304,#1307,#1310,#1313,#1316,#1319,#1322,#1325,#1328,#1331,#1334,#1337,#1340,#1343,#1346,#1349,#1352,#1355,#1358,#1361,#1364,#1367,#1370,#1373,#1376,#1379,#1382,#1385,#1388,#1391,#1394,#1397,#1400,#1403,#1406,#1409,#1412,#1415,#1418,#1421,#1424,#1427,#1430,#1433,#1436,#1439,#1442,#1445,#1448,#1451,#1454,#1457,#1460,#1463,#1466,#1469,#1472,#1475,#1478,#1481,#1484,#1487,#1490,#1493,#1496,#1499,#1502,#1505,#1508,#1511,#1514,#1517,#1520,#1523,#1526,#1529,#1532,#1535,#1538,#1541,#1544,#1547,#1550,#1553,#1556,#1559,#1562,#1565,#1568,#1571,#1574,#1577,#1580,#1583,#1586,#1589,#1592,#1595,#1598,#1601,#1604,#1607,#1610,#1613,#1616,#1619,#1622,#1625,#1628,#1631,#1634,#1637,#1640,#1643,#1646,#1649,#1652,#1655,#1658,#1661,#1664,#1667,#1670,#1673,#1676,#1679,#1682,#1685,#1688,#1691,#1694,#1697,#1700,#1703,#1706,#1709,#1712,#1715,#1718,#1721,#1724,#1727,#1730,#1733,#1736,#1739,#1742,#1745,#1748,#1751,#1754,#1757,#1760,#1763,#1766,#1769,#1772,#1775,#1778,#1781,#1784,#1787,#1790,#1793,#1796,#1799,#1802,#1805,#1808,#1811,#1814,#1817,#1820,#1823,#1826,#1829,#1832,#1835,#1838,#1841,#1844,#1847,#1850,#1853,#1856,#1859,#1862,#1865,#1868,#1871,#1874,#1877,#1880,#1883,#1886,#1889,#1892,#1895,#1898,#1901,#1904,#1907,#1910,#1913,#1916,#1919,#1922,#1925,#1928,#1931,#1934,#1937,#1940,#1943,#1946,#1949,#1952,#1955,#1958,#1961,#1964,#1967,#1970,#1973,#1976,#1979,#1982,#1985,#1988,#1991,#1994,#1997,#2000,#2003,#2006,#2009,#2012,#2015,#2018,#2021,#2024,#2027,#2030,#2033,#2036,#2039,#2042,#2045,#2048,#2051,#2054,#2057,#2060,#2063,#2066,#2069,#2072,#2075,#2078,#2081,#2084,#2087,#2090,#2093,#2096,#2099,#2102,#2105,#2108,#2111,#2114,#2117,#2120,#2123,#2126,#2129,#2132,#2135,#2138,#2141,#2144,#2147,#2150,#2153,#2156,#2159,#2162,#2165,#2168,#2171,#2174,#2177,#2180,#2183,#2186,#2189,#2192,#2195,#2198,#2201,#2204,#2207,#2210,#2213,#2216,#2219,#2222,#2225,#2228,#2231,#2234,#2237,#2240,#2243,#2246,#2250,#2254,#2258,#2262,#2265,#2268,#2271,#2274,#2277,#2280,#2283,#2286,#2289,#2292,#2295,#2298,#2301,#2304,#2307,#2310,#2313,#2316,#2319,#2322,#2325,#2328,#2331,#2334,#2337,#2340,#2343,#2346,#2349,#2352,#2355,#2358,#2361,#2364,#2367,#2370,#2373,#2376,#2379,#2382,#2385,#2388,#2391,#2394,#2397,#2400,#2403,#2406,#2409,#2412,#2415,#2418,#2421,#2424,#2427,#2430,#2433,#2436,#2439,#2442,#2445,#2448,#2451,#2454,#2457,#2460,#2463));
#2467=GEOMETRICALLY_BOUNDED_WIREFRAME_SHAPE_REPRESENTATION('',(#2466,#170),#168);
#2468=SHAPE_REPRESENTATION_RELATIONSHIP($,$,#169,#2467);

ENDSEC;

END-ISO-10303-21;
